transaction_id,employee_id,employee_name,date,vendor,category,amount,manager_name,department,payment_method,location,synthetic_anomaly
TX000001,EMP004,Ishita,2026-01-30,CloudWorks,Software,20613.83,Manager A,Operations,Bank Transfer,Mumbai,False
TX000002,EMP005,Rohan,2026-07-25,OfficeMart,Software,17724.98,Manager A,Operations,UPI,Bengaluru,False
TX000003,EMP003,Kabir,2026-08-18,TravelDesk,Equipment,21267.53,Manager B,Operations,Bank Transfer,Bengaluru,False
TX000004,EMP003,Kabir,2026-01-05,OfficeMart,Equipment,15304.59,Manager B,Engineering,UPI,Mumbai,False
TX000005,EMP005,Rohan,2026-02-13,CloudWorks,Office,14550.45,Manager B,Engineering,UPI,Mumbai,False
TX000006,EMP002,Meera,2026-03-14,EquipHub,Software,14963.3,Manager B,Operations,Card,Varanasi,False
TX000007,EMP004,Ishita,2026-03-11,TechSupply,Equipment,21688.48,Manager B,Engineering,UPI,Delhi,False
TX000008,EMP001,Aarav,2026-02-20,TravelDesk,Travel,25517.78,Manager B,Engineering,Bank Transfer,Mumbai,False
TX000009,EMP002,Meera,2026-08-07,TravelDesk,Equipment,14859.59,Manager A,Operations,Card,Mumbai,False
TX000010,EMP005,Rohan,2026-08-23,TravelDesk,Travel,18733.54,Manager A,Operations,Bank Transfer,Delhi,False
TX000011,EMP001,Aarav,2026-06-23,EquipHub,Software,14735.73,Manager A,Operations,UPI,Delhi,False
TX000012,EMP005,Rohan,2026-06-19,TravelDesk,Software,22375.53,Manager B,Finance,Bank Transfer,Delhi,False
TX000013,EMP002,Meera,2026-04-12,CloudWorks,Software,32046.83,Manager B,Operations,Card,Varanasi,False
TX000014,EMP001,Aarav,2026-02-26,OfficeMart,Software,20402.5,Manager B,Engineering,UPI,Bengaluru,False
TX000015,EMP005,Rohan,2026-01-29,TravelDesk,Software,26414.91,Manager A,Engineering,Bank Transfer,Mumbai,False
TX000016,EMP002,Meera,2026-01-12,TechSupply,Equipment,21316.0,Manager B,Operations,Card,Varanasi,False
TX000017,EMP001,Aarav,2026-06-12,TechSupply,Travel,26443.25,Manager B,Engineering,Card,Varanasi,False
TX000018,EMP005,Rohan,2026-02-25,OfficeMart,Equipment,23655.52,Manager B,Engineering,Bank Transfer,Delhi,False
TX000019,EMP004,Ishita,2026-06-22,OfficeMart,Software,23209.4,Manager B,Operations,Bank Transfer,Bengaluru,False
TX000020,EMP002,Meera,2026-08-05,CloudWorks,Software,298554.91002677055,Manager B,Operations,Card,Bengaluru,True
TX000021,EMP002,Meera,2026-01-30,OfficeMart,Equipment,20792.0,Manager B,Operations,Bank Transfer,Mumbai,False
TX000022,EMP004,Ishita,2026-06-18,EquipHub,Office,12410.5,Manager A,Finance,UPI,Mumbai,False
TX000023,EMP002,Meera,2026-04-22,TechSupply,Travel,15185.72,Manager B,Operations,Card,Delhi,False
TX000024,EMP005,Rohan,2026-05-29,EquipHub,Equipment,27455.13,Manager B,Finance,Bank Transfer,Bengaluru,False
TX000025,EMP005,Rohan,2026-04-25,CloudWorks,Office,28794.22,Manager A,Finance,Bank Transfer,Mumbai,False
TX000026,EMP004,Ishita,2026-08-18,TechSupply,Equipment,20747.06,Manager B,Operations,Bank Transfer,Varanasi,False
TX000027,EMP001,Aarav,2026-02-15,OfficeMart,Software,23338.92,Manager A,Finance,UPI,Mumbai,False
TX000028,EMP003,Kabir,2026-07-28,EquipHub,Travel,21302.27,Manager B,Operations,Bank Transfer,Mumbai,False
TX000029,EMP004,Ishita,2026-08-27,TravelDesk,Software,30668.59,Manager A,Operations,Bank Transfer,Delhi,False
TX000030,EMP004,Ishita,2026-07-26,CloudWorks,Travel,15083.1,Manager A,Engineering,UPI,Delhi,False
TX000031,EMP002,Meera,2026-05-27,OfficeMart,Software,13547.98,Manager B,Finance,UPI,Delhi,False
TX000032,EMP003,Kabir,2026-01-25,OfficeMart,Travel,19261.0,Manager B,Finance,UPI,Varanasi,False
TX000033,EMP002,Meera,2026-06-14,TravelDesk,Office,18421.26,Manager B,Finance,Card,Delhi,False
TX000034,EMP001,Aarav,2026-07-15,CloudWorks,Travel,18411.27,Manager B,Finance,UPI,Bengaluru,False
TX000035,EMP004,Ishita,2026-03-10,TravelDesk,Office,22395.93,Manager A,Operations,Bank Transfer,Varanasi,False
TX000036,EMP004,Ishita,2026-08-23,CloudWorks,Office,23759.61,Manager B,Operations,UPI,Bengaluru,False
TX000037,EMP004,Ishita,2026-01-06,EquipHub,Office,24994.61,Manager A,Operations,Card,Varanasi,False
TX000038,EMP003,Kabir,2026-02-10,CloudWorks,Travel,24147.72,Manager B,Operations,Bank Transfer,Varanasi,False
TX000039,EMP005,Rohan,2026-04-23,EquipHub,Office,14626.46,Manager A,Engineering,Card,Bengaluru,False
TX000040,EMP004,Ishita,2026-01-15,EquipHub,Travel,14815.36,Manager A,Operations,UPI,Delhi,False
TX000041,EMP003,Kabir,2026-04-26,TechSupply,Office,29851.34,Manager A,Operations,UPI,Varanasi,False
TX000042,EMP003,Kabir,2026-05-16,TechSupply,Software,11608.77,Manager B,Finance,Card,Bengaluru,False
TX000043,EMP004,Ishita,2026-01-11,CloudWorks,Equipment,29819.19,Manager B,Finance,Card,Bengaluru,False
TX000044,EMP001,Aarav,2026-05-31,TravelDesk,Travel,27410.54,Manager A,Finance,Card,Delhi,False
TX000045,EMP004,Ishita,2026-03-05,TechSupply,Equipment,29910.95,Manager B,Operations,Card,Varanasi,False
TX000046,EMP004,Ishita,2026-04-19,EquipHub,Travel,21347.27,Manager B,Engineering,Card,Bengaluru,False
TX000047,EMP003,Kabir,2026-02-02,CloudWorks,Equipment,24219.28,Manager A,Finance,Bank Transfer,Mumbai,False
TX000048,EMP002,Meera,2026-04-03,TechSupply,Office,18030.09,Manager B,Engineering,Bank Transfer,Delhi,False
TX000049,EMP003,Kabir,2026-08-26,CloudWorks,Software,28128.57,Manager A,Finance,Card,Varanasi,False
TX000050,EMP001,Aarav,2026-04-18,TechSupply,Office,29107.56,Manager B,Operations,Card,Bengaluru,False
TX000051,EMP001,Aarav,2026-04-13,TravelDesk,Office,19900.56,Manager B,Engineering,Card,Mumbai,False
TX000052,EMP003,Kabir,2026-01-02,EquipHub,Office,23808.48,Manager B,Operations,Bank Transfer,Delhi,False
TX000053,EMP002,Meera,2026-04-24,TravelDesk,Travel,26235.24,Manager B,Engineering,Bank Transfer,Delhi,False
TX000054,EMP005,Rohan,2026-01-14,TravelDesk,Equipment,23084.71,Manager A,Finance,Card,Delhi,False
TX000055,EMP003,Kabir,2026-07-17,TechSupply,Office,244469.25549729055,Manager B,Operations,Card,Delhi,True
TX000056,EMP002,Meera,2026-03-31,TravelDesk,Software,10537.92,Manager B,Operations,Card,Mumbai,False
TX000057,EMP005,Rohan,2026-07-29,OfficeMart,Equipment,26575.03,Manager A,Finance,Card,Varanasi,False
TX000058,EMP001,Aarav,2026-07-22,TravelDesk,Travel,11313.0,Manager A,Finance,UPI,Bengaluru,False
TX000059,EMP005,Rohan,2026-02-10,OfficeMart,Software,30856.1,Manager A,Finance,UPI,Bengaluru,False
TX000060,EMP003,Kabir,2026-05-06,CloudWorks,Software,15845.42,Manager A,Finance,UPI,Bengaluru,False
TX000061,EMP001,Aarav,2026-03-15,OfficeMart,Office,12058.26,Manager B,Finance,Card,Delhi,False
TX000062,EMP005,Rohan,2026-07-26,CloudWorks,Software,23501.37,Manager B,Finance,Card,Delhi,False
TX000063,EMP005,Rohan,2026-07-23,TechSupply,Software,25287.37,Manager B,Operations,UPI,Bengaluru,False
TX000064,EMP002,Meera,2026-05-13,OfficeMart,Travel,13636.14,Manager A,Engineering,Bank Transfer,Delhi,False
TX000065,EMP001,Aarav,2026-08-23,TechSupply,Office,8709.13,Manager B,Engineering,UPI,Mumbai,False
TX000066,EMP003,Kabir,2026-05-09,EquipHub,Office,10149.92,Manager A,Finance,UPI,Bengaluru,False
TX000067,EMP001,Aarav,2026-02-14,CloudWorks,Travel,12828.91,Manager B,Engineering,UPI,Mumbai,False
TX000068,EMP002,Meera,2026-01-31,TechSupply,Software,18256.47,Manager B,Finance,Bank Transfer,Delhi,False
TX000069,EMP002,Meera,2026-06-12,OfficeMart,Travel,26540.09,Manager B,Engineering,Card,Delhi,False
TX000070,EMP002,Meera,2026-04-08,CloudWorks,Office,21129.43,Manager B,Operations,Card,Mumbai,False
TX000071,EMP002,Meera,2026-06-14,TravelDesk,Software,22925.32,Manager B,Operations,UPI,Varanasi,False
TX000072,EMP002,Meera,2026-03-01,OfficeMart,Equipment,26648.36,Manager A,Operations,Card,Varanasi,False
TX000073,EMP003,Kabir,2026-07-19,TechSupply,Travel,25472.44,Manager A,Finance,Card,Mumbai,False
TX000074,EMP003,Kabir,2026-05-06,EquipHub,Software,26916.94,Manager A,Finance,UPI,Delhi,False
TX000075,EMP005,Rohan,2026-01-28,CloudWorks,Travel,16949.0,Manager B,Engineering,UPI,Varanasi,False
TX000076,EMP002,Meera,2026-02-18,TechSupply,Equipment,8801.31,Manager A,Operations,Bank Transfer,Varanasi,False
TX000077,EMP004,Ishita,2026-07-20,EquipHub,Software,16461.47,Manager B,Engineering,UPI,Delhi,False
TX000078,EMP005,Rohan,2026-04-16,EquipHub,Office,13763.16,Manager A,Operations,Bank Transfer,Varanasi,False
TX000079,EMP003,Kabir,2026-02-07,EquipHub,Equipment,23307.22,Manager A,Engineering,Card,Bengaluru,False
TX000080,EMP001,Aarav,2026-04-03,CloudWorks,Software,24096.74,Manager A,Engineering,Bank Transfer,Delhi,False
TX000081,EMP001,Aarav,2026-05-08,EquipHub,Travel,23145.92,Manager B,Finance,Card,Bengaluru,False
TX000082,EMP002,Meera,2026-01-13,EquipHub,Equipment,30257.64,Manager A,Finance,Bank Transfer,Varanasi,False
TX000083,EMP005,Rohan,2026-02-02,TravelDesk,Software,22195.61,Manager A,Operations,Card,Varanasi,False
TX000084,EMP002,Meera,2026-07-05,OfficeMart,Equipment,20499.92,Manager A,Engineering,UPI,Mumbai,False
TX000085,EMP003,Kabir,2026-04-30,CloudWorks,Software,23358.18,Manager B,Engineering,Bank Transfer,Mumbai,False
TX000086,EMP004,Ishita,2026-01-14,EquipHub,Travel,16353.86,Manager A,Engineering,Bank Transfer,Varanasi,False
TX000087,EMP003,Kabir,2026-03-23,TravelDesk,Travel,19139.56,Manager B,Finance,UPI,Varanasi,False
TX000088,EMP005,Rohan,2026-04-07,CloudWorks,Travel,19140.55,Manager A,Engineering,UPI,Varanasi,False
TX000089,EMP002,Meera,2026-02-03,EquipHub,Office,17749.57,Manager B,Engineering,Card,Mumbai,False
TX000090,EMP002,Meera,2026-06-25,CloudWorks,Software,29279.86,Manager B,Finance,UPI,Delhi,False
TX000091,EMP001,Aarav,2026-07-26,TechSupply,Office,15300.37,Manager B,Engineering,UPI,Varanasi,False
TX000092,EMP003,Kabir,2026-05-24,OfficeMart,Travel,24473.4,Manager B,Operations,UPI,Delhi,False
TX000093,EMP002,Meera,2026-01-15,OfficeMart,Travel,11301.25,Manager B,Engineering,UPI,Delhi,False
TX000094,EMP002,Meera,2026-05-05,TechSupply,Equipment,19763.29,Manager A,Finance,Bank Transfer,Mumbai,False
TX000095,EMP005,Rohan,2026-01-22,TechSupply,Office,16949.62,Manager B,Engineering,Bank Transfer,Mumbai,False
TX000096,EMP001,Aarav,2026-07-16,OfficeMart,Software,15051.79,Manager A,Operations,Card,Varanasi,False
TX000097,EMP003,Kabir,2026-03-24,TravelDesk,Office,15493.6,Manager A,Operations,Bank Transfer,Varanasi,False
TX000098,EMP002,Meera,2026-04-17,OfficeMart,Equipment,19345.23,Manager A,Finance,UPI,Mumbai,False
TX000099,EMP001,Aarav,2026-07-26,CloudWorks,Equipment,18611.5,Manager B,Finance,UPI,Varanasi,False
TX000100,EMP002,Meera,2026-06-20,TechSupply,Office,17687.86,Manager B,Finance,UPI,Mumbai,False
TX000101,EMP002,Meera,2026-07-25,OfficeMart,Equipment,21789.82,Manager B,Operations,UPI,Bengaluru,False
TX000102,EMP005,Rohan,2026-01-08,OfficeMart,Office,16038.95,Manager B,Engineering,Bank Transfer,Delhi,False
TX000103,EMP002,Meera,2026-08-12,OfficeMart,Office,18696.04,Manager B,Finance,Bank Transfer,Varanasi,False
TX000104,EMP004,Ishita,2026-06-02,CloudWorks,Equipment,28810.76,Manager A,Engineering,Card,Bengaluru,False
TX000105,EMP004,Ishita,2026-08-09,CloudWorks,Equipment,24277.41,Manager A,Operations,Bank Transfer,Delhi,False
TX000106,EMP004,Ishita,2026-05-10,OfficeMart,Office,29121.33,Manager B,Engineering,UPI,Varanasi,False
TX000107,EMP005,Rohan,2026-02-07,OfficeMart,Travel,26783.89,Manager B,Finance,Card,Mumbai,False
TX000108,EMP002,Meera,2026-04-19,OfficeMart,Software,21567.48,Manager B,Finance,UPI,Mumbai,False
TX000109,EMP004,Ishita,2026-07-24,TechSupply,Office,21927.26,Manager B,Engineering,Card,Delhi,False
TX000110,EMP004,Ishita,2026-07-07,TechSupply,Office,30719.85,Manager A,Operations,UPI,Bengaluru,False
TX000111,EMP005,Rohan,2026-04-30,EquipHub,Software,20489.02,Manager A,Operations,Bank Transfer,Mumbai,False
TX000112,EMP005,Rohan,2026-03-16,TechSupply,Travel,28639.35,Manager B,Operations,Bank Transfer,Mumbai,False
TX000113,EMP002,Meera,2026-01-27,TravelDesk,Equipment,24742.11,Manager A,Finance,Bank Transfer,Delhi,False
TX000114,EMP001,Aarav,2026-02-15,TechSupply,Software,16677.87,Manager B,Engineering,Card,Mumbai,False
TX000115,EMP001,Aarav,2026-01-07,CloudWorks,Software,26810.11,Manager B,Engineering,Card,Varanasi,False
TX000116,EMP002,Meera,2026-03-23,CloudWorks,Travel,15864.77,Manager A,Operations,UPI,Mumbai,False
TX000117,EMP004,Ishita,2026-03-20,TechSupply,Equipment,26892.99,Manager B,Operations,UPI,Delhi,False
TX000118,EMP004,Ishita,2026-01-08,TravelDesk,Office,20241.45,Manager A,Finance,UPI,Mumbai,False
TX000119,EMP002,Meera,2026-02-11,TravelDesk,Travel,14934.22,Manager A,Operations,UPI,Delhi,False
TX000120,EMP003,Kabir,2026-06-14,TechSupply,Software,16307.29,Manager A,Operations,Bank Transfer,Bengaluru,False
TX000121,EMP005,Rohan,2026-01-24,EquipHub,Software,24761.94,Manager A,Finance,Card,Mumbai,False
TX000122,EMP001,Aarav,2026-08-13,OfficeMart,Equipment,22797.98,Manager B,Operations,UPI,Varanasi,False
TX000123,EMP005,Rohan,2026-05-26,EquipHub,Office,17156.6,Manager B,Finance,Bank Transfer,Bengaluru,False
TX000124,EMP002,Meera,2026-07-11,TravelDesk,Office,22674.2,Manager A,Engineering,Card,Mumbai,False
TX000125,EMP001,Aarav,2026-03-19,TechSupply,Software,25849.95,Manager B,Operations,Card,Varanasi,False
TX000126,EMP004,Ishita,2026-04-08,CloudWorks,Equipment,28050.21,Manager B,Finance,Bank Transfer,Varanasi,False
TX000127,EMP003,Kabir,2026-01-22,EquipHub,Equipment,28269.23,Manager A,Finance,Card,Delhi,False
TX000128,EMP002,Meera,2026-04-03,EquipHub,Software,14305.11,Manager B,Engineering,Bank Transfer,Bengaluru,False
TX000129,EMP005,Rohan,2026-01-02,TravelDesk,Travel,22201.13,Manager B,Finance,Bank Transfer,Varanasi,False
TX000130,EMP005,Rohan,2026-03-22,TravelDesk,Office,11040.23,Manager B,Operations,Card,Bengaluru,False
TX000131,EMP005,Rohan,2026-08-02,CloudWorks,Equipment,18243.95,Manager B,Engineering,UPI,Delhi,False
TX000132,EMP004,Ishita,2026-06-26,TravelDesk,Equipment,22470.75,Manager B,Finance,Bank Transfer,Mumbai,False
TX000133,EMP004,Ishita,2026-02-14,OfficeMart,Software,10859.9,Manager B,Operations,Card,Varanasi,False
TX000134,EMP002,Meera,2026-04-29,TechSupply,Office,29003.55,Manager A,Operations,UPI,Mumbai,False
TX000135,EMP002,Meera,2026-08-18,CloudWorks,Equipment,21275.11,Manager A,Finance,Bank Transfer,Varanasi,False
TX000136,EMP004,Ishita,2026-06-16,TravelDesk,Office,11417.37,Manager B,Operations,UPI,Varanasi,False
TX000137,EMP004,Ishita,2026-05-22,CloudWorks,Office,15608.6,Manager A,Operations,Bank Transfer,Mumbai,False
TX000138,EMP002,Meera,2026-06-19,EquipHub,Office,23301.94,Manager A,Engineering,UPI,Bengaluru,False
TX000139,EMP001,Aarav,2026-04-29,EquipHub,Office,26633.28,Manager A,Engineering,Card,Bengaluru,False
TX000140,EMP001,Aarav,2026-04-12,EquipHub,Equipment,18041.2,Manager B,Finance,Card,Mumbai,False
TX000141,EMP002,Meera,2026-04-26,TechSupply,Software,458571.2307507211,Manager A,Finance,UPI,Delhi,True
TX000142,EMP002,Meera,2026-06-13,EquipHub,Office,10467.44,Manager A,Operations,UPI,Varanasi,False
TX000143,EMP005,Rohan,2026-06-26,TravelDesk,Office,11009.53,Manager A,Finance,UPI,Mumbai,False
TX000144,EMP002,Meera,2026-03-21,EquipHub,Office,22069.86,Manager B,Operations,Card,Mumbai,False
TX000145,EMP003,Kabir,2026-03-16,TravelDesk,Office,14781.76,Manager B,Engineering,Card,Varanasi,False
TX000146,EMP004,Ishita,2026-08-09,CloudWorks,Travel,23048.35,Manager B,Engineering,Card,Delhi,False
TX000147,EMP001,Aarav,2026-02-23,EquipHub,Office,29373.86,Manager B,Engineering,Bank Transfer,Mumbai,False
TX000148,EMP005,Rohan,2026-03-21,TechSupply,Office,19034.22,Manager B,Finance,Card,Varanasi,False
TX000149,EMP005,Rohan,2026-01-24,TravelDesk,Equipment,15590.09,Manager A,Operations,UPI,Bengaluru,False
TX000150,EMP002,Meera,2026-03-24,CloudWorks,Office,20926.91,Manager B,Engineering,Bank Transfer,Delhi,False
TX000151,EMP001,Aarav,2026-01-19,TechSupply,Equipment,18372.03,Manager B,Operations,Bank Transfer,Delhi,False
TX000152,EMP005,Rohan,2026-07-04,OfficeMart,Equipment,12049.76,Manager A,Finance,UPI,Delhi,False
TX000153,EMP004,Ishita,2026-06-20,EquipHub,Travel,24426.36,Manager A,Operations,UPI,Mumbai,False
TX000154,EMP005,Rohan,2026-08-18,CloudWorks,Equipment,20932.4,Manager A,Engineering,Bank Transfer,Bengaluru,False
TX000155,EMP005,Rohan,2026-07-01,CloudWorks,Office,12748.18,Manager B,Operations,UPI,Delhi,False
TX000156,EMP004,Ishita,2026-06-29,CloudWorks,Travel,17341.29,Manager A,Engineering,Card,Mumbai,False
TX000157,EMP005,Rohan,2026-05-14,OfficeMart,Software,21647.0,Manager B,Engineering,Bank Transfer,Mumbai,False
TX000158,EMP004,Ishita,2026-08-04,TravelDesk,Office,28499.49,Manager B,Engineering,Bank Transfer,Varanasi,False
TX000159,EMP003,Kabir,2026-01-23,OfficeMart,Software,10832.26,Manager A,Engineering,Card,Mumbai,False
TX000160,EMP002,Meera,2026-04-06,EquipHub,Software,20415.5,Manager B,Finance,Card,Mumbai,False
TX000161,EMP004,Ishita,2026-07-05,TravelDesk,Equipment,28725.95,Manager A,Finance,Bank Transfer,Bengaluru,False
TX000162,EMP001,Aarav,2026-06-08,TravelDesk,Travel,12169.55,Manager B,Engineering,Bank Transfer,Mumbai,False
TX000163,EMP001,Aarav,2026-07-25,OfficeMart,Software,21616.9,Manager B,Finance,UPI,Bengaluru,False
TX000164,EMP004,Ishita,2026-04-08,TravelDesk,Travel,142270.62954289286,Manager A,Engineering,UPI,Bengaluru,True
TX000165,EMP005,Rohan,2026-08-23,TravelDesk,Equipment,23464.57,Manager A,Operations,Card,Delhi,False
TX000166,EMP002,Meera,2026-08-07,OfficeMart,Office,14829.24,Manager B,Operations,UPI,Varanasi,False
TX000167,EMP001,Aarav,2026-07-18,CloudWorks,Software,17034.71,Manager A,Finance,UPI,Bengaluru,False
TX000168,EMP004,Ishita,2026-06-09,TechSupply,Travel,27317.69,Manager A,Engineering,Bank Transfer,Varanasi,False
TX000169,EMP003,Kabir,2026-04-22,CloudWorks,Software,18594.49,Manager A,Operations,UPI,Mumbai,False
TX000170,EMP002,Meera,2026-08-22,OfficeMart,Office,24301.9,Manager B,Operations,Card,Delhi,False
TX000171,EMP004,Ishita,2026-04-02,CloudWorks,Office,13562.08,Manager A,Engineering,Card,Varanasi,False
TX000172,EMP001,Aarav,2026-06-21,TravelDesk,Travel,27973.03,Manager B,Operations,Bank Transfer,Varanasi,False
TX000173,EMP003,Kabir,2026-04-02,TechSupply,Travel,25661.82,Manager A,Finance,Card,Varanasi,False
TX000174,EMP003,Kabir,2026-02-12,OfficeMart,Office,20696.95,Manager A,Operations,Bank Transfer,Mumbai,False
TX000175,EMP001,Aarav,2026-01-12,EquipHub,Travel,17927.64,Manager A,Engineering,Bank Transfer,Mumbai,False
TX000176,EMP005,Rohan,2026-01-26,TravelDesk,Office,26467.85,Manager B,Finance,UPI,Mumbai,False
TX000177,EMP004,Ishita,2026-01-19,TravelDesk,Travel,23210.6,Manager B,Operations,Bank Transfer,Bengaluru,False
TX000178,EMP001,Aarav,2026-06-16,EquipHub,Office,22857.11,Manager B,Engineering,UPI,Delhi,False
TX000179,EMP004,Ishita,2026-03-03,TravelDesk,Travel,24839.47,Manager B,Engineering,Card,Delhi,False
TX000180,EMP001,Aarav,2026-08-17,OfficeMart,Software,19610.59,Manager B,Operations,Bank Transfer,Varanasi,False
TX000181,EMP004,Ishita,2026-02-15,EquipHub,Software,15338.19,Manager B,Engineering,Bank Transfer,Mumbai,False
TX000182,EMP002,Meera,2026-07-20,EquipHub,Software,28259.38,Manager B,Engineering,Card,Mumbai,False
TX000183,EMP001,Aarav,2026-05-16,TravelDesk,Equipment,20358.06,Manager A,Finance,UPI,Delhi,False
TX000184,EMP002,Meera,2026-06-21,TravelDesk,Equipment,19759.82,Manager A,Finance,UPI,Varanasi,False
TX000185,EMP005,Rohan,2026-08-16,EquipHub,Software,17457.05,Manager B,Finance,Card,Mumbai,False
TX000186,EMP005,Rohan,2026-01-16,TechSupply,Software,25729.97,Manager A,Engineering,UPI,Delhi,False
TX000187,EMP005,Rohan,2026-05-11,TechSupply,Equipment,19445.82,Manager B,Engineering,UPI,Mumbai,False
TX000188,EMP001,Aarav,2026-02-19,CloudWorks,Software,179398.50890169817,Manager A,Engineering,Bank Transfer,Varanasi,True
TX000189,EMP004,Ishita,2026-04-03,TechSupply,Office,17044.11,Manager A,Finance,Bank Transfer,Varanasi,False
TX000190,EMP003,Kabir,2026-04-16,TechSupply,Office,24296.44,Manager A,Finance,Bank Transfer,Bengaluru,False
TX000191,EMP003,Kabir,2026-05-18,OfficeMart,Office,20719.26,Manager A,Finance,Card,Varanasi,False
TX000192,EMP001,Aarav,2026-04-16,EquipHub,Travel,22801.42,Manager B,Engineering,UPI,Delhi,False
TX000193,EMP001,Aarav,2026-05-13,OfficeMart,Equipment,21159.36,Manager B,Engineering,Card,Bengaluru,False
TX000194,EMP004,Ishita,2026-05-10,TechSupply,Equipment,27434.85,Manager A,Finance,Bank Transfer,Bengaluru,False
TX000195,EMP003,Kabir,2026-04-11,EquipHub,Software,17390.02,Manager A,Operations,Card,Bengaluru,False
TX000196,EMP002,Meera,2026-04-23,CloudWorks,Equipment,18292.28,Manager B,Engineering,Card,Delhi,False
TX000197,EMP001,Aarav,2026-07-16,TechSupply,Equipment,19667.03,Manager A,Finance,UPI,Varanasi,False
TX000198,EMP004,Ishita,2026-03-26,EquipHub,Software,20902.45,Manager A,Engineering,Card,Mumbai,False
TX000199,EMP002,Meera,2026-01-09,OfficeMart,Office,20338.67,Manager B,Finance,UPI,Bengaluru,False
TX000200,EMP005,Rohan,2026-06-04,TravelDesk,Office,24754.13,Manager A,Operations,UPI,Bengaluru,False
TX000201,EMP002,Meera,2026-01-04,TravelDesk,Travel,13408.99,Manager A,Finance,UPI,Mumbai,False
TX000202,EMP004,Ishita,2026-01-27,OfficeMart,Travel,22326.8,Manager A,Operations,UPI,Bengaluru,False
TX000203,EMP005,Rohan,2026-02-04,TravelDesk,Office,28866.36,Manager A,Operations,Card,Varanasi,False
TX000204,EMP001,Aarav,2026-01-12,OfficeMart,Office,13542.73,Manager B,Finance,Card,Bengaluru,False
TX000205,EMP001,Aarav,2026-07-17,OfficeMart,Equipment,24726.23,Manager A,Finance,Bank Transfer,Varanasi,False
TX000206,EMP004,Ishita,2026-02-13,EquipHub,Office,24541.68,Manager B,Operations,Card,Varanasi,False
TX000207,EMP001,Aarav,2026-04-11,TravelDesk,Equipment,18458.58,Manager A,Operations,UPI,Mumbai,False
TX000208,EMP004,Ishita,2026-07-19,TravelDesk,Travel,18372.49,Manager A,Operations,Bank Transfer,Bengaluru,False
TX000209,EMP002,Meera,2026-02-27,TravelDesk,Office,25068.66,Manager B,Finance,Bank Transfer,Delhi,False
TX000210,EMP003,Kabir,2026-01-01,TravelDesk,Equipment,26985.4,Manager B,Finance,Card,Varanasi,False
TX000211,EMP003,Kabir,2026-05-10,TechSupply,Software,15173.06,Manager A,Engineering,Card,Bengaluru,False
TX000212,EMP004,Ishita,2026-08-03,TravelDesk,Travel,25311.63,Manager B,Finance,Bank Transfer,Mumbai,False
TX000213,EMP005,Rohan,2026-03-19,TechSupply,Software,21553.93,Manager B,Finance,UPI,Delhi,False
TX000214,EMP004,Ishita,2026-02-11,CloudWorks,Office,10614.81,Manager B,Finance,UPI,Bengaluru,False
TX000215,EMP003,Kabir,2026-03-06,EquipHub,Software,24241.39,Manager A,Operations,Card,Mumbai,False
TX000216,EMP003,Kabir,2026-04-06,TechSupply,Office,14753.28,Manager B,Operations,Card,Delhi,False
TX000217,EMP001,Aarav,2026-03-31,CloudWorks,Travel,17198.91,Manager B,Finance,UPI,Bengaluru,False
TX000218,EMP002,Meera,2026-08-28,TravelDesk,Office,20949.44,Manager A,Finance,Bank Transfer,Mumbai,False
TX000219,EMP003,Kabir,2026-07-27,TechSupply,Office,25556.72,Manager B,Finance,UPI,Varanasi,False
TX000220,EMP003,Kabir,2026-08-09,EquipHub,Office,31515.7,Manager A,Engineering,Bank Transfer,Varanasi,False
TX000221,EMP002,Meera,2026-08-01,OfficeMart,Travel,9920.67,Manager B,Finance,UPI,Varanasi,False
TX000222,EMP004,Ishita,2026-08-17,TechSupply,Software,14707.5,Manager A,Engineering,Card,Delhi,False
TX000223,EMP005,Rohan,2026-06-20,OfficeMart,Office,14650.75,Manager A,Engineering,Card,Bengaluru,False
TX000224,EMP002,Meera,2026-07-08,EquipHub,Software,17061.57,Manager B,Engineering,Card,Mumbai,False
TX000225,EMP004,Ishita,2026-05-26,TravelDesk,Travel,20427.91,Manager B,Operations,Card,Delhi,False
TX000226,EMP001,Aarav,2026-08-08,TechSupply,Travel,7960.44,Manager A,Finance,UPI,Delhi,False
TX000227,EMP005,Rohan,2026-04-09,TechSupply,Office,20940.9,Manager A,Operations,UPI,Mumbai,False
TX000228,EMP001,Aarav,2026-05-10,EquipHub,Office,15143.59,Manager A,Finance,UPI,Bengaluru,False
TX000229,EMP002,Meera,2026-04-13,TravelDesk,Software,18368.55,Manager A,Operations,Bank Transfer,Varanasi,False
TX000230,EMP003,Kabir,2026-02-20,TravelDesk,Travel,27275.91,Manager B,Finance,UPI,Delhi,False
TX000231,EMP005,Rohan,2026-08-11,CloudWorks,Travel,18238.64,Manager B,Operations,UPI,Delhi,False
TX000232,EMP005,Rohan,2026-07-01,TechSupply,Software,10632.72,Manager B,Operations,Card,Mumbai,False
TX000233,EMP002,Meera,2026-07-04,TechSupply,Travel,19848.48,Manager B,Engineering,Bank Transfer,Delhi,False
TX000234,EMP005,Rohan,2026-01-25,OfficeMart,Software,21049.74,Manager B,Finance,UPI,Mumbai,False
TX000235,EMP004,Ishita,2026-03-08,CloudWorks,Office,16591.39,Manager A,Engineering,Card,Delhi,False
TX000236,EMP004,Ishita,2026-07-09,TravelDesk,Software,14662.22,Manager B,Engineering,Bank Transfer,Mumbai,False
TX000237,EMP002,Meera,2026-02-18,EquipHub,Travel,11896.51,Manager B,Engineering,Card,Mumbai,False
TX000238,EMP004,Ishita,2026-04-13,CloudWorks,Equipment,36631.06,Manager A,Finance,Card,Delhi,False
TX000239,EMP003,Kabir,2026-02-12,EquipHub,Software,19860.24,Manager A,Operations,Bank Transfer,Bengaluru,False
TX000240,EMP001,Aarav,2026-03-15,TechSupply,Equipment,20882.45,Manager B,Engineering,Bank Transfer,Bengaluru,False
TX000241,EMP004,Ishita,2026-05-01,TechSupply,Software,16941.19,Manager A,Finance,Card,Bengaluru,False
TX000242,EMP005,Rohan,2026-05-04,TechSupply,Travel,16501.34,Manager A,Finance,UPI,Bengaluru,False
TX000243,EMP002,Meera,2026-07-20,CloudWorks,Software,12126.31,Manager B,Operations,Card,Varanasi,False
TX000244,EMP005,Rohan,2026-08-05,TravelDesk,Travel,20837.35,Manager B,Operations,Bank Transfer,Bengaluru,False
TX000245,EMP004,Ishita,2026-05-31,CloudWorks,Equipment,25095.32,Manager A,Operations,Bank Transfer,Mumbai,False
TX000246,EMP001,Aarav,2026-08-21,TravelDesk,Office,18172.42,Manager A,Engineering,Bank Transfer,Delhi,False
TX000247,EMP002,Meera,2026-01-10,EquipHub,Travel,19155.21,Manager A,Operations,UPI,Mumbai,False
TX000248,EMP005,Rohan,2026-02-05,TravelDesk,Travel,21617.29,Manager B,Engineering,Card,Bengaluru,False
TX000249,EMP001,Aarav,2026-07-04,OfficeMart,Travel,11079.21,Manager A,Operations,UPI,Varanasi,False
TX000250,EMP004,Ishita,2026-01-09,CloudWorks,Equipment,15595.28,Manager B,Operations,Bank Transfer,Delhi,False
TX000251,EMP005,Rohan,2026-05-28,EquipHub,Travel,22731.74,Manager A,Operations,Bank Transfer,Varanasi,False
TX000252,EMP001,Aarav,2026-08-20,TravelDesk,Office,486483.9123240893,Manager A,Finance,Bank Transfer,Varanasi,True
TX000253,EMP004,Ishita,2026-07-09,EquipHub,Office,26154.34,Manager B,Engineering,UPI,Bengaluru,False
TX000254,EMP002,Meera,2026-08-07,CloudWorks,Office,18662.77,Manager A,Engineering,Bank Transfer,Bengaluru,False
TX000255,EMP003,Kabir,2026-03-14,EquipHub,Office,22979.02,Manager B,Operations,Card,Bengaluru,False
TX000256,EMP002,Meera,2026-08-12,EquipHub,Software,15441.36,Manager B,Finance,UPI,Bengaluru,False
TX000257,EMP001,Aarav,2026-06-26,OfficeMart,Travel,19556.72,Manager A,Engineering,Card,Mumbai,False
TX000258,EMP002,Meera,2026-08-27,TravelDesk,Software,28283.77,Manager A,Finance,Card,Bengaluru,False
TX000259,EMP001,Aarav,2026-01-06,TechSupply,Travel,15580.26,Manager A,Operations,Card,Varanasi,False
TX000260,EMP003,Kabir,2026-05-22,TechSupply,Software,18424.47,Manager B,Engineering,Bank Transfer,Mumbai,False
TX000261,EMP005,Rohan,2026-03-24,TechSupply,Software,18703.84,Manager B,Finance,Bank Transfer,Delhi,False
TX000262,EMP003,Kabir,2026-06-11,OfficeMart,Equipment,26032.93,Manager B,Operations,UPI,Mumbai,False
TX000263,EMP001,Aarav,2026-06-01,OfficeMart,Software,10863.49,Manager B,Engineering,UPI,Mumbai,False
TX000264,EMP004,Ishita,2026-05-28,OfficeMart,Equipment,16838.24,Manager B,Engineering,Bank Transfer,Delhi,False
TX000265,EMP004,Ishita,2026-03-30,EquipHub,Office,23217.46,Manager A,Finance,Card,Mumbai,False
TX000266,EMP005,Rohan,2026-08-01,OfficeMart,Software,18310.06,Manager B,Finance,Bank Transfer,Mumbai,False
TX000267,EMP002,Meera,2026-05-26,CloudWorks,Equipment,17266.61,Manager A,Engineering,Card,Mumbai,False
TX000268,EMP001,Aarav,2026-04-05,TravelDesk,Office,30158.4,Manager A,Finance,Card,Varanasi,False
TX000269,EMP001,Aarav,2026-08-02,TechSupply,Equipment,24720.18,Manager B,Operations,Card,Bengaluru,False
TX000270,EMP003,Kabir,2026-06-09,TechSupply,Equipment,27488.36,Manager A,Finance,UPI,Delhi,False
TX000271,EMP005,Rohan,2026-05-08,EquipHub,Office,19479.51,Manager A,Operations,UPI,Bengaluru,False
TX000272,EMP001,Aarav,2026-08-10,CloudWorks,Equipment,16683.46,Manager B,Operations,UPI,Varanasi,False
TX000273,EMP003,Kabir,2026-06-23,OfficeMart,Equipment,18145.3,Manager A,Finance,Bank Transfer,Delhi,False
TX000274,EMP001,Aarav,2026-05-14,TravelDesk,Office,27110.77,Manager A,Finance,UPI,Bengaluru,False
TX000275,EMP005,Rohan,2026-02-28,TravelDesk,Equipment,13178.96,Manager A,Engineering,Card,Varanasi,False
TX000276,EMP005,Rohan,2026-07-25,EquipHub,Office,19886.78,Manager A,Finance,Card,Bengaluru,False
TX000277,EMP005,Rohan,2026-01-13,TravelDesk,Equipment,14739.28,Manager B,Finance,Bank Transfer,Varanasi,False
TX000278,EMP002,Meera,2026-05-29,EquipHub,Travel,17724.93,Manager B,Operations,UPI,Bengaluru,False
TX000279,EMP003,Kabir,2026-01-05,OfficeMart,Office,12165.11,Manager B,Operations,UPI,Varanasi,False
TX000280,EMP001,Aarav,2026-01-04,CloudWorks,Software,21768.43,Manager A,Operations,UPI,Mumbai,False
TX000281,EMP001,Aarav,2026-02-10,EquipHub,Equipment,15186.39,Manager A,Engineering,Card,Varanasi,False
TX000282,EMP003,Kabir,2026-01-20,TechSupply,Equipment,28396.48,Manager A,Engineering,UPI,Bengaluru,False
TX000283,EMP005,Rohan,2026-07-24,TechSupply,Office,24606.97,Manager A,Operations,Bank Transfer,Delhi,False
TX000284,EMP005,Rohan,2026-01-06,EquipHub,Travel,13556.25,Manager A,Operations,UPI,Delhi,False
TX000285,EMP001,Aarav,2026-02-26,OfficeMart,Office,14245.17,Manager B,Operations,Card,Mumbai,False
TX000286,EMP004,Ishita,2026-08-18,OfficeMart,Travel,14735.47,Manager A,Operations,UPI,Mumbai,False
TX000287,EMP004,Ishita,2026-04-27,TravelDesk,Equipment,19067.8,Manager B,Finance,UPI,Varanasi,False
TX000288,EMP001,Aarav,2026-07-17,CloudWorks,Software,8985.91,Manager A,Operations,UPI,Mumbai,False
TX000289,EMP003,Kabir,2026-07-08,TravelDesk,Office,28790.37,Manager A,Operations,Card,Varanasi,False
TX000290,EMP002,Meera,2026-08-20,EquipHub,Equipment,18479.09,Manager A,Finance,Bank Transfer,Bengaluru,False
TX000291,EMP002,Meera,2026-07-05,TechSupply,Software,19247.84,Manager A,Engineering,Card,Mumbai,False
TX000292,EMP004,Ishita,2026-08-01,CloudWorks,Equipment,17765.46,Manager B,Operations,Bank Transfer,Bengaluru,False
TX000293,EMP003,Kabir,2026-08-27,EquipHub,Equipment,24334.75,Manager B,Operations,Card,Varanasi,False
TX000294,EMP003,Kabir,2026-04-11,TechSupply,Software,21012.44,Manager A,Operations,Card,Mumbai,False
TX000295,EMP001,Aarav,2026-03-08,EquipHub,Equipment,21624.17,Manager B,Engineering,Bank Transfer,Mumbai,False
TX000296,EMP004,Ishita,2026-05-09,TravelDesk,Travel,15109.95,Manager A,Finance,UPI,Delhi,False
TX000297,EMP003,Kabir,2026-03-14,OfficeMart,Equipment,22313.57,Manager B,Operations,Card,Varanasi,False
TX000298,EMP003,Kabir,2026-05-03,EquipHub,Travel,13988.34,Manager A,Operations,Bank Transfer,Bengaluru,False
TX000299,EMP002,Meera,2026-03-29,TravelDesk,Equipment,18406.04,Manager B,Operations,Bank Transfer,Varanasi,False
TX000300,EMP004,Ishita,2026-03-27,OfficeMart,Office,20045.2,Manager B,Finance,Card,Varanasi,False
TX000301,EMP005,Rohan,2026-01-25,OfficeMart,Office,30561.63,Manager A,Engineering,Card,Bengaluru,False
TX000302,EMP001,Aarav,2026-03-10,TechSupply,Software,20966.71,Manager B,Operations,Card,Delhi,False
TX000303,EMP004,Ishita,2026-05-14,TravelDesk,Travel,22797.75,Manager A,Engineering,Card,Varanasi,False
TX000304,EMP002,Meera,2026-05-10,EquipHub,Office,24739.46,Manager A,Operations,Bank Transfer,Mumbai,False
TX000305,EMP004,Ishita,2026-06-25,CloudWorks,Travel,14352.76,Manager B,Engineering,UPI,Delhi,False
TX000306,EMP002,Meera,2026-01-22,OfficeMart,Travel,8338.5,Manager A,Finance,Bank Transfer,Bengaluru,False
TX000307,EMP005,Rohan,2026-07-15,EquipHub,Travel,10882.86,Manager B,Engineering,Bank Transfer,Varanasi,False
TX000308,EMP004,Ishita,2026-08-27,TechSupply,Equipment,24635.68,Manager A,Finance,Bank Transfer,Bengaluru,False
TX000309,EMP005,Rohan,2026-03-27,EquipHub,Software,27683.14,Manager A,Finance,UPI,Bengaluru,False
TX000310,EMP001,Aarav,2026-06-15,TechSupply,Software,13513.05,Manager B,Operations,Bank Transfer,Varanasi,False
TX000311,EMP005,Rohan,2026-08-27,EquipHub,Software,19266.34,Manager A,Operations,Card,Bengaluru,False
TX000312,EMP002,Meera,2026-04-19,OfficeMart,Equipment,20196.68,Manager A,Finance,UPI,Varanasi,False
TX000313,EMP005,Rohan,2026-08-17,EquipHub,Software,26109.32,Manager B,Operations,UPI,Varanasi,False
TX000314,EMP002,Meera,2026-08-06,OfficeMart,Office,19922.91,Manager B,Finance,Card,Bengaluru,False
TX000315,EMP001,Aarav,2026-08-16,EquipHub,Office,18088.9,Manager B,Engineering,Card,Delhi,False
TX000316,EMP001,Aarav,2026-08-22,OfficeMart,Software,14122.1,Manager A,Finance,Bank Transfer,Mumbai,False
TX000317,EMP005,Rohan,2026-07-17,TravelDesk,Software,27668.17,Manager B,Finance,UPI,Bengaluru,False
TX000318,EMP005,Rohan,2026-01-11,TechSupply,Travel,21410.37,Manager B,Engineering,Bank Transfer,Delhi,False
TX000319,EMP003,Kabir,2026-04-08,CloudWorks,Travel,13860.52,Manager B,Engineering,Bank Transfer,Varanasi,False
TX000320,EMP001,Aarav,2026-04-10,TechSupply,Equipment,20013.83,Manager A,Finance,Bank Transfer,Mumbai,False
TX000321,EMP003,Kabir,2026-05-26,EquipHub,Office,22877.32,Manager B,Operations,UPI,Varanasi,False
TX000322,EMP005,Rohan,2026-07-01,CloudWorks,Software,18889.84,Manager B,Operations,Card,Delhi,False
TX000323,EMP002,Meera,2026-01-12,TravelDesk,Travel,24862.05,Manager B,Engineering,UPI,Delhi,False
TX000324,EMP005,Rohan,2026-03-14,EquipHub,Equipment,21535.14,Manager B,Engineering,Card,Mumbai,False
TX000325,EMP003,Kabir,2026-05-27,CloudWorks,Equipment,13512.25,Manager B,Engineering,UPI,Varanasi,False
TX000326,EMP002,Meera,2026-02-25,TechSupply,Office,13582.91,Manager A,Operations,Bank Transfer,Delhi,False
TX000327,EMP002,Meera,2026-01-29,OfficeMart,Travel,16336.58,Manager A,Finance,Card,Varanasi,False
TX000328,EMP005,Rohan,2026-07-29,TechSupply,Software,15355.17,Manager B,Finance,Bank Transfer,Mumbai,False
TX000329,EMP003,Kabir,2026-05-07,CloudWorks,Software,16556.98,Manager B,Operations,UPI,Mumbai,False
TX000330,EMP004,Ishita,2026-01-19,OfficeMart,Office,25119.08,Manager A,Operations,Card,Bengaluru,False
TX000331,EMP004,Ishita,2026-06-26,EquipHub,Travel,18193.3,Manager A,Engineering,Card,Bengaluru,False
TX000332,EMP002,Meera,2026-01-14,CloudWorks,Office,13746.48,Manager A,Operations,Card,Delhi,False
TX000333,EMP004,Ishita,2026-05-10,TravelDesk,Travel,20580.79,Manager A,Operations,Bank Transfer,Varanasi,False
TX000334,EMP001,Aarav,2026-03-13,TechSupply,Travel,25979.19,Manager A,Engineering,Bank Transfer,Varanasi,False
TX000335,EMP001,Aarav,2026-07-07,TechSupply,Travel,22221.77,Manager A,Engineering,UPI,Varanasi,False
TX000336,EMP004,Ishita,2026-08-17,TravelDesk,Office,16595.51,Manager B,Operations,Bank Transfer,Bengaluru,False
TX000337,EMP005,Rohan,2026-05-18,TravelDesk,Equipment,2066.64,Manager B,Engineering,Card,Varanasi,False
TX000338,EMP005,Rohan,2026-04-20,OfficeMart,Software,8258.83,Manager A,Operations,Card,Bengaluru,False
TX000339,EMP004,Ishita,2026-05-31,TechSupply,Travel,33104.63,Manager A,Operations,Card,Bengaluru,False
TX000340,EMP002,Meera,2026-04-22,TechSupply,Software,20882.48,Manager A,Operations,UPI,Bengaluru,False
TX000341,EMP004,Ishita,2026-04-14,TravelDesk,Office,18204.6,Manager A,Engineering,Bank Transfer,Mumbai,False
TX000342,EMP005,Rohan,2026-06-16,TechSupply,Equipment,23345.1,Manager A,Engineering,UPI,Bengaluru,False
TX000343,EMP004,Ishita,2026-02-10,OfficeMart,Equipment,26949.19,Manager B,Operations,Card,Bengaluru,False
TX000344,EMP002,Meera,2026-01-03,EquipHub,Travel,389351.1662204341,Manager A,Finance,Bank Transfer,Delhi,True
TX000345,EMP005,Rohan,2026-08-18,EquipHub,Equipment,17795.83,Manager A,Finance,Bank Transfer,Bengaluru,False
TX000346,EMP004,Ishita,2026-08-08,EquipHub,Software,25037.16,Manager A,Finance,UPI,Mumbai,False
TX000347,EMP002,Meera,2026-06-03,TechSupply,Software,30270.32,Manager B,Operations,UPI,Bengaluru,False
TX000348,EMP005,Rohan,2026-03-22,EquipHub,Office,24078.01,Manager A,Engineering,Bank Transfer,Delhi,False
TX000349,EMP003,Kabir,2026-07-04,OfficeMart,Software,21918.0,Manager B,Operations,Bank Transfer,Delhi,False
TX000350,EMP003,Kabir,2026-07-09,TravelDesk,Travel,12604.67,Manager B,Engineering,UPI,Varanasi,False
TX000351,EMP003,Kabir,2026-05-05,OfficeMart,Equipment,21565.5,Manager A,Engineering,UPI,Varanasi,False
TX000352,EMP003,Kabir,2026-05-17,TravelDesk,Travel,13083.64,Manager A,Engineering,Card,Bengaluru,False
TX000353,EMP003,Kabir,2026-05-31,TravelDesk,Software,15124.81,Manager A,Finance,Card,Mumbai,False
TX000354,EMP003,Kabir,2026-04-02,OfficeMart,Software,19068.76,Manager A,Engineering,Bank Transfer,Varanasi,False
TX000355,EMP001,Aarav,2026-05-24,OfficeMart,Office,17426.55,Manager A,Finance,Bank Transfer,Bengaluru,False
TX000356,EMP004,Ishita,2026-01-25,EquipHub,Equipment,19268.34,Manager B,Engineering,UPI,Delhi,False
TX000357,EMP001,Aarav,2026-04-24,CloudWorks,Office,11068.06,Manager A,Finance,Card,Bengaluru,False
TX000358,EMP003,Kabir,2026-01-25,TechSupply,Office,31226.18,Manager A,Engineering,Bank Transfer,Delhi,False
TX000359,EMP002,Meera,2026-07-07,TechSupply,Office,24836.82,Manager A,Engineering,Bank Transfer,Delhi,False
TX000360,EMP003,Kabir,2026-08-06,TravelDesk,Equipment,28320.75,Manager A,Finance,UPI,Mumbai,False
TX000361,EMP005,Rohan,2026-02-04,TravelDesk,Travel,16395.71,Manager A,Operations,UPI,Delhi,False
TX000362,EMP003,Kabir,2026-07-13,CloudWorks,Travel,18306.09,Manager A,Operations,UPI,Varanasi,False
TX000363,EMP002,Meera,2026-08-16,OfficeMart,Office,18902.83,Manager B,Engineering,UPI,Bengaluru,False
TX000364,EMP002,Meera,2026-08-03,TravelDesk,Travel,17234.61,Manager B,Operations,Bank Transfer,Delhi,False
TX000365,EMP003,Kabir,2026-01-24,TravelDesk,Equipment,21285.79,Manager B,Finance,Bank Transfer,Varanasi,False
TX000366,EMP002,Meera,2026-04-10,TechSupply,Equipment,23159.63,Manager B,Engineering,Bank Transfer,Delhi,False
TX000367,EMP003,Kabir,2026-05-21,TravelDesk,Travel,17393.27,Manager B,Operations,Card,Delhi,False
TX000368,EMP005,Rohan,2026-02-19,TechSupply,Equipment,31775.34,Manager A,Engineering,Bank Transfer,Varanasi,False
TX000369,EMP001,Aarav,2026-08-28,OfficeMart,Software,22505.73,Manager B,Finance,Card,Bengaluru,False
TX000370,EMP003,Kabir,2026-08-27,TravelDesk,Software,20237.25,Manager B,Finance,UPI,Bengaluru,False
TX000371,EMP001,Aarav,2026-07-19,EquipHub,Office,24453.23,Manager A,Operations,UPI,Varanasi,False
TX000372,EMP004,Ishita,2026-06-06,EquipHub,Office,20985.95,Manager B,Operations,Bank Transfer,Delhi,False
TX000373,EMP004,Ishita,2026-05-21,CloudWorks,Office,28633.89,Manager A,Finance,Card,Delhi,False
TX000374,EMP001,Aarav,2026-05-21,TechSupply,Travel,8617.59,Manager A,Finance,Card,Bengaluru,False
TX000375,EMP003,Kabir,2026-07-10,CloudWorks,Travel,26897.37,Manager A,Operations,Card,Varanasi,False
TX000376,EMP002,Meera,2026-06-18,EquipHub,Travel,28049.71,Manager A,Engineering,UPI,Bengaluru,False
TX000377,EMP001,Aarav,2026-03-20,EquipHub,Equipment,22502.19,Manager A,Finance,Card,Bengaluru,False
TX000378,EMP004,Ishita,2026-02-12,TravelDesk,Office,25843.5,Manager A,Operations,Card,Varanasi,False
TX000379,EMP003,Kabir,2026-06-13,TechSupply,Equipment,18703.88,Manager A,Operations,UPI,Mumbai,False
TX000380,EMP003,Kabir,2026-01-08,OfficeMart,Software,25820.37,Manager B,Finance,UPI,Delhi,False
TX000381,EMP003,Kabir,2026-08-01,OfficeMart,Travel,19454.51,Manager A,Finance,UPI,Bengaluru,False
TX000382,EMP004,Ishita,2026-05-12,OfficeMart,Travel,22296.43,Manager B,Finance,Bank Transfer,Bengaluru,False
TX000383,EMP005,Rohan,2026-07-09,TravelDesk,Travel,15747.26,Manager A,Finance,Card,Delhi,False
TX000384,EMP001,Aarav,2026-08-14,TechSupply,Equipment,29296.96,Manager A,Operations,Card,Varanasi,False
TX000385,EMP001,Aarav,2026-05-03,OfficeMart,Software,33456.42,Manager B,Engineering,Bank Transfer,Delhi,False
TX000386,EMP002,Meera,2026-08-25,TechSupply,Equipment,21889.56,Manager A,Engineering,Card,Bengaluru,False
TX000387,EMP005,Rohan,2026-02-07,TechSupply,Equipment,25035.87,Manager B,Engineering,Bank Transfer,Delhi,False
TX000388,EMP004,Ishita,2026-06-15,TravelDesk,Travel,16179.55,Manager A,Engineering,Bank Transfer,Bengaluru,False
TX000389,EMP001,Aarav,2026-06-04,TechSupply,Equipment,24950.46,Manager A,Finance,Bank Transfer,Delhi,False
TX000390,EMP005,Rohan,2026-07-14,TechSupply,Software,19946.0,Manager A,Operations,Bank Transfer,Bengaluru,False
TX000391,EMP005,Rohan,2026-07-17,OfficeMart,Equipment,14510.54,Manager B,Engineering,UPI,Varanasi,False
TX000392,EMP002,Meera,2026-04-11,TravelDesk,Equipment,15740.73,Manager B,Operations,Bank Transfer,Varanasi,False
TX000393,EMP003,Kabir,2026-03-09,OfficeMart,Software,18280.6,Manager A,Engineering,UPI,Bengaluru,False
TX000394,EMP001,Aarav,2026-08-15,TechSupply,Office,18630.69,Manager B,Operations,Card,Delhi,False
TX000395,EMP004,Ishita,2026-07-12,OfficeMart,Office,21759.6,Manager A,Engineering,Card,Varanasi,False
TX000396,EMP005,Rohan,2026-01-20,CloudWorks,Software,22080.85,Manager A,Finance,Card,Varanasi,False
TX000397,EMP005,Rohan,2026-06-28,TravelDesk,Software,31628.3,Manager B,Engineering,Card,Mumbai,False
TX000398,EMP001,Aarav,2026-03-09,TravelDesk,Software,13543.7,Manager B,Finance,Card,Delhi,False
TX000399,EMP002,Meera,2026-03-19,TechSupply,Equipment,13254.57,Manager B,Engineering,Card,Bengaluru,False
TX000400,EMP005,Rohan,2026-08-10,TechSupply,Travel,20099.01,Manager A,Engineering,Bank Transfer,Delhi,False
TX000401,EMP005,Rohan,2026-08-27,CloudWorks,Office,21199.56,Manager A,Operations,UPI,Mumbai,False
TX000402,EMP005,Rohan,2026-06-17,OfficeMart,Software,15455.82,Manager B,Finance,Bank Transfer,Bengaluru,False
TX000403,EMP002,Meera,2026-04-17,EquipHub,Travel,24769.94,Manager A,Finance,UPI,Varanasi,False
TX000404,EMP001,Aarav,2026-04-07,CloudWorks,Travel,22050.27,Manager B,Engineering,Card,Varanasi,False
TX000405,EMP004,Ishita,2026-02-14,EquipHub,Software,289417.01254626206,Manager A,Engineering,Bank Transfer,Delhi,True
TX000406,EMP001,Aarav,2026-04-16,CloudWorks,Office,284105.01759322104,Manager B,Operations,UPI,Delhi,True
TX000407,EMP005,Rohan,2026-04-13,TravelDesk,Travel,29836.34,Manager A,Operations,UPI,Varanasi,False
TX000408,EMP005,Rohan,2026-03-25,TechSupply,Travel,18612.65,Manager A,Engineering,Card,Mumbai,False
TX000409,EMP004,Ishita,2026-06-11,OfficeMart,Office,12666.93,Manager B,Engineering,UPI,Bengaluru,False
TX000410,EMP002,Meera,2026-06-26,CloudWorks,Software,11890.74,Manager A,Engineering,UPI,Mumbai,False
TX000411,EMP003,Kabir,2026-04-26,TechSupply,Office,22322.66,Manager B,Operations,Card,Mumbai,False
TX000412,EMP004,Ishita,2026-08-07,OfficeMart,Travel,26580.12,Manager B,Operations,UPI,Varanasi,False
TX000413,EMP005,Rohan,2026-07-04,EquipHub,Office,14125.34,Manager B,Operations,UPI,Varanasi,False
TX000414,EMP002,Meera,2026-06-09,EquipHub,Travel,241465.6408977191,Manager A,Engineering,Card,Varanasi,True
TX000415,EMP003,Kabir,2026-08-07,TechSupply,Office,25576.6,Manager B,Engineering,Bank Transfer,Bengaluru,False
TX000416,EMP005,Rohan,2026-07-04,TravelDesk,Equipment,11829.35,Manager B,Engineering,Card,Delhi,False
TX000417,EMP003,Kabir,2026-04-08,TravelDesk,Office,19035.93,Manager A,Operations,Card,Delhi,False
TX000418,EMP002,Meera,2026-01-21,CloudWorks,Software,17946.84,Manager B,Engineering,UPI,Delhi,False
TX000419,EMP004,Ishita,2026-05-12,CloudWorks,Office,16797.91,Manager A,Operations,Bank Transfer,Bengaluru,False
TX000420,EMP001,Aarav,2026-08-14,TechSupply,Software,14996.51,Manager B,Engineering,Card,Mumbai,False
TX000421,EMP003,Kabir,2026-05-21,OfficeMart,Office,15256.89,Manager B,Operations,Bank Transfer,Bengaluru,False
TX000422,EMP002,Meera,2026-01-17,TechSupply,Equipment,20953.89,Manager A,Operations,UPI,Delhi,False
TX000423,EMP005,Rohan,2026-08-07,TravelDesk,Equipment,24295.77,Manager A,Finance,UPI,Delhi,False
TX000424,EMP003,Kabir,2026-01-01,TravelDesk,Equipment,30550.9,Manager B,Engineering,Bank Transfer,Bengaluru,False
TX000425,EMP001,Aarav,2026-06-02,TravelDesk,Travel,11094.05,Manager A,Finance,UPI,Varanasi,False
TX000426,EMP004,Ishita,2026-02-21,OfficeMart,Office,23471.68,Manager A,Finance,Bank Transfer,Bengaluru,False
TX000427,EMP005,Rohan,2026-08-28,OfficeMart,Travel,21059.38,Manager A,Engineering,Card,Bengaluru,False
TX000428,EMP003,Kabir,2026-04-20,EquipHub,Travel,15595.51,Manager B,Finance,Card,Mumbai,False
TX000429,EMP004,Ishita,2026-08-05,OfficeMart,Travel,18702.52,Manager B,Finance,Bank Transfer,Mumbai,False
TX000430,EMP005,Rohan,2026-02-27,TravelDesk,Travel,26980.49,Manager A,Finance,Card,Mumbai,False
TX000431,EMP004,Ishita,2026-02-27,TravelDesk,Office,17373.69,Manager B,Engineering,Card,Mumbai,False
TX000432,EMP002,Meera,2026-01-19,TravelDesk,Software,16572.77,Manager A,Finance,Card,Varanasi,False
TX000433,EMP005,Rohan,2026-05-15,TravelDesk,Travel,27424.36,Manager A,Operations,UPI,Delhi,False
TX000434,EMP004,Ishita,2026-01-29,EquipHub,Equipment,24781.93,Manager B,Engineering,UPI,Mumbai,False
TX000435,EMP002,Meera,2026-02-23,OfficeMart,Equipment,14912.37,Manager B,Operations,UPI,Varanasi,False
TX000436,EMP005,Rohan,2026-03-02,EquipHub,Travel,26749.18,Manager B,Operations,Bank Transfer,Mumbai,False
TX000437,EMP003,Kabir,2026-02-05,CloudWorks,Travel,15725.01,Manager B,Finance,Card,Delhi,False
TX000438,EMP001,Aarav,2026-06-24,CloudWorks,Office,22990.73,Manager B,Finance,Card,Varanasi,False
TX000439,EMP001,Aarav,2026-05-02,CloudWorks,Equipment,22659.89,Manager A,Engineering,Bank Transfer,Mumbai,False
TX000440,EMP004,Ishita,2026-01-04,EquipHub,Office,22124.28,Manager A,Operations,UPI,Mumbai,False
TX000441,EMP003,Kabir,2026-05-06,OfficeMart,Software,17873.59,Manager B,Operations,Card,Mumbai,False
TX000442,EMP005,Rohan,2026-06-13,CloudWorks,Software,30992.32,Manager A,Engineering,Card,Delhi,False
TX000443,EMP005,Rohan,2026-02-01,EquipHub,Travel,16072.45,Manager B,Operations,UPI,Bengaluru,False
TX000444,EMP001,Aarav,2026-06-17,TravelDesk,Equipment,15042.53,Manager B,Finance,Card,Delhi,False
TX000445,EMP003,Kabir,2026-04-28,OfficeMart,Office,10786.37,Manager B,Operations,UPI,Mumbai,False
TX000446,EMP001,Aarav,2026-08-17,TravelDesk,Office,21159.31,Manager A,Finance,UPI,Varanasi,False
TX000447,EMP002,Meera,2026-02-12,EquipHub,Software,16349.85,Manager A,Engineering,UPI,Mumbai,False
TX000448,EMP003,Kabir,2026-06-28,CloudWorks,Equipment,21439.69,Manager A,Finance,UPI,Delhi,False
TX000449,EMP002,Meera,2026-01-23,CloudWorks,Equipment,9195.97,Manager A,Engineering,Card,Delhi,False
TX000450,EMP004,Ishita,2026-06-02,TechSupply,Office,31206.07,Manager B,Operations,UPI,Delhi,False
TX000451,EMP005,Rohan,2026-07-12,CloudWorks,Software,11791.58,Manager B,Engineering,Card,Mumbai,False
TX000452,EMP005,Rohan,2026-01-08,OfficeMart,Software,19755.84,Manager A,Operations,Bank Transfer,Bengaluru,False
TX000453,EMP002,Meera,2026-01-26,OfficeMart,Equipment,31739.38,Manager B,Finance,UPI,Mumbai,False
TX000454,EMP005,Rohan,2026-01-18,OfficeMart,Equipment,24092.98,Manager B,Finance,Card,Mumbai,False
TX000455,EMP002,Meera,2026-02-21,EquipHub,Software,12705.94,Manager A,Finance,Bank Transfer,Delhi,False
TX000456,EMP001,Aarav,2026-07-23,TechSupply,Office,17661.04,Manager A,Engineering,UPI,Bengaluru,False
TX000457,EMP001,Aarav,2026-08-02,TravelDesk,Software,17976.71,Manager A,Operations,UPI,Delhi,False
TX000458,EMP002,Meera,2026-06-22,OfficeMart,Software,29900.37,Manager A,Operations,Card,Delhi,False
TX000459,EMP001,Aarav,2026-08-08,CloudWorks,Equipment,19019.34,Manager B,Operations,UPI,Delhi,False
TX000460,EMP003,Kabir,2026-05-20,EquipHub,Travel,24455.87,Manager B,Finance,Card,Varanasi,False
TX000461,EMP002,Meera,2026-02-18,TechSupply,Office,15958.58,Manager B,Engineering,Card,Delhi,False
TX000462,EMP002,Meera,2026-06-07,TravelDesk,Office,24755.47,Manager A,Operations,Card,Bengaluru,False
TX000463,EMP004,Ishita,2026-08-06,TechSupply,Software,22303.38,Manager A,Operations,Bank Transfer,Mumbai,False
TX000464,EMP001,Aarav,2026-07-05,OfficeMart,Equipment,20529.04,Manager B,Engineering,Bank Transfer,Bengaluru,False
TX000465,EMP001,Aarav,2026-04-29,CloudWorks,Equipment,26785.94,Manager B,Operations,UPI,Bengaluru,False
TX000466,EMP004,Ishita,2026-04-16,EquipHub,Equipment,20661.6,Manager A,Operations,UPI,Delhi,False
TX000467,EMP001,Aarav,2026-01-28,TechSupply,Office,20806.29,Manager A,Engineering,UPI,Mumbai,False
TX000468,EMP002,Meera,2026-01-04,TechSupply,Travel,18837.24,Manager B,Finance,Card,Bengaluru,False
TX000469,EMP001,Aarav,2026-08-02,OfficeMart,Equipment,26641.47,Manager B,Operations,Card,Mumbai,False
TX000470,EMP005,Rohan,2026-03-06,EquipHub,Office,8540.36,Manager B,Finance,Card,Bengaluru,False
TX000471,EMP002,Meera,2026-03-20,CloudWorks,Travel,23899.05,Manager B,Finance,UPI,Delhi,False
TX000472,EMP002,Meera,2026-05-14,OfficeMart,Travel,29035.46,Manager B,Operations,Bank Transfer,Varanasi,False
TX000473,EMP003,Kabir,2026-01-18,OfficeMart,Equipment,27699.92,Manager A,Finance,Card,Mumbai,False
TX000474,EMP003,Kabir,2026-05-20,EquipHub,Office,18374.29,Manager A,Engineering,Card,Bengaluru,False
TX000475,EMP004,Ishita,2026-01-11,TechSupply,Equipment,27066.27,Manager A,Operations,Bank Transfer,Mumbai,False
TX000476,EMP004,Ishita,2026-03-02,TravelDesk,Software,21425.35,Manager B,Engineering,Bank Transfer,Varanasi,False
TX000477,EMP001,Aarav,2026-05-12,TechSupply,Office,21519.24,Manager B,Operations,UPI,Bengaluru,False
TX000478,EMP001,Aarav,2026-01-10,CloudWorks,Office,25055.24,Manager B,Engineering,Card,Delhi,False
TX000479,EMP002,Meera,2026-01-07,CloudWorks,Travel,11789.76,Manager A,Finance,UPI,Mumbai,False
TX000480,EMP003,Kabir,2026-06-09,OfficeMart,Equipment,14021.31,Manager B,Operations,UPI,Bengaluru,False
TX000481,EMP005,Rohan,2026-07-19,OfficeMart,Office,20403.24,Manager A,Engineering,Card,Bengaluru,False
TX000482,EMP003,Kabir,2026-05-13,CloudWorks,Office,28524.66,Manager B,Finance,Bank Transfer,Varanasi,False
TX000483,EMP005,Rohan,2026-05-08,TechSupply,Software,8756.06,Manager A,Engineering,UPI,Bengaluru,False
TX000484,EMP003,Kabir,2026-01-16,CloudWorks,Travel,21432.43,Manager A,Finance,Card,Bengaluru,False
TX000485,EMP002,Meera,2026-01-31,TechSupply,Travel,17232.25,Manager A,Finance,Bank Transfer,Bengaluru,False
TX000486,EMP001,Aarav,2026-02-12,EquipHub,Equipment,19037.61,Manager B,Finance,Bank Transfer,Delhi,False
TX000487,EMP002,Meera,2026-05-01,TechSupply,Equipment,15154.82,Manager A,Finance,Bank Transfer,Mumbai,False
TX000488,EMP004,Ishita,2026-07-29,TravelDesk,Office,21980.4,Manager A,Finance,UPI,Mumbai,False
TX000489,EMP004,Ishita,2026-05-12,TravelDesk,Office,19361.29,Manager B,Engineering,UPI,Mumbai,False
TX000490,EMP005,Rohan,2026-04-12,TravelDesk,Equipment,14449.2,Manager B,Finance,Bank Transfer,Mumbai,False
TX000491,EMP005,Rohan,2026-01-13,TechSupply,Equipment,14284.41,Manager A,Engineering,Card,Delhi,False
TX000492,EMP004,Ishita,2026-06-15,CloudWorks,Equipment,28616.26,Manager A,Engineering,UPI,Varanasi,False
TX000493,EMP004,Ishita,2026-05-23,CloudWorks,Equipment,22095.19,Manager B,Finance,Card,Bengaluru,False
TX000494,EMP004,Ishita,2026-05-09,TechSupply,Office,21617.26,Manager A,Finance,UPI,Varanasi,False
TX000495,EMP003,Kabir,2026-03-14,CloudWorks,Equipment,26986.73,Manager A,Finance,Bank Transfer,Mumbai,False
TX000496,EMP001,Aarav,2026-01-22,CloudWorks,Travel,12615.34,Manager B,Operations,UPI,Delhi,False
TX000497,EMP003,Kabir,2026-08-12,EquipHub,Travel,19146.5,Manager B,Finance,UPI,Bengaluru,False
TX000498,EMP001,Aarav,2026-04-03,TechSupply,Equipment,18761.34,Manager A,Operations,UPI,Bengaluru,False
TX000499,EMP001,Aarav,2026-01-13,EquipHub,Office,33705.5,Manager A,Operations,Card,Delhi,False
TX000500,EMP001,Aarav,2026-02-20,TechSupply,Travel,125456.92787127692,Manager A,Finance,Bank Transfer,Varanasi,True
TX000501,EMP004,Ishita,2026-05-12,OfficeMart,Equipment,13950.28,Manager B,Operations,UPI,Varanasi,False
TX000502,EMP002,Meera,2026-04-10,TechSupply,Software,14203.37,Manager B,Finance,UPI,Delhi,False
TX000503,EMP002,Meera,2026-03-30,CloudWorks,Travel,14329.04,Manager A,Operations,Card,Bengaluru,False
TX000504,EMP004,Ishita,2026-07-29,TravelDesk,Travel,11421.33,Manager B,Engineering,UPI,Delhi,False
TX000505,EMP002,Meera,2026-06-02,CloudWorks,Office,13914.01,Manager B,Finance,Card,Mumbai,False
TX000506,EMP005,Rohan,2026-05-23,TechSupply,Travel,24227.96,Manager A,Engineering,Card,Bengaluru,False
TX000507,EMP003,Kabir,2026-05-29,CloudWorks,Office,15754.82,Manager B,Engineering,Card,Bengaluru,False
TX000508,EMP001,Aarav,2026-06-14,TechSupply,Office,11891.09,Manager A,Operations,UPI,Mumbai,False
TX000509,EMP002,Meera,2026-05-01,CloudWorks,Software,21775.15,Manager B,Operations,Bank Transfer,Varanasi,False
TX000510,EMP004,Ishita,2026-04-08,OfficeMart,Software,28885.93,Manager A,Operations,UPI,Bengaluru,False
TX000511,EMP005,Rohan,2026-04-24,TravelDesk,Equipment,14119.78,Manager A,Operations,Bank Transfer,Varanasi,False
TX000512,EMP001,Aarav,2026-01-25,TravelDesk,Equipment,21098.31,Manager B,Engineering,UPI,Delhi,False
TX000513,EMP003,Kabir,2026-07-01,EquipHub,Office,25325.73,Manager B,Finance,UPI,Delhi,False
TX000514,EMP004,Ishita,2026-01-29,TravelDesk,Software,12747.43,Manager A,Operations,Bank Transfer,Bengaluru,False
TX000515,EMP003,Kabir,2026-06-15,OfficeMart,Equipment,11587.91,Manager A,Finance,Bank Transfer,Delhi,False
TX000516,EMP001,Aarav,2026-05-26,TechSupply,Equipment,250576.0286556603,Manager B,Finance,Card,Varanasi,True
TX000517,EMP003,Kabir,2026-07-09,CloudWorks,Equipment,171436.2698115567,Manager A,Operations,Card,Delhi,True
TX000518,EMP002,Meera,2026-01-22,OfficeMart,Travel,14673.77,Manager A,Finance,Card,Delhi,False
TX000519,EMP004,Ishita,2026-04-08,CloudWorks,Office,13483.19,Manager B,Operations,UPI,Varanasi,False
TX000520,EMP002,Meera,2026-03-25,TravelDesk,Travel,21403.33,Manager B,Finance,Card,Bengaluru,False
TX000521,EMP002,Meera,2026-03-07,TechSupply,Software,16236.16,Manager B,Finance,Card,Varanasi,False
TX000522,EMP003,Kabir,2026-03-08,OfficeMart,Office,17932.0,Manager B,Operations,Bank Transfer,Delhi,False
TX000523,EMP001,Aarav,2026-05-10,OfficeMart,Office,20501.35,Manager A,Engineering,Card,Delhi,False
TX000524,EMP005,Rohan,2026-08-24,EquipHub,Equipment,28378.44,Manager B,Operations,UPI,Bengaluru,False
TX000525,EMP005,Rohan,2026-01-09,TravelDesk,Office,12880.49,Manager A,Operations,UPI,Delhi,False
TX000526,EMP003,Kabir,2026-05-21,EquipHub,Office,19058.15,Manager B,Finance,Card,Bengaluru,False
TX000527,EMP003,Kabir,2026-06-19,OfficeMart,Equipment,13060.7,Manager A,Finance,Card,Varanasi,False
TX000528,EMP004,Ishita,2026-03-10,EquipHub,Software,17871.3,Manager A,Engineering,UPI,Varanasi,False
TX000529,EMP002,Meera,2026-07-21,EquipHub,Office,19720.63,Manager A,Finance,Card,Mumbai,False
TX000530,EMP004,Ishita,2026-07-31,OfficeMart,Travel,18644.61,Manager B,Finance,Card,Mumbai,False
TX000531,EMP001,Aarav,2026-01-15,TravelDesk,Equipment,15305.91,Manager A,Finance,UPI,Mumbai,False
TX000532,EMP005,Rohan,2026-07-21,TechSupply,Software,19533.93,Manager A,Operations,UPI,Bengaluru,False
TX000533,EMP005,Rohan,2026-01-14,EquipHub,Travel,19084.95,Manager A,Engineering,Bank Transfer,Bengaluru,False
TX000534,EMP004,Ishita,2026-02-11,CloudWorks,Software,19705.7,Manager A,Operations,UPI,Bengaluru,False
TX000535,EMP001,Aarav,2026-07-04,OfficeMart,Equipment,20235.61,Manager B,Operations,Bank Transfer,Delhi,False
TX000536,EMP005,Rohan,2026-01-05,EquipHub,Software,22330.93,Manager B,Engineering,Card,Mumbai,False
TX000537,EMP002,Meera,2026-02-24,EquipHub,Office,19024.25,Manager B,Finance,UPI,Bengaluru,False
TX000538,EMP001,Aarav,2026-02-10,OfficeMart,Equipment,20407.39,Manager A,Engineering,UPI,Bengaluru,False
TX000539,EMP005,Rohan,2026-06-28,CloudWorks,Office,13781.6,Manager A,Operations,Card,Mumbai,False
TX000540,EMP005,Rohan,2026-06-16,TravelDesk,Software,25887.91,Manager B,Finance,Bank Transfer,Varanasi,False
TX000541,EMP004,Ishita,2026-08-06,EquipHub,Office,14793.5,Manager A,Finance,UPI,Varanasi,False
TX000542,EMP001,Aarav,2026-03-04,OfficeMart,Office,29277.98,Manager A,Operations,UPI,Delhi,False
TX000543,EMP001,Aarav,2026-04-05,EquipHub,Equipment,8130.66,Manager B,Operations,Bank Transfer,Mumbai,False
TX000544,EMP003,Kabir,2026-01-23,TechSupply,Travel,23648.04,Manager B,Operations,Bank Transfer,Mumbai,False
TX000545,EMP001,Aarav,2026-02-24,TechSupply,Equipment,11456.37,Manager B,Operations,UPI,Varanasi,False
TX000546,EMP003,Kabir,2026-02-21,TravelDesk,Software,29578.28,Manager A,Engineering,UPI,Delhi,False
TX000547,EMP004,Ishita,2026-03-27,TechSupply,Equipment,15725.61,Manager B,Engineering,Card,Varanasi,False
TX000548,EMP005,Rohan,2026-06-11,CloudWorks,Software,15923.79,Manager B,Operations,UPI,Delhi,False
TX000549,EMP005,Rohan,2026-05-25,TechSupply,Office,26750.53,Manager B,Finance,Card,Delhi,False
TX000550,EMP003,Kabir,2026-08-22,TechSupply,Office,10235.45,Manager A,Engineering,UPI,Delhi,False
TX000551,EMP002,Meera,2026-06-23,OfficeMart,Travel,29757.14,Manager A,Operations,Card,Varanasi,False
TX000552,EMP001,Aarav,2026-03-30,TravelDesk,Software,29051.86,Manager A,Operations,Bank Transfer,Varanasi,False
TX000553,EMP002,Meera,2026-04-10,TechSupply,Equipment,29841.73,Manager B,Operations,UPI,Varanasi,False
TX000554,EMP001,Aarav,2026-01-23,OfficeMart,Software,14086.07,Manager B,Finance,Card,Delhi,False
TX000555,EMP001,Aarav,2026-04-28,TechSupply,Travel,300153.28189231374,Manager A,Finance,Bank Transfer,Bengaluru,True
TX000556,EMP004,Ishita,2026-06-03,EquipHub,Equipment,16055.28,Manager A,Operations,UPI,Mumbai,False
TX000557,EMP002,Meera,2026-05-26,TechSupply,Office,15373.44,Manager B,Operations,Card,Delhi,False
TX000558,EMP001,Aarav,2026-04-13,OfficeMart,Office,17869.43,Manager A,Engineering,UPI,Bengaluru,False
TX000559,EMP003,Kabir,2026-07-26,TravelDesk,Software,26355.95,Manager A,Finance,UPI,Bengaluru,False
TX000560,EMP005,Rohan,2026-05-11,EquipHub,Office,17868.65,Manager B,Operations,Card,Varanasi,False
TX000561,EMP002,Meera,2026-06-18,OfficeMart,Software,23661.87,Manager A,Operations,UPI,Mumbai,False
TX000562,EMP004,Ishita,2026-04-20,CloudWorks,Office,29871.78,Manager B,Engineering,Bank Transfer,Bengaluru,False
TX000563,EMP001,Aarav,2026-01-28,CloudWorks,Office,29538.68,Manager A,Engineering,Card,Bengaluru,False
TX000564,EMP003,Kabir,2026-08-23,TravelDesk,Equipment,27907.25,Manager A,Operations,Card,Varanasi,False
TX000565,EMP002,Meera,2026-07-17,EquipHub,Equipment,14994.13,Manager A,Engineering,Bank Transfer,Delhi,False
TX000566,EMP005,Rohan,2026-07-26,OfficeMart,Software,17685.33,Manager B,Operations,Card,Delhi,False
TX000567,EMP001,Aarav,2026-01-03,TravelDesk,Travel,27615.16,Manager B,Engineering,Card,Varanasi,False
TX000568,EMP001,Aarav,2026-01-10,OfficeMart,Travel,25511.63,Manager B,Finance,Bank Transfer,Varanasi,False
TX000569,EMP004,Ishita,2026-05-02,EquipHub,Office,12293.18,Manager B,Operations,UPI,Bengaluru,False
TX000570,EMP003,Kabir,2026-02-15,TravelDesk,Equipment,28962.95,Manager B,Engineering,UPI,Mumbai,False
TX000571,EMP004,Ishita,2026-08-08,CloudWorks,Office,19631.4,Manager A,Engineering,UPI,Varanasi,False
TX000572,EMP005,Rohan,2026-02-19,CloudWorks,Equipment,19273.32,Manager B,Finance,Bank Transfer,Bengaluru,False
TX000573,EMP001,Aarav,2026-01-01,TravelDesk,Software,23116.18,Manager A,Operations,UPI,Delhi,False
TX000574,EMP001,Aarav,2026-07-15,OfficeMart,Travel,26759.62,Manager A,Operations,Bank Transfer,Varanasi,False
TX000575,EMP002,Meera,2026-01-10,OfficeMart,Travel,28381.79,Manager A,Engineering,Card,Delhi,False
TX000576,EMP001,Aarav,2026-02-10,TechSupply,Office,19414.02,Manager A,Engineering,Bank Transfer,Mumbai,False
TX000577,EMP002,Meera,2026-07-02,TechSupply,Equipment,9975.64,Manager A,Finance,Card,Varanasi,False
TX000578,EMP001,Aarav,2026-02-08,EquipHub,Office,222032.8189307418,Manager A,Finance,Card,Mumbai,True
TX000579,EMP002,Meera,2026-04-10,EquipHub,Travel,11517.86,Manager B,Operations,UPI,Varanasi,False
TX000580,EMP003,Kabir,2026-04-21,TechSupply,Software,22124.78,Manager B,Engineering,Bank Transfer,Delhi,False
TX000581,EMP004,Ishita,2026-03-19,TravelDesk,Equipment,22592.23,Manager A,Finance,Card,Varanasi,False
TX000582,EMP005,Rohan,2026-02-11,EquipHub,Equipment,25281.0,Manager B,Finance,Bank Transfer,Varanasi,False
TX000583,EMP003,Kabir,2026-07-02,TechSupply,Travel,9008.19,Manager A,Engineering,Bank Transfer,Delhi,False
TX000584,EMP001,Aarav,2026-01-14,OfficeMart,Equipment,33287.93,Manager B,Operations,Card,Mumbai,False
TX000585,EMP004,Ishita,2026-05-11,OfficeMart,Office,21757.84,Manager B,Finance,UPI,Mumbai,False
TX000586,EMP001,Aarav,2026-05-12,TravelDesk,Equipment,17867.36,Manager B,Operations,Card,Delhi,False
TX000587,EMP003,Kabir,2026-04-29,CloudWorks,Travel,23683.68,Manager B,Operations,Bank Transfer,Delhi,False
TX000588,EMP002,Meera,2026-08-13,TechSupply,Travel,20233.68,Manager B,Finance,Bank Transfer,Bengaluru,False
TX000589,EMP001,Aarav,2026-06-05,OfficeMart,Equipment,9153.0,Manager B,Engineering,Bank Transfer,Bengaluru,False
TX000590,EMP002,Meera,2026-08-24,TravelDesk,Equipment,31272.29,Manager B,Finance,Bank Transfer,Delhi,False
TX000591,EMP002,Meera,2026-04-20,OfficeMart,Office,20670.36,Manager B,Engineering,Card,Mumbai,False
TX000592,EMP003,Kabir,2026-06-29,TechSupply,Office,24321.89,Manager B,Engineering,Card,Bengaluru,False
TX000593,EMP003,Kabir,2026-08-13,TravelDesk,Software,34972.46,Manager A,Engineering,Bank Transfer,Mumbai,False
TX000594,EMP002,Meera,2026-04-29,TechSupply,Software,23123.63,Manager B,Finance,Card,Varanasi,False
TX000595,EMP001,Aarav,2026-08-15,EquipHub,Travel,18235.82,Manager A,Operations,Card,Varanasi,False
TX000596,EMP003,Kabir,2026-05-08,EquipHub,Office,31649.49,Manager A,Engineering,Bank Transfer,Varanasi,False
TX000597,EMP004,Ishita,2026-08-03,EquipHub,Travel,27549.4,Manager A,Operations,Card,Mumbai,False
TX000598,EMP004,Ishita,2026-07-30,CloudWorks,Travel,22588.16,Manager B,Operations,UPI,Varanasi,False
TX000599,EMP004,Ishita,2026-05-09,TravelDesk,Office,16549.58,Manager B,Operations,UPI,Varanasi,False
TX000600,EMP002,Meera,2026-02-19,CloudWorks,Travel,19358.15,Manager B,Engineering,UPI,Delhi,False
TX000601,EMP004,Ishita,2026-01-08,TechSupply,Travel,34536.75,Manager B,Operations,Card,Delhi,False
TX000602,EMP004,Ishita,2026-05-06,TravelDesk,Software,14481.22,Manager A,Engineering,UPI,Bengaluru,False
TX000603,EMP001,Aarav,2026-06-21,EquipHub,Software,21396.61,Manager A,Engineering,UPI,Delhi,False
TX000604,EMP003,Kabir,2026-02-04,TravelDesk,Travel,28868.66,Manager B,Operations,Bank Transfer,Varanasi,False
TX000605,EMP003,Kabir,2026-02-27,TravelDesk,Office,18914.45,Manager A,Engineering,Bank Transfer,Varanasi,False
TX000606,EMP002,Meera,2026-03-07,CloudWorks,Travel,18741.75,Manager B,Finance,Bank Transfer,Mumbai,False
TX000607,EMP003,Kabir,2026-06-01,EquipHub,Office,21429.95,Manager B,Finance,Card,Delhi,False
TX000608,EMP003,Kabir,2026-05-28,TechSupply,Software,18002.82,Manager A,Finance,UPI,Bengaluru,False
TX000609,EMP003,Kabir,2026-02-07,EquipHub,Travel,18043.25,Manager B,Operations,Card,Delhi,False
TX000610,EMP003,Kabir,2026-06-27,OfficeMart,Travel,8270.96,Manager A,Finance,UPI,Delhi,False
TX000611,EMP001,Aarav,2026-05-08,CloudWorks,Equipment,15625.72,Manager B,Engineering,Card,Mumbai,False
TX000612,EMP005,Rohan,2026-07-01,OfficeMart,Travel,18356.72,Manager B,Operations,UPI,Bengaluru,False
TX000613,EMP005,Rohan,2026-07-01,EquipHub,Equipment,24745.22,Manager B,Engineering,UPI,Bengaluru,False
TX000614,EMP005,Rohan,2026-07-12,TechSupply,Equipment,29212.18,Manager B,Engineering,UPI,Delhi,False
TX000615,EMP003,Kabir,2026-03-22,TechSupply,Office,19938.95,Manager A,Operations,Card,Varanasi,False
TX000616,EMP003,Kabir,2026-06-09,EquipHub,Travel,26450.51,Manager A,Operations,Bank Transfer,Varanasi,False
TX000617,EMP003,Kabir,2026-02-12,CloudWorks,Equipment,33114.06,Manager A,Finance,Card,Varanasi,False
TX000618,EMP002,Meera,2026-03-26,TechSupply,Travel,29899.29,Manager B,Operations,Bank Transfer,Mumbai,False
TX000619,EMP005,Rohan,2026-03-20,EquipHub,Office,26721.07,Manager A,Operations,UPI,Varanasi,False
TX000620,EMP003,Kabir,2026-03-12,CloudWorks,Office,8423.87,Manager B,Finance,Bank Transfer,Bengaluru,False
TX000621,EMP005,Rohan,2026-05-23,TravelDesk,Equipment,23232.24,Manager B,Operations,UPI,Bengaluru,False
TX000622,EMP002,Meera,2026-05-07,EquipHub,Office,21454.19,Manager B,Engineering,Card,Varanasi,False
TX000623,EMP001,Aarav,2026-04-25,CloudWorks,Software,26969.75,Manager A,Finance,UPI,Delhi,False
TX000624,EMP002,Meera,2026-06-22,TravelDesk,Software,6748.13,Manager B,Operations,UPI,Mumbai,False
TX000625,EMP004,Ishita,2026-07-08,TechSupply,Equipment,28789.94,Manager A,Finance,Bank Transfer,Delhi,False
TX000626,EMP003,Kabir,2026-06-20,TravelDesk,Office,18483.98,Manager A,Finance,UPI,Bengaluru,False
TX000627,EMP003,Kabir,2026-05-19,OfficeMart,Travel,14798.0,Manager B,Operations,Card,Varanasi,False
TX000628,EMP004,Ishita,2026-03-19,CloudWorks,Office,19355.96,Manager B,Operations,Card,Bengaluru,False
TX000629,EMP001,Aarav,2026-05-12,CloudWorks,Travel,12187.73,Manager A,Operations,Bank Transfer,Delhi,False
TX000630,EMP001,Aarav,2026-08-20,TechSupply,Software,21144.35,Manager B,Engineering,Card,Bengaluru,False
TX000631,EMP002,Meera,2026-08-10,TechSupply,Travel,22737.39,Manager A,Finance,UPI,Varanasi,False
TX000632,EMP003,Kabir,2026-06-27,TravelDesk,Travel,18098.67,Manager B,Engineering,Card,Varanasi,False
TX000633,EMP005,Rohan,2026-06-03,CloudWorks,Office,22857.32,Manager A,Engineering,Card,Bengaluru,False
TX000634,EMP001,Aarav,2026-06-12,TravelDesk,Equipment,25967.53,Manager B,Engineering,UPI,Varanasi,False
TX000635,EMP005,Rohan,2026-07-21,EquipHub,Travel,23674.79,Manager B,Engineering,UPI,Varanasi,False
TX000636,EMP005,Rohan,2026-04-23,TechSupply,Travel,16183.55,Manager A,Operations,Card,Delhi,False
TX000637,EMP004,Ishita,2026-04-29,TravelDesk,Software,24588.63,Manager B,Engineering,UPI,Delhi,False
TX000638,EMP002,Meera,2026-04-10,CloudWorks,Software,28299.81,Manager B,Operations,UPI,Bengaluru,False
TX000639,EMP002,Meera,2026-05-07,OfficeMart,Office,20038.27,Manager B,Engineering,Card,Delhi,False
TX000640,EMP005,Rohan,2026-08-18,OfficeMart,Office,20718.57,Manager B,Operations,Card,Varanasi,False
TX000641,EMP001,Aarav,2026-08-18,TravelDesk,Equipment,19975.14,Manager A,Finance,Bank Transfer,Bengaluru,False
TX000642,EMP002,Meera,2026-02-10,TechSupply,Software,20229.34,Manager B,Operations,Card,Mumbai,False
TX000643,EMP005,Rohan,2026-08-04,EquipHub,Software,15554.63,Manager A,Engineering,UPI,Bengaluru,False
TX000644,EMP001,Aarav,2026-04-28,EquipHub,Office,24337.44,Manager A,Operations,UPI,Bengaluru,False
TX000645,EMP001,Aarav,2026-03-28,OfficeMart,Travel,10608.56,Manager B,Engineering,Bank Transfer,Delhi,False
TX000646,EMP002,Meera,2026-01-22,TravelDesk,Office,19163.89,Manager A,Finance,UPI,Delhi,False
TX000647,EMP004,Ishita,2026-07-09,TravelDesk,Equipment,12821.32,Manager B,Engineering,Bank Transfer,Varanasi,False
TX000648,EMP003,Kabir,2026-07-18,TechSupply,Software,21692.98,Manager A,Engineering,Bank Transfer,Bengaluru,False
TX000649,EMP005,Rohan,2026-01-11,EquipHub,Office,13829.29,Manager B,Engineering,UPI,Varanasi,False
TX000650,EMP003,Kabir,2026-02-19,OfficeMart,Travel,22817.44,Manager B,Finance,Bank Transfer,Delhi,False
TX000651,EMP004,Ishita,2026-05-08,CloudWorks,Equipment,24995.57,Manager A,Finance,Card,Delhi,False
TX000652,EMP001,Aarav,2026-07-02,CloudWorks,Office,19924.62,Manager A,Engineering,Bank Transfer,Mumbai,False
TX000653,EMP005,Rohan,2026-07-18,OfficeMart,Equipment,14732.78,Manager B,Engineering,Bank Transfer,Delhi,False
TX000654,EMP001,Aarav,2026-08-27,OfficeMart,Travel,26530.83,Manager B,Operations,UPI,Varanasi,False
TX000655,EMP005,Rohan,2026-05-28,TravelDesk,Office,15359.45,Manager A,Operations,Card,Mumbai,False
TX000656,EMP004,Ishita,2026-07-31,EquipHub,Travel,35632.4,Manager A,Operations,Card,Delhi,False
TX000657,EMP004,Ishita,2026-04-14,CloudWorks,Equipment,20224.84,Manager A,Finance,Card,Varanasi,False
TX000658,EMP002,Meera,2026-01-25,TechSupply,Office,20028.78,Manager B,Operations,Card,Delhi,False
TX000659,EMP002,Meera,2026-05-24,CloudWorks,Travel,26982.89,Manager B,Finance,Bank Transfer,Bengaluru,False
TX000660,EMP003,Kabir,2026-08-22,TechSupply,Office,31766.92,Manager B,Engineering,Bank Transfer,Delhi,False
TX000661,EMP005,Rohan,2026-03-06,EquipHub,Software,27625.15,Manager A,Finance,UPI,Delhi,False
TX000662,EMP002,Meera,2026-06-22,TravelDesk,Equipment,19927.11,Manager B,Operations,Bank Transfer,Delhi,False
TX000663,EMP002,Meera,2026-06-13,TravelDesk,Software,25469.98,Manager B,Operations,UPI,Varanasi,False
TX000664,EMP003,Kabir,2026-04-21,TechSupply,Office,30073.47,Manager B,Operations,UPI,Mumbai,False
TX000665,EMP003,Kabir,2026-05-20,OfficeMart,Travel,22071.85,Manager B,Finance,UPI,Mumbai,False
TX000666,EMP003,Kabir,2026-07-29,OfficeMart,Office,24166.18,Manager A,Finance,UPI,Varanasi,False
TX000667,EMP002,Meera,2026-08-21,CloudWorks,Office,25845.61,Manager A,Finance,Bank Transfer,Delhi,False
TX000668,EMP005,Rohan,2026-01-28,TechSupply,Software,24585.32,Manager A,Engineering,Bank Transfer,Varanasi,False
TX000669,EMP004,Ishita,2026-01-25,EquipHub,Equipment,19611.26,Manager A,Operations,Bank Transfer,Delhi,False
TX000670,EMP001,Aarav,2026-07-21,CloudWorks,Office,19303.36,Manager B,Engineering,Card,Varanasi,False
TX000671,EMP003,Kabir,2026-08-09,TechSupply,Office,26650.97,Manager B,Operations,Bank Transfer,Varanasi,False
TX000672,EMP002,Meera,2026-02-13,TechSupply,Software,27206.75,Manager A,Finance,Card,Varanasi,False
TX000673,EMP004,Ishita,2026-05-25,EquipHub,Software,20385.28,Manager A,Finance,UPI,Mumbai,False
TX000674,EMP004,Ishita,2026-08-03,EquipHub,Office,19384.85,Manager A,Engineering,Card,Delhi,False
TX000675,EMP003,Kabir,2026-05-02,TravelDesk,Travel,16481.46,Manager B,Operations,UPI,Varanasi,False
TX000676,EMP001,Aarav,2026-03-29,OfficeMart,Travel,16359.34,Manager B,Finance,UPI,Delhi,False
TX000677,EMP004,Ishita,2026-05-12,TravelDesk,Software,14192.65,Manager B,Engineering,Bank Transfer,Mumbai,False
TX000678,EMP005,Rohan,2026-08-24,EquipHub,Equipment,24179.8,Manager A,Finance,Card,Bengaluru,False
TX000679,EMP001,Aarav,2026-06-18,EquipHub,Travel,21204.93,Manager B,Engineering,Bank Transfer,Varanasi,False
TX000680,EMP002,Meera,2026-08-05,OfficeMart,Software,6753.99,Manager B,Engineering,UPI,Delhi,False
TX000681,EMP003,Kabir,2026-04-24,CloudWorks,Equipment,15284.37,Manager B,Finance,Bank Transfer,Mumbai,False
TX000682,EMP005,Rohan,2026-08-28,EquipHub,Software,23378.07,Manager B,Finance,UPI,Varanasi,False
TX000683,EMP002,Meera,2026-04-08,CloudWorks,Software,12998.67,Manager B,Finance,Bank Transfer,Bengaluru,False
TX000684,EMP002,Meera,2026-06-18,OfficeMart,Software,4595.38,Manager B,Engineering,UPI,Mumbai,False
TX000685,EMP004,Ishita,2026-04-21,EquipHub,Equipment,21915.07,Manager B,Operations,UPI,Mumbai,False
TX000686,EMP004,Ishita,2026-01-12,TravelDesk,Equipment,19986.14,Manager B,Finance,Bank Transfer,Bengaluru,False
TX000687,EMP001,Aarav,2026-08-17,TechSupply,Travel,17554.85,Manager A,Finance,Card,Mumbai,False
TX000688,EMP003,Kabir,2026-02-16,EquipHub,Travel,17400.52,Manager B,Operations,UPI,Varanasi,False
TX000689,EMP001,Aarav,2026-04-11,EquipHub,Equipment,18619.92,Manager A,Operations,Card,Mumbai,False
TX000690,EMP002,Meera,2026-07-30,EquipHub,Equipment,26258.11,Manager A,Operations,Bank Transfer,Mumbai,False
TX000691,EMP001,Aarav,2026-05-16,OfficeMart,Travel,23521.1,Manager A,Engineering,Card,Varanasi,False
TX000692,EMP004,Ishita,2026-04-16,CloudWorks,Software,18607.09,Manager B,Finance,UPI,Mumbai,False
TX000693,EMP004,Ishita,2026-07-12,OfficeMart,Office,15797.74,Manager A,Operations,Bank Transfer,Bengaluru,False
TX000694,EMP005,Rohan,2026-05-14,CloudWorks,Travel,21037.67,Manager A,Engineering,Card,Bengaluru,False
TX000695,EMP002,Meera,2026-04-15,TechSupply,Travel,18796.58,Manager A,Engineering,UPI,Bengaluru,False
TX000696,EMP005,Rohan,2026-05-24,TravelDesk,Travel,9482.63,Manager A,Engineering,Card,Mumbai,False
TX000697,EMP003,Kabir,2026-01-14,TravelDesk,Software,16026.45,Manager A,Operations,UPI,Delhi,False
TX000698,EMP004,Ishita,2026-06-29,TravelDesk,Travel,18978.84,Manager B,Finance,UPI,Varanasi,False
TX000699,EMP001,Aarav,2026-03-05,CloudWorks,Travel,28179.12,Manager A,Operations,UPI,Delhi,False
TX000700,EMP001,Aarav,2026-08-10,CloudWorks,Software,22085.98,Manager B,Finance,UPI,Delhi,False
TX000701,EMP003,Kabir,2026-03-13,OfficeMart,Software,13219.14,Manager A,Engineering,UPI,Bengaluru,False
TX000702,EMP005,Rohan,2026-01-09,TechSupply,Software,22796.4,Manager B,Engineering,Card,Varanasi,False
TX000703,EMP002,Meera,2026-03-05,TechSupply,Office,17377.1,Manager B,Finance,Card,Mumbai,False
TX000704,EMP004,Ishita,2026-01-15,EquipHub,Office,20147.89,Manager B,Operations,Card,Varanasi,False
TX000705,EMP004,Ishita,2026-01-10,OfficeMart,Travel,15930.76,Manager B,Operations,Bank Transfer,Varanasi,False
TX000706,EMP002,Meera,2026-04-18,TechSupply,Software,17844.63,Manager B,Engineering,Card,Delhi,False
TX000707,EMP001,Aarav,2026-04-06,OfficeMart,Software,15073.56,Manager A,Finance,Bank Transfer,Varanasi,False
TX000708,EMP004,Ishita,2026-01-21,OfficeMart,Office,22822.64,Manager B,Engineering,UPI,Delhi,False
TX000709,EMP004,Ishita,2026-02-08,TechSupply,Software,11322.53,Manager B,Finance,UPI,Bengaluru,False
TX000710,EMP003,Kabir,2026-04-23,TravelDesk,Software,15934.54,Manager B,Finance,Bank Transfer,Delhi,False
TX000711,EMP003,Kabir,2026-08-17,EquipHub,Equipment,9846.19,Manager B,Operations,Card,Delhi,False
TX000712,EMP002,Meera,2026-05-19,EquipHub,Equipment,22631.72,Manager A,Engineering,UPI,Varanasi,False
TX000713,EMP002,Meera,2026-08-09,EquipHub,Equipment,11849.43,Manager A,Finance,Card,Bengaluru,False
TX000714,EMP001,Aarav,2026-06-17,TechSupply,Travel,11585.19,Manager B,Operations,Card,Varanasi,False
TX000715,EMP005,Rohan,2026-02-28,OfficeMart,Travel,27974.93,Manager B,Finance,Bank Transfer,Bengaluru,False
TX000716,EMP005,Rohan,2026-07-25,OfficeMart,Office,21090.36,Manager A,Finance,UPI,Varanasi,False
TX000717,EMP005,Rohan,2026-02-23,EquipHub,Travel,11525.36,Manager B,Operations,Bank Transfer,Delhi,False
TX000718,EMP003,Kabir,2026-01-02,TravelDesk,Travel,10218.84,Manager A,Engineering,Bank Transfer,Delhi,False
TX000719,EMP001,Aarav,2026-08-12,EquipHub,Equipment,21845.86,Manager B,Engineering,UPI,Delhi,False
TX000720,EMP001,Aarav,2026-02-10,TravelDesk,Software,22794.75,Manager B,Finance,Bank Transfer,Mumbai,False
TX000721,EMP003,Kabir,2026-01-23,TechSupply,Office,24297.1,Manager A,Finance,UPI,Mumbai,False
TX000722,EMP001,Aarav,2026-02-12,EquipHub,Office,19856.06,Manager A,Operations,Card,Varanasi,False
TX000723,EMP005,Rohan,2026-05-19,OfficeMart,Equipment,435861.26435742603,Manager A,Engineering,UPI,Varanasi,True
TX000724,EMP001,Aarav,2026-02-08,TechSupply,Travel,24813.96,Manager A,Operations,Bank Transfer,Varanasi,False
TX000725,EMP002,Meera,2026-04-01,EquipHub,Travel,23766.4,Manager A,Engineering,Bank Transfer,Bengaluru,False
TX000726,EMP004,Ishita,2026-08-15,EquipHub,Software,27511.62,Manager A,Operations,Bank Transfer,Bengaluru,False
TX000727,EMP003,Kabir,2026-01-01,TravelDesk,Software,17096.85,Manager A,Operations,Bank Transfer,Bengaluru,False
TX000728,EMP004,Ishita,2026-03-21,OfficeMart,Software,32536.94,Manager A,Engineering,Card,Mumbai,False
TX000729,EMP005,Rohan,2026-06-29,TechSupply,Equipment,27306.87,Manager B,Finance,Card,Delhi,False
TX000730,EMP001,Aarav,2026-08-21,OfficeMart,Software,13284.76,Manager A,Engineering,Bank Transfer,Delhi,False
TX000731,EMP004,Ishita,2026-08-07,OfficeMart,Software,11583.72,Manager A,Finance,Card,Mumbai,False
TX000732,EMP003,Kabir,2026-03-15,TechSupply,Travel,22944.8,Manager B,Engineering,Card,Bengaluru,False
TX000733,EMP004,Ishita,2026-05-07,TechSupply,Equipment,19610.61,Manager A,Finance,Bank Transfer,Varanasi,False
TX000734,EMP005,Rohan,2026-02-24,TechSupply,Software,27884.4,Manager B,Engineering,UPI,Delhi,False
TX000735,EMP004,Ishita,2026-05-23,TravelDesk,Software,8997.47,Manager A,Engineering,Bank Transfer,Mumbai,False
TX000736,EMP005,Rohan,2026-05-23,CloudWorks,Software,19157.41,Manager A,Engineering,UPI,Mumbai,False
TX000737,EMP005,Rohan,2026-05-26,TravelDesk,Software,21732.66,Manager B,Finance,UPI,Mumbai,False
TX000738,EMP001,Aarav,2026-01-09,TravelDesk,Equipment,12859.24,Manager A,Engineering,Bank Transfer,Bengaluru,False
TX000739,EMP001,Aarav,2026-05-17,CloudWorks,Software,6546.4,Manager B,Engineering,UPI,Delhi,False
TX000740,EMP002,Meera,2026-04-20,TravelDesk,Equipment,10438.53,Manager A,Engineering,Card,Bengaluru,False
TX000741,EMP005,Rohan,2026-06-23,OfficeMart,Travel,29350.43,Manager A,Operations,Bank Transfer,Varanasi,False
TX000742,EMP003,Kabir,2026-07-18,OfficeMart,Travel,24744.2,Manager A,Engineering,Bank Transfer,Varanasi,False
TX000743,EMP002,Meera,2026-02-12,CloudWorks,Office,13382.91,Manager A,Operations,UPI,Delhi,False
TX000744,EMP004,Ishita,2026-01-30,EquipHub,Software,32186.91,Manager A,Engineering,Card,Delhi,False
TX000745,EMP001,Aarav,2026-07-05,TechSupply,Travel,22966.08,Manager B,Engineering,UPI,Varanasi,False
TX000746,EMP001,Aarav,2026-05-04,CloudWorks,Travel,22840.21,Manager B,Operations,Bank Transfer,Delhi,False
TX000747,EMP004,Ishita,2026-03-24,EquipHub,Travel,22174.76,Manager A,Finance,Card,Mumbai,False
TX000748,EMP001,Aarav,2026-06-13,OfficeMart,Office,23198.72,Manager A,Operations,Card,Bengaluru,False
TX000749,EMP003,Kabir,2026-04-30,TechSupply,Equipment,8494.04,Manager B,Engineering,Card,Bengaluru,False
TX000750,EMP001,Aarav,2026-08-02,EquipHub,Travel,26541.33,Manager A,Finance,UPI,Mumbai,False
TX000751,EMP005,Rohan,2026-05-18,CloudWorks,Travel,17260.9,Manager A,Operations,Bank Transfer,Bengaluru,False
TX000752,EMP004,Ishita,2026-05-05,TechSupply,Travel,22667.37,Manager A,Engineering,Bank Transfer,Delhi,False
TX000753,EMP004,Ishita,2026-03-30,EquipHub,Office,27066.88,Manager B,Finance,Bank Transfer,Bengaluru,False
TX000754,EMP001,Aarav,2026-03-29,EquipHub,Travel,14031.06,Manager A,Operations,Card,Varanasi,False
TX000755,EMP002,Meera,2026-03-03,TechSupply,Software,19434.36,Manager A,Operations,Bank Transfer,Delhi,False
TX000756,EMP004,Ishita,2026-01-16,OfficeMart,Travel,24064.21,Manager A,Operations,UPI,Delhi,False
TX000757,EMP005,Rohan,2026-03-11,CloudWorks,Software,24439.12,Manager A,Operations,UPI,Delhi,False
TX000758,EMP005,Rohan,2026-01-12,TravelDesk,Office,16662.53,Manager B,Finance,Card,Varanasi,False
TX000759,EMP005,Rohan,2026-03-06,OfficeMart,Equipment,22859.89,Manager B,Engineering,Bank Transfer,Bengaluru,False
TX000760,EMP004,Ishita,2026-01-15,TechSupply,Travel,13562.95,Manager A,Operations,Bank Transfer,Varanasi,False
TX000761,EMP001,Aarav,2026-04-14,EquipHub,Travel,20946.19,Manager B,Operations,Card,Mumbai,False
TX000762,EMP004,Ishita,2026-06-03,TechSupply,Equipment,19556.92,Manager A,Finance,Card,Varanasi,False
TX000763,EMP001,Aarav,2026-07-05,CloudWorks,Software,11477.85,Manager B,Operations,Card,Varanasi,False
TX000764,EMP003,Kabir,2026-06-10,TechSupply,Office,16711.14,Manager B,Finance,UPI,Mumbai,False
TX000765,EMP004,Ishita,2026-04-05,OfficeMart,Software,22509.49,Manager B,Finance,Card,Delhi,False
TX000766,EMP004,Ishita,2026-08-12,TravelDesk,Software,20828.08,Manager A,Finance,Bank Transfer,Bengaluru,False
TX000767,EMP003,Kabir,2026-06-24,CloudWorks,Software,23188.16,Manager B,Operations,Bank Transfer,Mumbai,False
TX000768,EMP004,Ishita,2026-05-13,OfficeMart,Equipment,16421.13,Manager A,Finance,UPI,Varanasi,False
TX000769,EMP002,Meera,2026-07-31,CloudWorks,Equipment,17407.02,Manager B,Engineering,Bank Transfer,Bengaluru,False
TX000770,EMP002,Meera,2026-01-27,TechSupply,Office,20896.93,Manager B,Engineering,Bank Transfer,Delhi,False
TX000771,EMP002,Meera,2026-04-15,TravelDesk,Equipment,24167.8,Manager A,Engineering,Bank Transfer,Mumbai,False
TX000772,EMP001,Aarav,2026-04-22,TechSupply,Equipment,11304.85,Manager A,Finance,Card,Varanasi,False
TX000773,EMP003,Kabir,2026-06-30,TravelDesk,Equipment,16254.29,Manager B,Operations,Bank Transfer,Bengaluru,False
TX000774,EMP003,Kabir,2026-04-06,TravelDesk,Software,23624.46,Manager B,Finance,Card,Mumbai,False
TX000775,EMP001,Aarav,2026-07-09,EquipHub,Travel,22071.81,Manager B,Finance,Bank Transfer,Mumbai,False
TX000776,EMP004,Ishita,2026-08-07,EquipHub,Equipment,19211.93,Manager B,Operations,UPI,Mumbai,False
TX000777,EMP001,Aarav,2026-01-03,CloudWorks,Software,20119.18,Manager A,Engineering,Card,Varanasi,False
TX000778,EMP002,Meera,2026-05-05,OfficeMart,Travel,11020.65,Manager A,Engineering,Bank Transfer,Mumbai,False
TX000779,EMP003,Kabir,2026-02-10,TechSupply,Travel,8768.26,Manager A,Operations,Card,Bengaluru,False
TX000780,EMP005,Rohan,2026-01-23,TechSupply,Equipment,24991.3,Manager B,Operations,Bank Transfer,Bengaluru,False
TX000781,EMP001,Aarav,2026-08-18,OfficeMart,Equipment,24932.53,Manager B,Operations,Card,Varanasi,False
TX000782,EMP004,Ishita,2026-07-29,TechSupply,Equipment,27560.2,Manager A,Finance,Bank Transfer,Varanasi,False
TX000783,EMP002,Meera,2026-06-03,TravelDesk,Travel,24354.1,Manager A,Finance,Card,Delhi,False
TX000784,EMP002,Meera,2026-01-27,EquipHub,Software,13600.72,Manager B,Finance,UPI,Delhi,False
TX000785,EMP004,Ishita,2026-03-11,EquipHub,Equipment,17751.66,Manager B,Operations,Card,Delhi,False
TX000786,EMP003,Kabir,2026-08-19,CloudWorks,Travel,15518.44,Manager B,Operations,Card,Mumbai,False
TX000787,EMP002,Meera,2026-04-28,OfficeMart,Equipment,24568.25,Manager A,Engineering,UPI,Delhi,False
TX000788,EMP002,Meera,2026-05-05,TravelDesk,Travel,22855.18,Manager B,Operations,Bank Transfer,Mumbai,False
TX000789,EMP001,Aarav,2026-05-18,TravelDesk,Office,22294.78,Manager A,Finance,UPI,Varanasi,False
TX000790,EMP004,Ishita,2026-02-28,TechSupply,Office,29232.02,Manager A,Finance,Bank Transfer,Mumbai,False
TX000791,EMP002,Meera,2026-06-24,OfficeMart,Office,19394.94,Manager A,Finance,Card,Varanasi,False
TX000792,EMP004,Ishita,2026-01-19,OfficeMart,Software,31757.5,Manager A,Engineering,UPI,Mumbai,False
TX000793,EMP003,Kabir,2026-01-02,CloudWorks,Office,20561.3,Manager A,Engineering,UPI,Mumbai,False
TX000794,EMP002,Meera,2026-06-07,TechSupply,Travel,23944.66,Manager B,Engineering,Card,Bengaluru,False
TX000795,EMP002,Meera,2026-03-18,CloudWorks,Software,27729.7,Manager B,Engineering,Card,Delhi,False
TX000796,EMP003,Kabir,2026-03-10,TechSupply,Equipment,16210.84,Manager B,Finance,Card,Varanasi,False
TX000797,EMP001,Aarav,2026-03-19,CloudWorks,Equipment,17004.42,Manager B,Finance,UPI,Mumbai,False
TX000798,EMP003,Kabir,2026-07-26,TravelDesk,Software,20389.66,Manager B,Finance,Card,Delhi,False
TX000799,EMP004,Ishita,2026-05-01,TravelDesk,Office,12289.01,Manager A,Engineering,Card,Bengaluru,False
TX000800,EMP005,Rohan,2026-03-20,EquipHub,Software,14115.79,Manager B,Operations,UPI,Mumbai,False
TX000801,EMP004,Ishita,2026-05-30,CloudWorks,Software,28340.96,Manager A,Finance,UPI,Delhi,False
TX000802,EMP002,Meera,2026-04-29,EquipHub,Software,24704.29,Manager B,Finance,UPI,Bengaluru,False
TX000803,EMP004,Ishita,2026-03-05,TechSupply,Office,17584.67,Manager A,Finance,Card,Bengaluru,False
TX000804,EMP005,Rohan,2026-06-27,EquipHub,Office,220845.7450041716,Manager B,Finance,Bank Transfer,Bengaluru,True
TX000805,EMP003,Kabir,2026-03-15,EquipHub,Travel,24338.03,Manager B,Finance,UPI,Delhi,False
TX000806,EMP004,Ishita,2026-06-01,EquipHub,Equipment,16830.47,Manager B,Operations,Bank Transfer,Bengaluru,False
TX000807,EMP001,Aarav,2026-03-05,TravelDesk,Travel,25293.21,Manager A,Engineering,Card,Mumbai,False
TX000808,EMP003,Kabir,2026-08-27,EquipHub,Travel,22071.35,Manager A,Operations,Card,Varanasi,False
TX000809,EMP002,Meera,2026-05-06,EquipHub,Travel,19072.75,Manager A,Engineering,Bank Transfer,Mumbai,False
TX000810,EMP002,Meera,2026-01-11,TravelDesk,Software,31920.86,Manager A,Operations,Bank Transfer,Delhi,False
TX000811,EMP003,Kabir,2026-07-22,TechSupply,Equipment,18804.39,Manager B,Operations,Bank Transfer,Delhi,False
TX000812,EMP001,Aarav,2026-03-04,EquipHub,Office,24003.59,Manager B,Finance,Card,Varanasi,False
TX000813,EMP003,Kabir,2026-01-24,TechSupply,Travel,16587.93,Manager B,Engineering,Card,Mumbai,False
TX000814,EMP005,Rohan,2026-06-24,OfficeMart,Equipment,13649.54,Manager A,Operations,UPI,Delhi,False
TX000815,EMP004,Ishita,2026-01-09,CloudWorks,Office,27652.32,Manager A,Operations,Card,Bengaluru,False
TX000816,EMP001,Aarav,2026-08-24,EquipHub,Equipment,16058.55,Manager A,Engineering,Bank Transfer,Mumbai,False
TX000817,EMP001,Aarav,2026-02-25,TravelDesk,Software,28161.16,Manager A,Engineering,Bank Transfer,Varanasi,False
TX000818,EMP001,Aarav,2026-05-11,EquipHub,Equipment,34302.96,Manager A,Finance,UPI,Delhi,False
TX000819,EMP004,Ishita,2026-05-29,EquipHub,Travel,29188.96,Manager B,Engineering,UPI,Mumbai,False
TX000820,EMP003,Kabir,2026-02-26,CloudWorks,Travel,10686.59,Manager B,Finance,Bank Transfer,Mumbai,False
TX000821,EMP003,Kabir,2026-08-20,TechSupply,Office,5920.79,Manager A,Operations,UPI,Bengaluru,False
TX000822,EMP002,Meera,2026-03-31,TechSupply,Software,10981.8,Manager A,Operations,Card,Delhi,False
TX000823,EMP004,Ishita,2026-03-16,EquipHub,Office,20171.5,Manager A,Engineering,Card,Bengaluru,False
TX000824,EMP004,Ishita,2026-02-16,OfficeMart,Software,16681.28,Manager B,Engineering,Card,Varanasi,False
TX000825,EMP004,Ishita,2026-07-04,TechSupply,Travel,7702.77,Manager A,Operations,Card,Delhi,False
TX000826,EMP003,Kabir,2026-02-11,EquipHub,Software,14731.17,Manager A,Operations,UPI,Bengaluru,False
TX000827,EMP003,Kabir,2026-04-16,OfficeMart,Software,21180.96,Manager B,Finance,Card,Bengaluru,False
TX000828,EMP005,Rohan,2026-03-11,CloudWorks,Office,23002.31,Manager A,Engineering,Card,Delhi,False
TX000829,EMP002,Meera,2026-07-20,OfficeMart,Travel,11825.75,Manager A,Engineering,Bank Transfer,Bengaluru,False
TX000830,EMP004,Ishita,2026-08-27,CloudWorks,Travel,16855.52,Manager B,Finance,UPI,Varanasi,False
TX000831,EMP005,Rohan,2026-04-08,CloudWorks,Office,25997.19,Manager A,Operations,UPI,Bengaluru,False
TX000832,EMP004,Ishita,2026-02-16,TravelDesk,Software,27037.79,Manager B,Operations,Card,Varanasi,False
TX000833,EMP001,Aarav,2026-07-25,EquipHub,Office,18939.17,Manager B,Operations,Bank Transfer,Varanasi,False
TX000834,EMP005,Rohan,2026-07-14,TravelDesk,Travel,12828.85,Manager A,Engineering,UPI,Mumbai,False
TX000835,EMP004,Ishita,2026-01-01,TravelDesk,Travel,30478.31,Manager B,Operations,Bank Transfer,Bengaluru,False
TX000836,EMP004,Ishita,2026-02-23,EquipHub,Travel,20980.12,Manager B,Operations,Card,Mumbai,False
TX000837,EMP005,Rohan,2026-07-11,TechSupply,Equipment,27004.84,Manager A,Engineering,Card,Mumbai,False
TX000838,EMP002,Meera,2026-07-23,EquipHub,Software,22532.61,Manager A,Operations,UPI,Varanasi,False
TX000839,EMP003,Kabir,2026-03-04,CloudWorks,Software,24417.39,Manager A,Operations,Bank Transfer,Varanasi,False
TX000840,EMP004,Ishita,2026-08-24,OfficeMart,Office,22251.99,Manager B,Finance,UPI,Delhi,False
TX000841,EMP005,Rohan,2026-05-14,CloudWorks,Travel,21209.83,Manager B,Engineering,Bank Transfer,Delhi,False
TX000842,EMP005,Rohan,2026-05-04,TechSupply,Software,17660.2,Manager A,Operations,Card,Delhi,False
TX000843,EMP003,Kabir,2026-05-24,TechSupply,Equipment,18941.83,Manager A,Operations,Card,Varanasi,False
TX000844,EMP002,Meera,2026-05-22,EquipHub,Office,286007.6390392714,Manager B,Finance,Card,Varanasi,True
TX000845,EMP005,Rohan,2026-01-18,CloudWorks,Equipment,23466.14,Manager A,Engineering,UPI,Varanasi,False
TX000846,EMP003,Kabir,2026-03-14,TechSupply,Software,21263.02,Manager B,Finance,UPI,Bengaluru,False
TX000847,EMP004,Ishita,2026-08-02,TechSupply,Software,17787.56,Manager A,Engineering,Card,Mumbai,False
TX000848,EMP003,Kabir,2026-07-16,OfficeMart,Office,12538.61,Manager A,Finance,UPI,Mumbai,False
TX000849,EMP002,Meera,2026-08-06,CloudWorks,Equipment,18577.1,Manager A,Engineering,UPI,Delhi,False
TX000850,EMP004,Ishita,2026-08-09,CloudWorks,Travel,19819.36,Manager B,Engineering,Bank Transfer,Varanasi,False
TX000851,EMP001,Aarav,2026-03-26,TechSupply,Office,20090.16,Manager B,Operations,UPI,Bengaluru,False
TX000852,EMP001,Aarav,2026-03-04,TravelDesk,Equipment,17711.01,Manager A,Operations,UPI,Delhi,False
TX000853,EMP004,Ishita,2026-08-04,EquipHub,Equipment,28716.03,Manager A,Operations,Bank Transfer,Bengaluru,False
TX000854,EMP001,Aarav,2026-02-28,OfficeMart,Software,11951.34,Manager B,Engineering,Bank Transfer,Delhi,False
TX000855,EMP005,Rohan,2026-07-23,OfficeMart,Equipment,18836.12,Manager A,Engineering,Bank Transfer,Varanasi,False
TX000856,EMP005,Rohan,2026-06-20,OfficeMart,Software,30270.99,Manager B,Operations,UPI,Varanasi,False
TX000857,EMP005,Rohan,2026-05-09,TravelDesk,Travel,14989.45,Manager B,Engineering,Bank Transfer,Mumbai,False
TX000858,EMP002,Meera,2026-02-05,TravelDesk,Software,22800.63,Manager B,Engineering,UPI,Varanasi,False
TX000859,EMP005,Rohan,2026-03-10,OfficeMart,Software,15533.85,Manager B,Engineering,Card,Mumbai,False
TX000860,EMP005,Rohan,2026-05-17,TravelDesk,Travel,15943.35,Manager B,Finance,UPI,Mumbai,False
TX000861,EMP001,Aarav,2026-05-20,CloudWorks,Software,15695.96,Manager A,Engineering,Card,Mumbai,False
TX000862,EMP004,Ishita,2026-05-15,CloudWorks,Travel,22588.15,Manager B,Finance,Bank Transfer,Varanasi,False
TX000863,EMP001,Aarav,2026-02-13,TechSupply,Travel,27333.34,Manager B,Finance,Bank Transfer,Mumbai,False
TX000864,EMP004,Ishita,2026-06-06,TechSupply,Equipment,22473.28,Manager B,Operations,UPI,Bengaluru,False
TX000865,EMP005,Rohan,2026-04-06,TravelDesk,Travel,27891.41,Manager A,Engineering,Bank Transfer,Bengaluru,False
TX000866,EMP003,Kabir,2026-02-07,CloudWorks,Equipment,27567.8,Manager B,Finance,UPI,Bengaluru,False
TX000867,EMP005,Rohan,2026-08-09,TravelDesk,Equipment,13574.44,Manager A,Finance,UPI,Varanasi,False
TX000868,EMP004,Ishita,2026-07-25,EquipHub,Office,14213.44,Manager A,Engineering,Card,Mumbai,False
TX000869,EMP004,Ishita,2026-06-27,OfficeMart,Office,10216.07,Manager A,Operations,UPI,Bengaluru,False
TX000870,EMP001,Aarav,2026-05-18,TechSupply,Travel,18388.68,Manager B,Engineering,UPI,Bengaluru,False
TX000871,EMP001,Aarav,2026-04-01,OfficeMart,Travel,21423.38,Manager A,Finance,UPI,Varanasi,False
TX000872,EMP005,Rohan,2026-06-24,TechSupply,Equipment,18496.05,Manager B,Finance,Card,Delhi,False
TX000873,EMP004,Ishita,2026-08-23,TechSupply,Travel,16421.85,Manager A,Operations,UPI,Bengaluru,False
TX000874,EMP001,Aarav,2026-07-05,OfficeMart,Travel,17258.94,Manager A,Operations,Bank Transfer,Mumbai,False
TX000875,EMP005,Rohan,2026-08-18,TravelDesk,Equipment,24286.74,Manager A,Finance,Card,Delhi,False
TX000876,EMP004,Ishita,2026-08-13,EquipHub,Equipment,24595.26,Manager A,Engineering,Card,Delhi,False
TX000877,EMP002,Meera,2026-04-01,OfficeMart,Equipment,14683.15,Manager B,Engineering,Bank Transfer,Delhi,False
TX000878,EMP004,Ishita,2026-06-07,CloudWorks,Software,9215.97,Manager B,Operations,UPI,Delhi,False
TX000879,EMP003,Kabir,2026-01-11,TechSupply,Software,25349.66,Manager A,Engineering,UPI,Varanasi,False
TX000880,EMP004,Ishita,2026-05-26,TechSupply,Office,28670.46,Manager B,Engineering,UPI,Delhi,False
TX000881,EMP005,Rohan,2026-05-25,EquipHub,Equipment,23399.43,Manager B,Finance,Card,Varanasi,False
TX000882,EMP003,Kabir,2026-02-21,EquipHub,Office,6815.21,Manager A,Finance,Bank Transfer,Delhi,False
TX000883,EMP003,Kabir,2026-04-27,TechSupply,Software,10824.73,Manager A,Operations,UPI,Bengaluru,False
TX000884,EMP005,Rohan,2026-04-08,CloudWorks,Software,25192.82,Manager A,Operations,Card,Mumbai,False
TX000885,EMP004,Ishita,2026-04-18,TravelDesk,Travel,20994.48,Manager B,Operations,Card,Varanasi,False
TX000886,EMP003,Kabir,2026-03-23,CloudWorks,Office,6311.85,Manager B,Finance,UPI,Varanasi,False
TX000887,EMP002,Meera,2026-01-13,OfficeMart,Software,26007.77,Manager B,Finance,Bank Transfer,Delhi,False
TX000888,EMP004,Ishita,2026-08-26,OfficeMart,Software,18194.84,Manager B,Finance,Card,Bengaluru,False
TX000889,EMP003,Kabir,2026-06-27,CloudWorks,Travel,18252.9,Manager B,Operations,Bank Transfer,Varanasi,False
TX000890,EMP004,Ishita,2026-07-21,TechSupply,Office,18534.66,Manager A,Operations,Card,Varanasi,False
TX000891,EMP002,Meera,2026-07-10,CloudWorks,Travel,20193.14,Manager B,Engineering,UPI,Delhi,False
TX000892,EMP004,Ishita,2026-05-24,OfficeMart,Travel,19055.53,Manager B,Finance,Bank Transfer,Varanasi,False
TX000893,EMP005,Rohan,2026-06-23,TechSupply,Office,26441.65,Manager B,Operations,Bank Transfer,Mumbai,False
TX000894,EMP005,Rohan,2026-05-18,EquipHub,Software,21148.73,Manager B,Engineering,Bank Transfer,Mumbai,False
TX000895,EMP004,Ishita,2026-06-07,CloudWorks,Travel,24720.87,Manager A,Finance,Card,Delhi,False
TX000896,EMP001,Aarav,2026-04-06,CloudWorks,Equipment,13674.24,Manager A,Operations,UPI,Bengaluru,False
TX000897,EMP005,Rohan,2026-03-04,TravelDesk,Software,19017.2,Manager B,Finance,Card,Mumbai,False
TX000898,EMP002,Meera,2026-01-03,EquipHub,Travel,17013.09,Manager A,Engineering,Card,Bengaluru,False
TX000899,EMP002,Meera,2026-04-06,OfficeMart,Software,29265.55,Manager B,Finance,Card,Delhi,False
TX000900,EMP001,Aarav,2026-08-25,EquipHub,Office,21797.68,Manager A,Engineering,UPI,Varanasi,False
TX000901,EMP005,Rohan,2026-03-15,CloudWorks,Travel,15235.07,Manager B,Operations,UPI,Bengaluru,False
TX000902,EMP002,Meera,2026-03-27,TechSupply,Software,11886.85,Manager B,Operations,Bank Transfer,Mumbai,False
TX000903,EMP001,Aarav,2026-01-28,OfficeMart,Office,25175.62,Manager B,Engineering,Bank Transfer,Bengaluru,False
TX000904,EMP004,Ishita,2026-02-18,TravelDesk,Equipment,22852.84,Manager A,Finance,UPI,Bengaluru,False
TX000905,EMP001,Aarav,2026-03-23,TechSupply,Equipment,12050.84,Manager B,Engineering,Bank Transfer,Bengaluru,False
TX000906,EMP003,Kabir,2026-04-25,TravelDesk,Office,23311.54,Manager A,Finance,Bank Transfer,Mumbai,False
TX000907,EMP005,Rohan,2026-07-22,CloudWorks,Equipment,23348.43,Manager A,Finance,Bank Transfer,Bengaluru,False
TX000908,EMP005,Rohan,2026-07-03,EquipHub,Software,24013.97,Manager A,Engineering,UPI,Varanasi,False
TX000909,EMP005,Rohan,2026-02-09,EquipHub,Office,34286.02,Manager B,Engineering,UPI,Mumbai,False
TX000910,EMP005,Rohan,2026-04-30,TravelDesk,Software,25882.55,Manager A,Finance,Card,Bengaluru,False
TX000911,EMP004,Ishita,2026-04-06,TechSupply,Travel,13034.85,Manager A,Engineering,Bank Transfer,Delhi,False
TX000912,EMP004,Ishita,2026-05-06,TravelDesk,Software,17760.5,Manager A,Engineering,UPI,Delhi,False
TX000913,EMP005,Rohan,2026-06-18,TechSupply,Office,12103.66,Manager A,Engineering,Bank Transfer,Varanasi,False
TX000914,EMP005,Rohan,2026-02-27,TechSupply,Software,24665.39,Manager B,Operations,Card,Varanasi,False
TX000915,EMP004,Ishita,2026-07-16,OfficeMart,Software,15881.59,Manager A,Operations,UPI,Mumbai,False
TX000916,EMP004,Ishita,2026-07-09,CloudWorks,Software,11174.64,Manager B,Operations,Card,Delhi,False
TX000917,EMP004,Ishita,2026-05-13,EquipHub,Travel,27654.9,Manager A,Operations,Card,Mumbai,False
TX000918,EMP005,Rohan,2026-07-26,EquipHub,Office,14618.99,Manager A,Operations,UPI,Delhi,False
TX000919,EMP002,Meera,2026-02-06,EquipHub,Travel,13700.15,Manager A,Finance,UPI,Bengaluru,False
TX000920,EMP004,Ishita,2026-07-19,OfficeMart,Equipment,18213.85,Manager B,Operations,Bank Transfer,Bengaluru,False
TX000921,EMP004,Ishita,2026-05-12,OfficeMart,Software,15386.18,Manager A,Operations,Card,Bengaluru,False
TX000922,EMP005,Rohan,2026-02-17,TravelDesk,Office,25639.47,Manager B,Finance,Card,Varanasi,False
TX000923,EMP002,Meera,2026-05-15,OfficeMart,Office,17082.97,Manager B,Finance,Bank Transfer,Mumbai,False
TX000924,EMP004,Ishita,2026-02-20,TechSupply,Office,16428.68,Manager B,Operations,UPI,Varanasi,False
TX000925,EMP004,Ishita,2026-03-19,TechSupply,Office,19560.6,Manager B,Engineering,Card,Varanasi,False
TX000926,EMP004,Ishita,2026-03-02,TechSupply,Travel,20100.43,Manager A,Operations,UPI,Varanasi,False
TX000927,EMP005,Rohan,2026-04-04,TravelDesk,Software,30815.74,Manager A,Engineering,Card,Varanasi,False
TX000928,EMP001,Aarav,2026-06-14,CloudWorks,Equipment,20294.52,Manager B,Engineering,UPI,Mumbai,False
TX000929,EMP005,Rohan,2026-08-03,OfficeMart,Travel,15366.17,Manager B,Finance,Card,Bengaluru,False
TX000930,EMP002,Meera,2026-02-04,OfficeMart,Equipment,13740.52,Manager B,Operations,Bank Transfer,Bengaluru,False
TX000931,EMP004,Ishita,2026-03-21,CloudWorks,Office,26140.5,Manager B,Finance,Bank Transfer,Bengaluru,False
TX000932,EMP003,Kabir,2026-05-07,CloudWorks,Travel,31894.12,Manager A,Engineering,UPI,Bengaluru,False
TX000933,EMP004,Ishita,2026-05-23,EquipHub,Travel,13280.08,Manager A,Operations,Bank Transfer,Delhi,False
TX000934,EMP001,Aarav,2026-06-15,TechSupply,Equipment,20501.88,Manager A,Operations,Bank Transfer,Mumbai,False
TX000935,EMP002,Meera,2026-07-07,CloudWorks,Office,11111.59,Manager B,Engineering,Bank Transfer,Bengaluru,False
TX000936,EMP002,Meera,2026-02-13,OfficeMart,Software,21026.29,Manager A,Operations,Bank Transfer,Delhi,False
TX000937,EMP002,Meera,2026-06-01,OfficeMart,Travel,21830.77,Manager B,Engineering,UPI,Bengaluru,False
TX000938,EMP003,Kabir,2026-03-24,CloudWorks,Office,17167.7,Manager A,Finance,Bank Transfer,Varanasi,False
TX000939,EMP002,Meera,2026-05-28,TechSupply,Office,28454.54,Manager B,Operations,Bank Transfer,Varanasi,False
TX000940,EMP002,Meera,2026-02-15,OfficeMart,Office,11024.45,Manager A,Engineering,Bank Transfer,Varanasi,False
TX000941,EMP001,Aarav,2026-05-06,CloudWorks,Office,4434.75,Manager B,Operations,Bank Transfer,Bengaluru,False
TX000942,EMP002,Meera,2026-01-28,CloudWorks,Software,12975.09,Manager B,Engineering,UPI,Varanasi,False
TX000943,EMP002,Meera,2026-02-06,EquipHub,Office,21555.48,Manager A,Engineering,Bank Transfer,Mumbai,False
TX000944,EMP004,Ishita,2026-08-12,CloudWorks,Equipment,384456.4476505199,Manager A,Engineering,Bank Transfer,Delhi,True
TX000945,EMP004,Ishita,2026-02-01,CloudWorks,Software,22773.75,Manager A,Operations,Card,Varanasi,False
TX000946,EMP004,Ishita,2026-05-16,EquipHub,Travel,18190.61,Manager A,Finance,Bank Transfer,Delhi,False
TX000947,EMP001,Aarav,2026-03-10,CloudWorks,Office,23352.06,Manager B,Finance,Card,Bengaluru,False
TX000948,EMP005,Rohan,2026-01-22,OfficeMart,Equipment,28606.71,Manager B,Operations,Card,Mumbai,False
TX000949,EMP003,Kabir,2026-04-22,CloudWorks,Software,23334.6,Manager A,Engineering,Bank Transfer,Varanasi,False
TX000950,EMP001,Aarav,2026-07-08,CloudWorks,Office,24941.11,Manager B,Finance,Bank Transfer,Varanasi,False
TX000951,EMP004,Ishita,2026-06-15,EquipHub,Travel,17496.04,Manager A,Finance,Bank Transfer,Bengaluru,False
TX000952,EMP005,Rohan,2026-02-07,TravelDesk,Software,18903.69,Manager B,Operations,UPI,Delhi,False
TX000953,EMP001,Aarav,2026-07-18,TravelDesk,Software,13614.6,Manager B,Engineering,UPI,Bengaluru,False
TX000954,EMP004,Ishita,2026-02-17,TechSupply,Equipment,16740.43,Manager B,Operations,UPI,Varanasi,False
TX000955,EMP001,Aarav,2026-02-02,EquipHub,Travel,21347.71,Manager B,Operations,Card,Bengaluru,False
TX000956,EMP001,Aarav,2026-07-10,TechSupply,Travel,19016.58,Manager A,Operations,Bank Transfer,Mumbai,False
TX000957,EMP003,Kabir,2026-01-03,TechSupply,Equipment,32183.35,Manager B,Operations,Bank Transfer,Mumbai,False
TX000958,EMP002,Meera,2026-03-01,TechSupply,Software,17135.84,Manager B,Engineering,Bank Transfer,Bengaluru,False
TX000959,EMP005,Rohan,2026-03-15,EquipHub,Software,25660.23,Manager A,Operations,Bank Transfer,Bengaluru,False
TX000960,EMP003,Kabir,2026-04-08,OfficeMart,Equipment,9064.85,Manager A,Finance,Bank Transfer,Bengaluru,False
TX000961,EMP003,Kabir,2026-07-27,EquipHub,Office,24414.25,Manager A,Finance,Bank Transfer,Bengaluru,False
TX000962,EMP003,Kabir,2026-02-10,EquipHub,Office,21930.88,Manager A,Engineering,UPI,Bengaluru,False
TX000963,EMP004,Ishita,2026-02-26,TravelDesk,Software,14106.97,Manager A,Finance,Card,Bengaluru,False
TX000964,EMP001,Aarav,2026-04-26,CloudWorks,Office,18401.05,Manager B,Finance,UPI,Bengaluru,False
TX000965,EMP003,Kabir,2026-07-29,CloudWorks,Equipment,16358.89,Manager B,Engineering,UPI,Mumbai,False
TX000966,EMP004,Ishita,2026-01-13,OfficeMart,Software,22308.91,Manager B,Engineering,Card,Bengaluru,False
TX000967,EMP001,Aarav,2026-05-01,OfficeMart,Software,22902.03,Manager A,Operations,Card,Varanasi,False
TX000968,EMP001,Aarav,2026-08-26,CloudWorks,Equipment,20136.97,Manager A,Operations,Card,Bengaluru,False
TX000969,EMP005,Rohan,2026-02-01,EquipHub,Travel,23704.6,Manager A,Operations,UPI,Varanasi,False
TX000970,EMP004,Ishita,2026-07-17,TechSupply,Software,21517.41,Manager B,Operations,Bank Transfer,Mumbai,False
TX000971,EMP002,Meera,2026-02-26,CloudWorks,Travel,13264.06,Manager B,Engineering,UPI,Mumbai,False
TX000972,EMP004,Ishita,2026-07-31,TravelDesk,Travel,18102.31,Manager A,Operations,UPI,Bengaluru,False
TX000973,EMP001,Aarav,2026-05-07,CloudWorks,Travel,7925.93,Manager B,Engineering,UPI,Mumbai,False
TX000974,EMP003,Kabir,2026-03-01,CloudWorks,Software,31632.7,Manager A,Operations,Card,Delhi,False
TX000975,EMP004,Ishita,2026-02-21,TravelDesk,Travel,12073.99,Manager A,Engineering,Card,Delhi,False
TX000976,EMP002,Meera,2026-02-05,TravelDesk,Office,19152.1,Manager A,Operations,Card,Delhi,False
TX000977,EMP005,Rohan,2026-01-21,EquipHub,Software,12720.06,Manager A,Finance,Card,Mumbai,False
TX000978,EMP003,Kabir,2026-07-13,TravelDesk,Office,13860.29,Manager A,Operations,UPI,Bengaluru,False
TX000979,EMP001,Aarav,2026-08-08,TechSupply,Software,28990.15,Manager A,Operations,Card,Bengaluru,False
TX000980,EMP002,Meera,2026-01-01,CloudWorks,Software,15751.36,Manager B,Engineering,Card,Bengaluru,False
TX000981,EMP002,Meera,2026-03-13,TechSupply,Equipment,7183.34,Manager A,Finance,Bank Transfer,Bengaluru,False
TX000982,EMP004,Ishita,2026-03-24,CloudWorks,Office,8069.23,Manager A,Engineering,Card,Mumbai,False
TX000983,EMP003,Kabir,2026-01-02,CloudWorks,Equipment,14831.66,Manager B,Finance,Card,Bengaluru,False
TX000984,EMP002,Meera,2026-07-14,OfficeMart,Office,19378.07,Manager B,Operations,Bank Transfer,Mumbai,False
TX000985,EMP005,Rohan,2026-03-24,OfficeMart,Travel,20778.44,Manager A,Operations,Bank Transfer,Varanasi,False
TX000986,EMP002,Meera,2026-03-30,OfficeMart,Equipment,30298.4,Manager A,Finance,Bank Transfer,Mumbai,False
TX000987,EMP005,Rohan,2026-07-16,TravelDesk,Software,298090.9415485996,Manager B,Operations,Bank Transfer,Mumbai,True
TX000988,EMP005,Rohan,2026-04-28,CloudWorks,Software,21781.42,Manager A,Finance,Bank Transfer,Bengaluru,False
TX000989,EMP001,Aarav,2026-02-18,EquipHub,Travel,23176.38,Manager A,Engineering,Bank Transfer,Bengaluru,False
TX000990,EMP003,Kabir,2026-02-13,CloudWorks,Travel,27242.72,Manager A,Finance,UPI,Bengaluru,False
TX000991,EMP004,Ishita,2026-04-24,CloudWorks,Equipment,28190.9,Manager B,Finance,UPI,Delhi,False
TX000992,EMP002,Meera,2026-04-11,OfficeMart,Office,20388.57,Manager A,Operations,Card,Bengaluru,False
TX000993,EMP004,Ishita,2026-05-23,TravelDesk,Equipment,7057.61,Manager A,Operations,UPI,Mumbai,False
TX000994,EMP003,Kabir,2026-04-05,TravelDesk,Office,24388.33,Manager A,Operations,Bank Transfer,Bengaluru,False
TX000995,EMP001,Aarav,2026-01-25,OfficeMart,Equipment,11372.26,Manager B,Operations,Bank Transfer,Varanasi,False
TX000996,EMP001,Aarav,2026-02-26,OfficeMart,Office,22052.79,Manager A,Engineering,Bank Transfer,Varanasi,False
TX000997,EMP004,Ishita,2026-05-01,OfficeMart,Software,29584.77,Manager A,Operations,Bank Transfer,Varanasi,False
TX000998,EMP002,Meera,2026-06-18,TravelDesk,Software,20211.73,Manager A,Operations,Card,Mumbai,False
TX000999,EMP005,Rohan,2026-05-23,EquipHub,Office,10751.7,Manager B,Finance,Card,Varanasi,False
TX001000,EMP002,Meera,2026-04-30,EquipHub,Office,15305.07,Manager A,Operations,UPI,Delhi,False
TX001001,EMP001,Aarav,2026-05-12,TravelDesk,Equipment,28600.98,Manager A,Engineering,Bank Transfer,Varanasi,False
TX001002,EMP004,Ishita,2026-04-05,CloudWorks,Office,19781.34,Manager A,Finance,UPI,Varanasi,False
TX001003,EMP001,Aarav,2026-06-12,OfficeMart,Travel,15176.77,Manager A,Finance,Bank Transfer,Varanasi,False
TX001004,EMP001,Aarav,2026-02-24,EquipHub,Travel,29786.57,Manager A,Operations,UPI,Mumbai,False
TX001005,EMP005,Rohan,2026-02-25,CloudWorks,Equipment,19484.01,Manager B,Finance,Bank Transfer,Varanasi,False
TX001006,EMP005,Rohan,2026-05-24,TechSupply,Office,28720.91,Manager A,Engineering,Bank Transfer,Delhi,False
TX001007,EMP003,Kabir,2026-07-21,EquipHub,Office,14625.45,Manager B,Engineering,Bank Transfer,Varanasi,False
TX001008,EMP001,Aarav,2026-03-15,CloudWorks,Equipment,14953.78,Manager B,Operations,Bank Transfer,Bengaluru,False
TX001009,EMP003,Kabir,2026-06-17,EquipHub,Office,27384.86,Manager B,Finance,Bank Transfer,Varanasi,False
TX001010,EMP002,Meera,2026-01-08,TechSupply,Office,33866.03,Manager A,Engineering,Bank Transfer,Bengaluru,False
TX001011,EMP004,Ishita,2026-08-04,EquipHub,Equipment,13579.58,Manager A,Finance,Bank Transfer,Varanasi,False
TX001012,EMP005,Rohan,2026-04-23,EquipHub,Software,11807.69,Manager A,Finance,Bank Transfer,Bengaluru,False
TX001013,EMP001,Aarav,2026-07-24,EquipHub,Software,21423.77,Manager A,Finance,Bank Transfer,Varanasi,False
TX001014,EMP003,Kabir,2026-01-02,TechSupply,Software,33356.97,Manager A,Operations,Bank Transfer,Delhi,False
TX001015,EMP004,Ishita,2026-01-30,CloudWorks,Software,29282.73,Manager B,Operations,UPI,Bengaluru,False
TX001016,EMP003,Kabir,2026-04-04,CloudWorks,Office,21418.68,Manager A,Finance,Bank Transfer,Delhi,False
TX001017,EMP002,Meera,2026-03-18,EquipHub,Equipment,21949.27,Manager B,Operations,Card,Varanasi,False
TX001018,EMP005,Rohan,2026-05-04,OfficeMart,Office,277139.71055146557,Manager B,Engineering,Bank Transfer,Bengaluru,True
TX001019,EMP003,Kabir,2026-05-17,TravelDesk,Office,15938.27,Manager A,Finance,Card,Bengaluru,False
TX001020,EMP005,Rohan,2026-02-11,TechSupply,Travel,24634.78,Manager A,Finance,Card,Bengaluru,False
TX001021,EMP004,Ishita,2026-04-11,OfficeMart,Software,23055.27,Manager B,Operations,UPI,Bengaluru,False
TX001022,EMP001,Aarav,2026-02-20,TechSupply,Travel,26553.53,Manager B,Finance,Bank Transfer,Bengaluru,False
TX001023,EMP004,Ishita,2026-07-10,OfficeMart,Travel,11677.53,Manager B,Operations,Card,Delhi,False
TX001024,EMP005,Rohan,2026-08-24,CloudWorks,Office,22950.16,Manager A,Engineering,Card,Delhi,False
TX001025,EMP002,Meera,2026-03-05,OfficeMart,Office,21183.77,Manager B,Operations,Card,Delhi,False
TX001026,EMP005,Rohan,2026-05-18,CloudWorks,Travel,19817.87,Manager B,Finance,UPI,Varanasi,False
TX001027,EMP003,Kabir,2026-07-26,EquipHub,Software,17308.21,Manager A,Operations,Bank Transfer,Delhi,False
TX001028,EMP004,Ishita,2026-02-20,EquipHub,Travel,309400.83525028196,Manager A,Operations,UPI,Mumbai,True
TX001029,EMP005,Rohan,2026-01-16,OfficeMart,Travel,18974.92,Manager B,Operations,Bank Transfer,Varanasi,False
TX001030,EMP004,Ishita,2026-06-21,EquipHub,Travel,20998.32,Manager B,Operations,UPI,Delhi,False
TX001031,EMP004,Ishita,2026-04-30,OfficeMart,Office,12173.19,Manager A,Engineering,Card,Delhi,False
TX001032,EMP003,Kabir,2026-07-18,EquipHub,Office,16012.51,Manager A,Engineering,Bank Transfer,Mumbai,False
TX001033,EMP004,Ishita,2026-06-08,OfficeMart,Software,22348.4,Manager A,Engineering,Card,Varanasi,False
TX001034,EMP004,Ishita,2026-01-15,CloudWorks,Equipment,24869.45,Manager B,Operations,Bank Transfer,Varanasi,False
TX001035,EMP004,Ishita,2026-03-31,TravelDesk,Travel,18257.96,Manager A,Finance,Card,Varanasi,False
TX001036,EMP002,Meera,2026-07-17,EquipHub,Software,17900.04,Manager B,Engineering,UPI,Mumbai,False
TX001037,EMP001,Aarav,2026-07-15,EquipHub,Travel,5790.94,Manager B,Engineering,Card,Delhi,False
TX001038,EMP004,Ishita,2026-08-25,CloudWorks,Office,16712.75,Manager B,Operations,Bank Transfer,Bengaluru,False
TX001039,EMP004,Ishita,2026-06-05,OfficeMart,Travel,5611.71,Manager B,Finance,Bank Transfer,Mumbai,False
TX001040,EMP001,Aarav,2026-01-05,TechSupply,Travel,14723.18,Manager B,Engineering,UPI,Bengaluru,False
TX001041,EMP003,Kabir,2026-02-25,OfficeMart,Equipment,18275.4,Manager A,Operations,Card,Varanasi,False
TX001042,EMP003,Kabir,2026-02-11,OfficeMart,Software,12670.49,Manager A,Engineering,UPI,Mumbai,False
TX001043,EMP003,Kabir,2026-03-05,TravelDesk,Software,27481.93,Manager B,Finance,Card,Bengaluru,False
TX001044,EMP001,Aarav,2026-04-02,OfficeMart,Equipment,22233.19,Manager B,Finance,UPI,Delhi,False
TX001045,EMP002,Meera,2026-07-18,OfficeMart,Software,13301.36,Manager A,Operations,UPI,Delhi,False
TX001046,EMP003,Kabir,2026-05-23,TravelDesk,Office,13087.36,Manager A,Engineering,Bank Transfer,Varanasi,False
TX001047,EMP001,Aarav,2026-01-04,OfficeMart,Travel,26428.22,Manager A,Operations,UPI,Delhi,False
TX001048,EMP003,Kabir,2026-08-22,TechSupply,Equipment,25105.11,Manager A,Finance,UPI,Varanasi,False
TX001049,EMP003,Kabir,2026-02-18,TechSupply,Travel,20875.19,Manager A,Finance,UPI,Delhi,False
TX001050,EMP003,Kabir,2026-06-15,TravelDesk,Travel,418176.4091394628,Manager B,Finance,UPI,Bengaluru,True
TX001051,EMP001,Aarav,2026-06-20,TechSupply,Equipment,18711.92,Manager A,Engineering,UPI,Bengaluru,False
TX001052,EMP005,Rohan,2026-07-31,CloudWorks,Travel,27607.72,Manager B,Operations,Bank Transfer,Delhi,False
TX001053,EMP001,Aarav,2026-03-05,EquipHub,Office,19479.15,Manager A,Engineering,UPI,Bengaluru,False
TX001054,EMP003,Kabir,2026-02-25,CloudWorks,Travel,11717.69,Manager A,Engineering,Card,Delhi,False
TX001055,EMP001,Aarav,2026-02-26,CloudWorks,Equipment,16384.98,Manager A,Operations,Bank Transfer,Bengaluru,False
TX001056,EMP003,Kabir,2026-03-03,TravelDesk,Travel,11075.07,Manager B,Finance,UPI,Bengaluru,False
TX001057,EMP005,Rohan,2026-04-06,TravelDesk,Office,21478.54,Manager A,Operations,Bank Transfer,Bengaluru,False
TX001058,EMP004,Ishita,2026-07-19,TechSupply,Equipment,25825.95,Manager A,Finance,Bank Transfer,Delhi,False
TX001059,EMP004,Ishita,2026-07-03,CloudWorks,Travel,18627.31,Manager A,Engineering,Bank Transfer,Mumbai,False
TX001060,EMP005,Rohan,2026-02-14,EquipHub,Equipment,12933.67,Manager B,Finance,Bank Transfer,Delhi,False
TX001061,EMP004,Ishita,2026-01-17,TravelDesk,Software,12667.74,Manager A,Operations,UPI,Mumbai,False
TX001062,EMP003,Kabir,2026-04-27,EquipHub,Software,23425.88,Manager A,Finance,Bank Transfer,Varanasi,False
TX001063,EMP001,Aarav,2026-05-21,EquipHub,Travel,25042.69,Manager B,Operations,Bank Transfer,Mumbai,False
TX001064,EMP005,Rohan,2026-02-03,TechSupply,Software,11616.24,Manager A,Operations,UPI,Delhi,False
TX001065,EMP003,Kabir,2026-08-20,TechSupply,Office,18591.9,Manager B,Engineering,UPI,Delhi,False
TX001066,EMP002,Meera,2026-07-01,CloudWorks,Software,23499.07,Manager A,Finance,Bank Transfer,Bengaluru,False
TX001067,EMP002,Meera,2026-04-23,CloudWorks,Office,11103.55,Manager A,Operations,Bank Transfer,Bengaluru,False
TX001068,EMP005,Rohan,2026-05-03,TechSupply,Equipment,19970.87,Manager B,Operations,Bank Transfer,Varanasi,False
TX001069,EMP004,Ishita,2026-01-15,EquipHub,Software,17266.63,Manager A,Engineering,UPI,Bengaluru,False
TX001070,EMP003,Kabir,2026-02-21,OfficeMart,Equipment,20492.41,Manager A,Operations,UPI,Delhi,False
TX001071,EMP001,Aarav,2026-01-26,EquipHub,Equipment,13438.09,Manager A,Finance,Bank Transfer,Bengaluru,False
TX001072,EMP001,Aarav,2026-02-04,TechSupply,Equipment,23006.81,Manager B,Engineering,Card,Bengaluru,False
TX001073,EMP001,Aarav,2026-05-02,EquipHub,Software,16515.12,Manager B,Engineering,Card,Delhi,False
TX001074,EMP004,Ishita,2026-04-27,OfficeMart,Equipment,23568.92,Manager A,Operations,UPI,Varanasi,False
TX001075,EMP003,Kabir,2026-04-18,CloudWorks,Software,23634.15,Manager A,Engineering,UPI,Delhi,False
TX001076,EMP005,Rohan,2026-08-20,TravelDesk,Software,13531.33,Manager B,Operations,Bank Transfer,Mumbai,False
TX001077,EMP003,Kabir,2026-03-13,CloudWorks,Travel,25669.4,Manager A,Operations,UPI,Bengaluru,False
TX001078,EMP004,Ishita,2026-06-08,TravelDesk,Software,16085.69,Manager A,Engineering,Bank Transfer,Varanasi,False
TX001079,EMP003,Kabir,2026-03-17,TechSupply,Travel,22055.44,Manager B,Operations,UPI,Mumbai,False
TX001080,EMP003,Kabir,2026-01-13,TechSupply,Equipment,28444.39,Manager A,Finance,Bank Transfer,Mumbai,False
TX001081,EMP001,Aarav,2026-04-05,EquipHub,Software,13711.55,Manager A,Operations,Bank Transfer,Bengaluru,False
TX001082,EMP004,Ishita,2026-07-11,OfficeMart,Office,8849.9,Manager A,Operations,UPI,Varanasi,False
TX001083,EMP005,Rohan,2026-01-29,CloudWorks,Equipment,19215.61,Manager A,Operations,Bank Transfer,Varanasi,False
TX001084,EMP004,Ishita,2026-05-14,CloudWorks,Travel,24021.81,Manager A,Finance,Bank Transfer,Delhi,False
TX001085,EMP001,Aarav,2026-08-18,OfficeMart,Office,18073.66,Manager B,Operations,Card,Bengaluru,False
TX001086,EMP004,Ishita,2026-01-13,OfficeMart,Equipment,15704.01,Manager B,Engineering,Bank Transfer,Mumbai,False
TX001087,EMP005,Rohan,2026-02-25,EquipHub,Office,14626.66,Manager A,Operations,Card,Mumbai,False
TX001088,EMP002,Meera,2026-06-02,OfficeMart,Software,25078.01,Manager B,Finance,Bank Transfer,Mumbai,False
TX001089,EMP002,Meera,2026-05-18,TechSupply,Office,28208.55,Manager B,Finance,Card,Delhi,False
TX001090,EMP003,Kabir,2026-07-29,CloudWorks,Equipment,11894.66,Manager B,Engineering,Card,Varanasi,False
TX001091,EMP001,Aarav,2026-01-08,TravelDesk,Travel,25703.27,Manager A,Operations,Bank Transfer,Mumbai,False
TX001092,EMP001,Aarav,2026-08-07,TravelDesk,Equipment,17536.31,Manager A,Finance,Bank Transfer,Mumbai,False
TX001093,EMP005,Rohan,2026-05-22,OfficeMart,Software,15970.4,Manager A,Finance,Bank Transfer,Mumbai,False
TX001094,EMP003,Kabir,2026-08-17,OfficeMart,Office,17495.4,Manager B,Finance,UPI,Delhi,False
TX001095,EMP001,Aarav,2026-07-31,OfficeMart,Software,13324.07,Manager B,Engineering,Bank Transfer,Bengaluru,False
TX001096,EMP001,Aarav,2026-01-09,TravelDesk,Equipment,17016.21,Manager A,Engineering,Card,Bengaluru,False
TX001097,EMP002,Meera,2026-05-22,OfficeMart,Travel,23971.49,Manager A,Engineering,Bank Transfer,Varanasi,False
TX001098,EMP004,Ishita,2026-01-21,OfficeMart,Office,13311.5,Manager A,Operations,Card,Bengaluru,False
TX001099,EMP004,Ishita,2026-08-26,TechSupply,Equipment,26540.42,Manager B,Operations,UPI,Bengaluru,False
TX001100,EMP005,Rohan,2026-04-09,TechSupply,Software,14248.33,Manager A,Engineering,Card,Varanasi,False
TX001101,EMP002,Meera,2026-08-22,OfficeMart,Software,18379.83,Manager B,Operations,UPI,Mumbai,False
TX001102,EMP004,Ishita,2026-04-17,CloudWorks,Equipment,30004.93,Manager A,Finance,UPI,Mumbai,False
TX001103,EMP001,Aarav,2026-06-30,EquipHub,Equipment,13054.97,Manager A,Engineering,Bank Transfer,Delhi,False
TX001104,EMP004,Ishita,2026-03-12,TravelDesk,Software,119302.05702803883,Manager B,Finance,Card,Delhi,True
TX001105,EMP005,Rohan,2026-06-27,TravelDesk,Travel,19789.5,Manager B,Finance,UPI,Mumbai,False
TX001106,EMP001,Aarav,2026-06-04,EquipHub,Travel,13069.44,Manager B,Engineering,Card,Bengaluru,False
TX001107,EMP002,Meera,2026-06-15,TravelDesk,Software,18504.59,Manager A,Operations,Card,Bengaluru,False
TX001108,EMP005,Rohan,2026-04-02,TechSupply,Office,16363.38,Manager A,Engineering,UPI,Varanasi,False
TX001109,EMP001,Aarav,2026-03-04,EquipHub,Equipment,24619.19,Manager A,Finance,UPI,Bengaluru,False
TX001110,EMP004,Ishita,2026-03-04,TechSupply,Software,24217.3,Manager A,Finance,UPI,Delhi,False
TX001111,EMP001,Aarav,2026-04-28,CloudWorks,Equipment,21197.4,Manager B,Engineering,Card,Varanasi,False
TX001112,EMP001,Aarav,2026-02-16,TechSupply,Travel,21221.66,Manager A,Finance,Card,Delhi,False
TX001113,EMP003,Kabir,2026-05-17,EquipHub,Office,19330.78,Manager A,Engineering,UPI,Mumbai,False
TX001114,EMP003,Kabir,2026-05-03,TechSupply,Software,22464.17,Manager B,Engineering,UPI,Varanasi,False
TX001115,EMP004,Ishita,2026-06-01,TechSupply,Travel,16023.7,Manager A,Engineering,UPI,Bengaluru,False
TX001116,EMP002,Meera,2026-05-10,TravelDesk,Travel,15801.04,Manager B,Engineering,UPI,Mumbai,False
TX001117,EMP002,Meera,2026-08-02,CloudWorks,Equipment,22455.51,Manager A,Finance,UPI,Delhi,False
TX001118,EMP001,Aarav,2026-02-01,CloudWorks,Office,6748.34,Manager B,Finance,Bank Transfer,Varanasi,False
TX001119,EMP002,Meera,2026-06-22,TechSupply,Office,19410.38,Manager B,Finance,Bank Transfer,Mumbai,False
TX001120,EMP003,Kabir,2026-04-21,EquipHub,Software,22488.67,Manager A,Finance,Bank Transfer,Bengaluru,False
TX001121,EMP002,Meera,2026-07-07,OfficeMart,Office,27361.45,Manager B,Engineering,Bank Transfer,Bengaluru,False
TX001122,EMP002,Meera,2026-03-31,TechSupply,Office,24196.85,Manager A,Engineering,Bank Transfer,Delhi,False
TX001123,EMP001,Aarav,2026-05-26,TravelDesk,Travel,25355.1,Manager B,Engineering,Card,Mumbai,False
TX001124,EMP004,Ishita,2026-05-20,OfficeMart,Equipment,11237.99,Manager A,Finance,UPI,Bengaluru,False
TX001125,EMP004,Ishita,2026-08-09,TechSupply,Office,7008.71,Manager A,Finance,Card,Varanasi,False
TX001126,EMP003,Kabir,2026-04-27,OfficeMart,Travel,20582.82,Manager B,Finance,Card,Bengaluru,False
TX001127,EMP004,Ishita,2026-07-18,TravelDesk,Travel,22896.71,Manager B,Engineering,Bank Transfer,Varanasi,False
TX001128,EMP002,Meera,2026-06-12,TechSupply,Equipment,25461.07,Manager A,Finance,Bank Transfer,Varanasi,False
TX001129,EMP004,Ishita,2026-08-09,TechSupply,Equipment,23672.73,Manager B,Engineering,Card,Bengaluru,False
TX001130,EMP003,Kabir,2026-07-20,TravelDesk,Office,17643.44,Manager B,Finance,UPI,Varanasi,False
TX001131,EMP003,Kabir,2026-06-11,EquipHub,Travel,14208.52,Manager A,Finance,UPI,Mumbai,False
TX001132,EMP001,Aarav,2026-02-08,TravelDesk,Travel,24837.11,Manager A,Engineering,UPI,Varanasi,False
TX001133,EMP003,Kabir,2026-01-19,EquipHub,Office,38127.45,Manager B,Finance,Bank Transfer,Delhi,False
TX001134,EMP001,Aarav,2026-05-07,EquipHub,Office,16174.98,Manager B,Engineering,UPI,Mumbai,False
TX001135,EMP001,Aarav,2026-06-04,CloudWorks,Travel,17451.5,Manager B,Engineering,UPI,Delhi,False
TX001136,EMP001,Aarav,2026-01-16,EquipHub,Office,13985.93,Manager A,Engineering,UPI,Varanasi,False
TX001137,EMP001,Aarav,2026-04-05,CloudWorks,Office,246884.05995762182,Manager A,Engineering,Bank Transfer,Delhi,True
TX001138,EMP004,Ishita,2026-01-26,OfficeMart,Software,26889.09,Manager B,Engineering,Bank Transfer,Mumbai,False
TX001139,EMP004,Ishita,2026-07-05,OfficeMart,Software,17213.1,Manager B,Finance,UPI,Varanasi,False
TX001140,EMP001,Aarav,2026-03-03,OfficeMart,Office,20767.25,Manager A,Operations,Bank Transfer,Mumbai,False
TX001141,EMP002,Meera,2026-04-03,TechSupply,Equipment,19062.8,Manager B,Engineering,UPI,Mumbai,False
TX001142,EMP002,Meera,2026-05-06,TravelDesk,Equipment,16714.1,Manager B,Finance,Card,Mumbai,False
TX001143,EMP002,Meera,2026-03-13,TechSupply,Travel,21089.91,Manager A,Engineering,UPI,Bengaluru,False
TX001144,EMP004,Ishita,2026-01-19,TechSupply,Office,8751.71,Manager B,Finance,Bank Transfer,Bengaluru,False
TX001145,EMP002,Meera,2026-08-03,TravelDesk,Office,23009.14,Manager A,Finance,Card,Bengaluru,False
TX001146,EMP002,Meera,2026-06-30,TechSupply,Office,23988.54,Manager A,Engineering,Bank Transfer,Varanasi,False
TX001147,EMP004,Ishita,2026-02-18,TravelDesk,Office,22458.69,Manager B,Operations,Bank Transfer,Mumbai,False
TX001148,EMP003,Kabir,2026-04-27,OfficeMart,Office,4140.14,Manager B,Operations,Bank Transfer,Bengaluru,False
TX001149,EMP001,Aarav,2026-03-03,TechSupply,Travel,25885.24,Manager A,Engineering,Card,Mumbai,False
TX001150,EMP002,Meera,2026-05-27,TechSupply,Software,21966.15,Manager A,Finance,Card,Mumbai,False
TX001151,EMP004,Ishita,2026-02-25,CloudWorks,Equipment,32453.57,Manager A,Operations,Card,Mumbai,False
TX001152,EMP001,Aarav,2026-07-14,CloudWorks,Office,23402.81,Manager B,Operations,Card,Delhi,False
TX001153,EMP003,Kabir,2026-02-05,EquipHub,Equipment,31562.25,Manager B,Engineering,Bank Transfer,Varanasi,False
TX001154,EMP001,Aarav,2026-07-01,EquipHub,Software,23444.77,Manager A,Engineering,Bank Transfer,Bengaluru,False
TX001155,EMP005,Rohan,2026-03-29,CloudWorks,Travel,13296.63,Manager B,Operations,Card,Mumbai,False
TX001156,EMP005,Rohan,2026-06-12,CloudWorks,Software,18436.6,Manager B,Finance,Card,Delhi,False
TX001157,EMP005,Rohan,2026-02-08,TechSupply,Travel,15330.74,Manager A,Finance,Bank Transfer,Delhi,False
TX001158,EMP005,Rohan,2026-07-10,TravelDesk,Software,20336.62,Manager A,Operations,Bank Transfer,Mumbai,False
TX001159,EMP002,Meera,2026-08-06,OfficeMart,Travel,23036.88,Manager B,Engineering,Bank Transfer,Bengaluru,False
TX001160,EMP001,Aarav,2026-04-01,EquipHub,Office,26694.25,Manager A,Operations,UPI,Mumbai,False
TX001161,EMP004,Ishita,2026-05-11,EquipHub,Office,32439.21,Manager B,Finance,UPI,Varanasi,False
TX001162,EMP005,Rohan,2026-03-22,CloudWorks,Software,24064.71,Manager B,Finance,Bank Transfer,Varanasi,False
TX001163,EMP003,Kabir,2026-05-18,CloudWorks,Software,27011.81,Manager B,Finance,Bank Transfer,Mumbai,False
TX001164,EMP005,Rohan,2026-04-27,CloudWorks,Equipment,29123.51,Manager B,Engineering,Bank Transfer,Varanasi,False
TX001165,EMP003,Kabir,2026-04-12,CloudWorks,Equipment,24196.68,Manager A,Engineering,UPI,Mumbai,False
TX001166,EMP003,Kabir,2026-08-16,TechSupply,Equipment,33648.46,Manager A,Engineering,Card,Bengaluru,False
TX001167,EMP004,Ishita,2026-06-11,EquipHub,Travel,20980.86,Manager B,Finance,UPI,Bengaluru,False
TX001168,EMP004,Ishita,2026-06-24,OfficeMart,Software,25782.04,Manager B,Operations,Card,Bengaluru,False
TX001169,EMP003,Kabir,2026-01-29,EquipHub,Travel,20739.8,Manager A,Engineering,Bank Transfer,Bengaluru,False
TX001170,EMP002,Meera,2026-05-12,OfficeMart,Travel,20084.99,Manager A,Finance,Bank Transfer,Mumbai,False
TX001171,EMP001,Aarav,2026-05-01,OfficeMart,Travel,7782.56,Manager B,Operations,Card,Mumbai,False
TX001172,EMP005,Rohan,2026-01-17,TravelDesk,Travel,20571.33,Manager B,Operations,Bank Transfer,Delhi,False
TX001173,EMP002,Meera,2026-03-12,TechSupply,Travel,20575.35,Manager A,Engineering,UPI,Mumbai,False
TX001174,EMP005,Rohan,2026-01-17,TravelDesk,Travel,14940.68,Manager A,Operations,UPI,Delhi,False
TX001175,EMP001,Aarav,2026-04-27,TravelDesk,Travel,20400.51,Manager B,Finance,Bank Transfer,Bengaluru,False
TX001176,EMP005,Rohan,2026-01-03,TechSupply,Equipment,23718.23,Manager B,Operations,UPI,Delhi,False
TX001177,EMP004,Ishita,2026-07-08,OfficeMart,Software,9651.09,Manager B,Engineering,Bank Transfer,Delhi,False
TX001178,EMP001,Aarav,2026-04-27,EquipHub,Equipment,22409.84,Manager B,Finance,Card,Mumbai,False
TX001179,EMP002,Meera,2026-08-24,EquipHub,Travel,12177.99,Manager B,Operations,Card,Mumbai,False
TX001180,EMP005,Rohan,2026-06-09,EquipHub,Equipment,15348.33,Manager B,Finance,UPI,Varanasi,False
TX001181,EMP001,Aarav,2026-07-18,TravelDesk,Travel,23924.39,Manager A,Finance,Card,Delhi,False
TX001182,EMP002,Meera,2026-04-16,EquipHub,Software,14422.07,Manager B,Finance,UPI,Varanasi,False
TX001183,EMP005,Rohan,2026-07-02,TravelDesk,Equipment,16289.74,Manager B,Finance,UPI,Varanasi,False
TX001184,EMP004,Ishita,2026-06-07,TechSupply,Software,21038.12,Manager B,Finance,Card,Varanasi,False
TX001185,EMP004,Ishita,2026-08-17,OfficeMart,Software,16495.31,Manager B,Finance,UPI,Mumbai,False
TX001186,EMP003,Kabir,2026-01-26,TravelDesk,Travel,7848.88,Manager A,Engineering,UPI,Mumbai,False
TX001187,EMP002,Meera,2026-04-03,EquipHub,Office,14974.81,Manager A,Operations,Card,Bengaluru,False
TX001188,EMP001,Aarav,2026-03-09,OfficeMart,Travel,26645.6,Manager A,Operations,Card,Varanasi,False
TX001189,EMP004,Ishita,2026-07-28,CloudWorks,Travel,23347.83,Manager A,Engineering,UPI,Bengaluru,False
TX001190,EMP004,Ishita,2026-02-12,EquipHub,Software,19383.73,Manager A,Finance,Bank Transfer,Mumbai,False
TX001191,EMP004,Ishita,2026-07-24,EquipHub,Equipment,26817.99,Manager B,Finance,Bank Transfer,Bengaluru,False
TX001192,EMP005,Rohan,2026-01-16,CloudWorks,Software,342984.3066360469,Manager A,Operations,Card,Varanasi,True
TX001193,EMP005,Rohan,2026-02-06,TechSupply,Travel,9096.52,Manager B,Finance,Card,Delhi,False
TX001194,EMP003,Kabir,2026-04-09,TravelDesk,Travel,336718.4665472502,Manager A,Engineering,Bank Transfer,Bengaluru,True
TX001195,EMP002,Meera,2026-01-10,OfficeMart,Office,21415.93,Manager A,Finance,Bank Transfer,Mumbai,False
TX001196,EMP004,Ishita,2026-06-19,CloudWorks,Software,18947.32,Manager B,Finance,Card,Varanasi,False
TX001197,EMP003,Kabir,2026-07-12,EquipHub,Office,15010.55,Manager B,Engineering,Card,Bengaluru,False
TX001198,EMP004,Ishita,2026-01-25,CloudWorks,Office,17732.04,Manager A,Finance,Bank Transfer,Mumbai,False
TX001199,EMP005,Rohan,2026-05-06,EquipHub,Equipment,11429.54,Manager A,Operations,UPI,Varanasi,False
TX001200,EMP004,Ishita,2026-01-16,TechSupply,Travel,17107.43,Manager A,Finance,UPI,Bengaluru,False
TX001201,EMP001,Aarav,2026-07-31,CloudWorks,Travel,368326.1721520545,Manager A,Finance,Bank Transfer,Varanasi,True
TX001202,EMP004,Ishita,2026-03-22,TechSupply,Office,28588.84,Manager A,Operations,UPI,Varanasi,False
TX001203,EMP002,Meera,2026-08-18,TechSupply,Equipment,16811.94,Manager B,Engineering,UPI,Delhi,False
TX001204,EMP005,Rohan,2026-06-26,EquipHub,Equipment,22621.69,Manager A,Engineering,Bank Transfer,Bengaluru,False
TX001205,EMP002,Meera,2026-01-14,CloudWorks,Office,12835.54,Manager A,Engineering,Card,Mumbai,False
TX001206,EMP003,Kabir,2026-07-10,OfficeMart,Office,26131.1,Manager B,Finance,Bank Transfer,Varanasi,False
TX001207,EMP002,Meera,2026-03-05,TravelDesk,Travel,23008.13,Manager B,Engineering,Bank Transfer,Mumbai,False
TX001208,EMP001,Aarav,2026-06-27,OfficeMart,Office,16905.71,Manager A,Finance,Card,Mumbai,False
TX001209,EMP004,Ishita,2026-07-29,OfficeMart,Office,21646.72,Manager A,Operations,UPI,Delhi,False
TX001210,EMP001,Aarav,2026-07-04,TravelDesk,Office,18877.86,Manager B,Operations,Card,Delhi,False
TX001211,EMP003,Kabir,2026-05-21,TravelDesk,Office,25843.9,Manager A,Engineering,UPI,Bengaluru,False
TX001212,EMP001,Aarav,2026-02-11,TravelDesk,Equipment,21890.37,Manager B,Finance,UPI,Varanasi,False
TX001213,EMP003,Kabir,2026-05-31,EquipHub,Software,18678.11,Manager B,Finance,Bank Transfer,Varanasi,False
TX001214,EMP002,Meera,2026-02-15,EquipHub,Office,23912.5,Manager A,Engineering,UPI,Mumbai,False
TX001215,EMP001,Aarav,2026-01-11,TechSupply,Office,19306.9,Manager B,Operations,UPI,Mumbai,False
TX001216,EMP005,Rohan,2026-08-16,OfficeMart,Equipment,17771.74,Manager B,Operations,Card,Bengaluru,False
TX001217,EMP003,Kabir,2026-04-27,EquipHub,Equipment,28455.48,Manager B,Operations,Bank Transfer,Delhi,False
TX001218,EMP003,Kabir,2026-08-23,CloudWorks,Office,9923.08,Manager B,Operations,Card,Delhi,False
TX001219,EMP001,Aarav,2026-07-10,CloudWorks,Equipment,19612.82,Manager A,Operations,Bank Transfer,Mumbai,False
TX001220,EMP004,Ishita,2026-04-06,TravelDesk,Software,27018.3,Manager A,Operations,Card,Bengaluru,False
TX001221,EMP004,Ishita,2026-05-23,TravelDesk,Software,11902.03,Manager B,Engineering,UPI,Varanasi,False
TX001222,EMP001,Aarav,2026-06-17,EquipHub,Software,22260.41,Manager A,Operations,UPI,Varanasi,False
TX001223,EMP001,Aarav,2026-07-08,EquipHub,Travel,17738.13,Manager A,Operations,Card,Delhi,False
TX001224,EMP005,Rohan,2026-08-15,TravelDesk,Equipment,20420.09,Manager B,Engineering,UPI,Mumbai,False
TX001225,EMP002,Meera,2026-01-28,CloudWorks,Equipment,4169.08,Manager A,Operations,Card,Varanasi,False
TX001226,EMP001,Aarav,2026-08-15,TechSupply,Equipment,25319.54,Manager A,Operations,Bank Transfer,Bengaluru,False
TX001227,EMP002,Meera,2026-08-05,CloudWorks,Travel,10208.54,Manager B,Finance,Bank Transfer,Varanasi,False
TX001228,EMP001,Aarav,2026-08-18,EquipHub,Software,7077.46,Manager A,Operations,Card,Varanasi,False
TX001229,EMP002,Meera,2026-01-16,OfficeMart,Office,25344.4,Manager A,Operations,Card,Bengaluru,False
TX001230,EMP001,Aarav,2026-06-29,EquipHub,Equipment,30429.39,Manager A,Finance,Bank Transfer,Mumbai,False
TX001231,EMP002,Meera,2026-06-18,OfficeMart,Travel,20944.27,Manager A,Finance,UPI,Delhi,False
TX001232,EMP003,Kabir,2026-06-22,TravelDesk,Software,23332.23,Manager A,Finance,Card,Bengaluru,False
TX001233,EMP005,Rohan,2026-06-03,TechSupply,Office,27591.03,Manager A,Operations,Card,Bengaluru,False
TX001234,EMP003,Kabir,2026-05-15,EquipHub,Software,20586.79,Manager B,Finance,UPI,Bengaluru,False
TX001235,EMP005,Rohan,2026-08-27,TechSupply,Office,10620.47,Manager A,Finance,Card,Delhi,False
TX001236,EMP004,Ishita,2026-06-02,OfficeMart,Travel,17799.61,Manager B,Operations,Bank Transfer,Bengaluru,False
TX001237,EMP002,Meera,2026-07-29,TechSupply,Office,6869.72,Manager A,Engineering,UPI,Delhi,False
TX001238,EMP002,Meera,2026-08-25,EquipHub,Software,28877.56,Manager A,Finance,UPI,Varanasi,False
TX001239,EMP005,Rohan,2026-07-01,TechSupply,Software,24061.42,Manager A,Engineering,UPI,Delhi,False
TX001240,EMP002,Meera,2026-06-17,CloudWorks,Travel,11775.71,Manager A,Engineering,Bank Transfer,Delhi,False
TX001241,EMP004,Ishita,2026-03-24,TechSupply,Travel,14132.38,Manager B,Operations,Bank Transfer,Delhi,False
TX001242,EMP004,Ishita,2026-06-07,EquipHub,Equipment,29727.18,Manager A,Operations,Card,Delhi,False
TX001243,EMP004,Ishita,2026-04-19,OfficeMart,Equipment,24189.23,Manager B,Operations,Bank Transfer,Mumbai,False
TX001244,EMP004,Ishita,2026-03-11,TechSupply,Equipment,21775.0,Manager B,Engineering,Bank Transfer,Bengaluru,False
TX001245,EMP003,Kabir,2026-08-27,CloudWorks,Office,21929.8,Manager B,Engineering,Card,Delhi,False
TX001246,EMP003,Kabir,2026-03-11,TechSupply,Equipment,25226.17,Manager B,Engineering,Card,Delhi,False
TX001247,EMP002,Meera,2026-02-13,CloudWorks,Office,23632.14,Manager A,Engineering,Card,Bengaluru,False
TX001248,EMP002,Meera,2026-02-23,TravelDesk,Equipment,260740.07442417476,Manager A,Finance,UPI,Bengaluru,True
TX001249,EMP005,Rohan,2026-02-08,CloudWorks,Equipment,141717.90687549146,Manager A,Engineering,Bank Transfer,Varanasi,True
TX001250,EMP002,Meera,2026-05-07,OfficeMart,Office,3859.56,Manager B,Engineering,UPI,Delhi,False
TX001251,EMP001,Aarav,2026-07-13,EquipHub,Software,24002.04,Manager B,Finance,Card,Mumbai,False
TX001252,EMP003,Kabir,2026-08-08,CloudWorks,Software,24914.71,Manager A,Operations,Card,Varanasi,False
TX001253,EMP002,Meera,2026-03-10,OfficeMart,Software,17023.4,Manager A,Engineering,Bank Transfer,Delhi,False
TX001254,EMP003,Kabir,2026-03-15,CloudWorks,Travel,17244.61,Manager A,Finance,Card,Bengaluru,False
TX001255,EMP003,Kabir,2026-07-02,TravelDesk,Travel,23157.64,Manager B,Operations,UPI,Varanasi,False
TX001256,EMP001,Aarav,2026-02-25,TechSupply,Office,27392.81,Manager B,Operations,Card,Bengaluru,False
TX001257,EMP004,Ishita,2026-06-12,TravelDesk,Travel,23654.8,Manager A,Engineering,Bank Transfer,Bengaluru,False
TX001258,EMP003,Kabir,2026-06-14,OfficeMart,Travel,15458.42,Manager A,Engineering,UPI,Mumbai,False
TX001259,EMP001,Aarav,2026-08-06,CloudWorks,Software,18585.95,Manager B,Finance,Card,Delhi,False
TX001260,EMP001,Aarav,2026-03-22,TravelDesk,Office,28186.58,Manager B,Engineering,UPI,Varanasi,False
TX001261,EMP002,Meera,2026-05-20,EquipHub,Travel,25259.36,Manager B,Finance,Card,Bengaluru,False
TX001262,EMP002,Meera,2026-04-07,TravelDesk,Equipment,22596.81,Manager A,Engineering,Card,Mumbai,False
TX001263,EMP002,Meera,2026-06-22,TechSupply,Office,10861.05,Manager A,Operations,UPI,Bengaluru,False
TX001264,EMP004,Ishita,2026-03-22,TechSupply,Office,25901.18,Manager A,Finance,UPI,Delhi,False
TX001265,EMP005,Rohan,2026-05-20,TravelDesk,Office,15306.42,Manager B,Engineering,Card,Mumbai,False
TX001266,EMP001,Aarav,2026-03-29,TravelDesk,Travel,16145.33,Manager B,Engineering,Card,Mumbai,False
TX001267,EMP005,Rohan,2026-08-19,TravelDesk,Office,26420.88,Manager A,Engineering,Card,Mumbai,False
TX001268,EMP001,Aarav,2026-04-04,OfficeMart,Travel,17737.59,Manager A,Engineering,Bank Transfer,Mumbai,False
TX001269,EMP005,Rohan,2026-06-09,EquipHub,Equipment,19936.64,Manager B,Engineering,Card,Bengaluru,False
TX001270,EMP002,Meera,2026-04-18,EquipHub,Office,23486.52,Manager A,Operations,Bank Transfer,Delhi,False
TX001271,EMP002,Meera,2026-04-06,EquipHub,Equipment,29902.79,Manager A,Operations,UPI,Delhi,False
TX001272,EMP004,Ishita,2026-08-07,TravelDesk,Travel,31142.06,Manager B,Finance,UPI,Delhi,False
TX001273,EMP004,Ishita,2026-08-02,CloudWorks,Office,25206.98,Manager A,Operations,UPI,Delhi,False
TX001274,EMP001,Aarav,2026-02-27,EquipHub,Travel,21154.89,Manager B,Operations,Card,Varanasi,False
TX001275,EMP002,Meera,2026-04-22,OfficeMart,Software,17060.96,Manager B,Operations,Bank Transfer,Varanasi,False
TX001276,EMP002,Meera,2026-02-28,TechSupply,Equipment,33070.56,Manager B,Finance,Bank Transfer,Delhi,False
TX001277,EMP002,Meera,2026-05-23,EquipHub,Equipment,22490.27,Manager A,Finance,UPI,Varanasi,False
TX001278,EMP005,Rohan,2026-07-05,OfficeMart,Equipment,12905.61,Manager A,Engineering,Bank Transfer,Bengaluru,False
TX001279,EMP005,Rohan,2026-06-26,TechSupply,Equipment,201656.71599836997,Manager A,Finance,Bank Transfer,Bengaluru,True
TX001280,EMP005,Rohan,2026-01-27,EquipHub,Software,26330.0,Manager B,Finance,UPI,Delhi,False
TX001281,EMP001,Aarav,2026-02-24,TravelDesk,Office,21858.32,Manager B,Engineering,UPI,Bengaluru,False
TX001282,EMP003,Kabir,2026-05-22,OfficeMart,Equipment,21324.95,Manager A,Finance,Card,Varanasi,False
TX001283,EMP003,Kabir,2026-08-21,EquipHub,Travel,11472.81,Manager A,Finance,Card,Varanasi,False
TX001284,EMP002,Meera,2026-06-02,TravelDesk,Travel,19077.68,Manager A,Operations,Bank Transfer,Bengaluru,False
TX001285,EMP001,Aarav,2026-02-15,TravelDesk,Equipment,26048.2,Manager A,Operations,UPI,Delhi,False
TX001286,EMP004,Ishita,2026-05-31,EquipHub,Software,27128.66,Manager A,Finance,Card,Mumbai,False
TX001287,EMP001,Aarav,2026-01-27,TechSupply,Travel,22502.28,Manager B,Operations,Card,Mumbai,False
TX001288,EMP004,Ishita,2026-07-15,TechSupply,Software,17440.62,Manager B,Finance,UPI,Delhi,False
TX001289,EMP005,Rohan,2026-03-12,EquipHub,Software,19677.79,Manager A,Finance,UPI,Varanasi,False
TX001290,EMP002,Meera,2026-02-15,TravelDesk,Travel,7458.64,Manager B,Engineering,UPI,Bengaluru,False
TX001291,EMP002,Meera,2026-03-31,TravelDesk,Software,12518.47,Manager A,Operations,Bank Transfer,Delhi,False
TX001292,EMP001,Aarav,2026-02-22,OfficeMart,Office,5788.54,Manager B,Operations,Bank Transfer,Bengaluru,False
TX001293,EMP005,Rohan,2026-04-30,EquipHub,Office,20993.85,Manager B,Engineering,UPI,Mumbai,False
TX001294,EMP005,Rohan,2026-02-03,OfficeMart,Office,26369.78,Manager A,Engineering,Card,Varanasi,False
TX001295,EMP002,Meera,2026-01-26,TechSupply,Software,21485.78,Manager A,Operations,UPI,Mumbai,False
TX001296,EMP005,Rohan,2026-07-06,CloudWorks,Travel,189833.6261581147,Manager B,Operations,Bank Transfer,Varanasi,True
TX001297,EMP002,Meera,2026-05-25,OfficeMart,Travel,24513.87,Manager A,Finance,Bank Transfer,Varanasi,False
TX001298,EMP001,Aarav,2026-02-28,TravelDesk,Office,30082.66,Manager B,Finance,Card,Mumbai,False
TX001299,EMP004,Ishita,2026-02-11,TravelDesk,Office,13270.4,Manager A,Finance,Card,Mumbai,False
TX001300,EMP004,Ishita,2026-08-07,CloudWorks,Software,27660.83,Manager A,Engineering,UPI,Delhi,False
TX001301,EMP002,Meera,2026-06-12,OfficeMart,Travel,12266.59,Manager A,Finance,UPI,Varanasi,False
TX001302,EMP001,Aarav,2026-02-02,CloudWorks,Software,15242.46,Manager A,Finance,Card,Bengaluru,False
TX001303,EMP003,Kabir,2026-03-07,TravelDesk,Office,30731.01,Manager B,Operations,Card,Mumbai,False
TX001304,EMP002,Meera,2026-08-21,TravelDesk,Equipment,20111.22,Manager A,Engineering,Card,Bengaluru,False
TX001305,EMP005,Rohan,2026-01-13,OfficeMart,Software,24204.69,Manager B,Engineering,Card,Varanasi,False
TX001306,EMP002,Meera,2026-02-06,TechSupply,Travel,24453.81,Manager B,Engineering,UPI,Varanasi,False
TX001307,EMP002,Meera,2026-02-01,OfficeMart,Travel,289680.1196755601,Manager B,Finance,Card,Mumbai,True
TX001308,EMP003,Kabir,2026-08-11,CloudWorks,Equipment,18400.22,Manager A,Finance,Card,Mumbai,False
TX001309,EMP005,Rohan,2026-03-02,TechSupply,Travel,17296.38,Manager B,Finance,Bank Transfer,Delhi,False
TX001310,EMP001,Aarav,2026-03-15,OfficeMart,Travel,23775.59,Manager B,Finance,Bank Transfer,Bengaluru,False
TX001311,EMP001,Aarav,2026-07-13,TechSupply,Software,22139.85,Manager B,Engineering,Bank Transfer,Delhi,False
TX001312,EMP004,Ishita,2026-08-10,TravelDesk,Software,24978.67,Manager B,Operations,UPI,Bengaluru,False
TX001313,EMP005,Rohan,2026-01-26,TechSupply,Office,29306.49,Manager A,Operations,UPI,Mumbai,False
TX001314,EMP001,Aarav,2026-06-03,EquipHub,Software,19067.92,Manager A,Finance,Bank Transfer,Bengaluru,False
TX001315,EMP001,Aarav,2026-03-13,CloudWorks,Software,14828.36,Manager A,Engineering,Bank Transfer,Delhi,False
TX001316,EMP003,Kabir,2026-08-16,TechSupply,Office,22507.8,Manager A,Operations,Card,Mumbai,False
TX001317,EMP005,Rohan,2026-03-12,TechSupply,Software,27168.56,Manager B,Engineering,Bank Transfer,Varanasi,False
TX001318,EMP002,Meera,2026-04-18,OfficeMart,Travel,26474.58,Manager A,Finance,UPI,Varanasi,False
TX001319,EMP001,Aarav,2026-03-17,OfficeMart,Equipment,17057.96,Manager A,Operations,Card,Varanasi,False
TX001320,EMP002,Meera,2026-06-09,OfficeMart,Equipment,15800.81,Manager B,Finance,Card,Varanasi,False
TX001321,EMP001,Aarav,2026-03-03,CloudWorks,Travel,365200.9534695814,Manager B,Operations,Card,Varanasi,True
TX001322,EMP003,Kabir,2026-01-31,OfficeMart,Travel,29320.18,Manager B,Engineering,UPI,Mumbai,False
TX001323,EMP003,Kabir,2026-04-12,OfficeMart,Software,28794.26,Manager A,Engineering,UPI,Bengaluru,False
TX001324,EMP004,Ishita,2026-08-21,CloudWorks,Equipment,19767.61,Manager B,Finance,Card,Varanasi,False
TX001325,EMP001,Aarav,2026-03-01,OfficeMart,Equipment,18274.77,Manager B,Engineering,Card,Bengaluru,False
TX001326,EMP001,Aarav,2026-04-29,OfficeMart,Travel,20643.35,Manager A,Operations,Card,Varanasi,False
TX001327,EMP005,Rohan,2026-06-13,TravelDesk,Equipment,19459.46,Manager A,Operations,Bank Transfer,Mumbai,False
TX001328,EMP004,Ishita,2026-06-13,TechSupply,Office,19366.76,Manager A,Finance,UPI,Mumbai,False
TX001329,EMP004,Ishita,2026-03-02,TravelDesk,Office,26163.43,Manager A,Finance,Card,Mumbai,False
TX001330,EMP003,Kabir,2026-02-16,TechSupply,Equipment,13552.89,Manager B,Finance,Card,Delhi,False
TX001331,EMP004,Ishita,2026-05-13,TravelDesk,Office,31748.1,Manager A,Finance,Bank Transfer,Delhi,False
TX001332,EMP002,Meera,2026-01-16,CloudWorks,Office,19959.93,Manager B,Finance,Bank Transfer,Varanasi,False
TX001333,EMP004,Ishita,2026-03-01,TechSupply,Software,14330.33,Manager A,Engineering,UPI,Mumbai,False
TX001334,EMP003,Kabir,2026-07-13,TravelDesk,Software,18353.05,Manager A,Engineering,Card,Mumbai,False
TX001335,EMP005,Rohan,2026-02-21,EquipHub,Equipment,21155.69,Manager B,Operations,Card,Bengaluru,False
TX001336,EMP002,Meera,2026-03-13,TechSupply,Equipment,12669.23,Manager A,Engineering,Card,Varanasi,False
TX001337,EMP005,Rohan,2026-07-19,OfficeMart,Software,21739.94,Manager B,Finance,Bank Transfer,Mumbai,False
TX001338,EMP004,Ishita,2026-03-13,OfficeMart,Travel,19041.41,Manager B,Engineering,UPI,Mumbai,False
TX001339,EMP001,Aarav,2026-05-19,OfficeMart,Travel,11843.55,Manager B,Operations,Card,Bengaluru,False
TX001340,EMP002,Meera,2026-04-26,OfficeMart,Software,26830.49,Manager A,Engineering,Card,Mumbai,False
TX001341,EMP003,Kabir,2026-07-22,TechSupply,Software,30932.2,Manager A,Engineering,Bank Transfer,Delhi,False
TX001342,EMP001,Aarav,2026-01-12,TechSupply,Travel,15366.0,Manager B,Operations,Card,Bengaluru,False
TX001343,EMP003,Kabir,2026-05-27,EquipHub,Travel,18678.66,Manager A,Operations,Card,Delhi,False
TX001344,EMP003,Kabir,2026-05-11,TechSupply,Travel,25280.19,Manager A,Operations,Card,Bengaluru,False
TX001345,EMP005,Rohan,2026-04-02,TravelDesk,Equipment,25109.05,Manager B,Finance,Bank Transfer,Varanasi,False
TX001346,EMP004,Ishita,2026-06-09,TravelDesk,Travel,24486.32,Manager B,Operations,Bank Transfer,Bengaluru,False
TX001347,EMP005,Rohan,2026-01-12,OfficeMart,Office,16384.14,Manager B,Engineering,Bank Transfer,Mumbai,False
TX001348,EMP003,Kabir,2026-01-14,TravelDesk,Office,14978.88,Manager B,Engineering,Bank Transfer,Bengaluru,False
TX001349,EMP003,Kabir,2026-08-16,EquipHub,Office,11689.37,Manager A,Finance,Card,Delhi,False
TX001350,EMP005,Rohan,2026-03-23,TravelDesk,Equipment,19998.35,Manager B,Engineering,Bank Transfer,Varanasi,False
TX001351,EMP005,Rohan,2026-04-16,TechSupply,Software,14981.79,Manager B,Engineering,UPI,Bengaluru,False
TX001352,EMP001,Aarav,2026-02-03,CloudWorks,Travel,29483.44,Manager B,Engineering,Bank Transfer,Delhi,False
TX001353,EMP002,Meera,2026-07-20,TravelDesk,Software,15284.61,Manager A,Finance,Card,Mumbai,False
TX001354,EMP003,Kabir,2026-02-27,TravelDesk,Travel,21411.75,Manager B,Engineering,Card,Mumbai,False
TX001355,EMP002,Meera,2026-08-11,TravelDesk,Equipment,11261.47,Manager B,Operations,Bank Transfer,Varanasi,False
TX001356,EMP004,Ishita,2026-08-01,EquipHub,Office,17243.29,Manager B,Engineering,Card,Mumbai,False
TX001357,EMP004,Ishita,2026-07-16,CloudWorks,Software,19635.96,Manager A,Finance,UPI,Mumbai,False
TX001358,EMP001,Aarav,2026-04-03,OfficeMart,Software,21387.85,Manager B,Engineering,Bank Transfer,Mumbai,False
TX001359,EMP004,Ishita,2026-01-10,CloudWorks,Equipment,27749.56,Manager A,Finance,Card,Varanasi,False
TX001360,EMP002,Meera,2026-01-18,CloudWorks,Equipment,24953.42,Manager A,Finance,UPI,Varanasi,False
TX001361,EMP001,Aarav,2026-06-23,TechSupply,Software,21244.51,Manager A,Operations,Bank Transfer,Varanasi,False
TX001362,EMP004,Ishita,2026-04-18,TechSupply,Office,25562.35,Manager B,Finance,UPI,Mumbai,False
TX001363,EMP005,Rohan,2026-05-11,CloudWorks,Software,11596.56,Manager A,Operations,Card,Bengaluru,False
TX001364,EMP001,Aarav,2026-02-21,OfficeMart,Software,27082.44,Manager B,Operations,Card,Varanasi,False
TX001365,EMP005,Rohan,2026-01-08,EquipHub,Software,26022.81,Manager B,Finance,UPI,Bengaluru,False
TX001366,EMP003,Kabir,2026-06-02,TravelDesk,Software,18659.75,Manager B,Finance,Card,Mumbai,False
TX001367,EMP005,Rohan,2026-01-14,EquipHub,Travel,21768.39,Manager B,Finance,Bank Transfer,Mumbai,False
TX001368,EMP003,Kabir,2026-07-13,EquipHub,Office,17644.32,Manager A,Engineering,UPI,Varanasi,False
TX001369,EMP004,Ishita,2026-01-04,CloudWorks,Travel,21694.68,Manager A,Operations,Card,Varanasi,False
TX001370,EMP002,Meera,2026-05-30,TechSupply,Travel,23794.18,Manager B,Operations,Card,Delhi,False
TX001371,EMP001,Aarav,2026-02-01,EquipHub,Travel,17056.56,Manager A,Finance,Card,Mumbai,False
TX001372,EMP005,Rohan,2026-03-23,CloudWorks,Travel,29944.66,Manager B,Finance,Bank Transfer,Varanasi,False
TX001373,EMP004,Ishita,2026-03-03,OfficeMart,Equipment,23190.4,Manager B,Operations,UPI,Mumbai,False
TX001374,EMP001,Aarav,2026-07-24,CloudWorks,Software,18455.14,Manager A,Engineering,Card,Delhi,False
TX001375,EMP002,Meera,2026-07-29,TravelDesk,Software,26238.34,Manager B,Engineering,Bank Transfer,Delhi,False
TX001376,EMP003,Kabir,2026-07-18,OfficeMart,Equipment,21179.8,Manager B,Finance,UPI,Delhi,False
TX001377,EMP003,Kabir,2026-06-16,EquipHub,Travel,11450.28,Manager B,Finance,UPI,Varanasi,False
TX001378,EMP003,Kabir,2026-03-15,EquipHub,Equipment,21277.36,Manager A,Operations,Card,Bengaluru,False
TX001379,EMP005,Rohan,2026-06-03,OfficeMart,Software,20991.03,Manager B,Engineering,Card,Varanasi,False
TX001380,EMP003,Kabir,2026-03-15,OfficeMart,Software,21869.41,Manager B,Engineering,UPI,Delhi,False
TX001381,EMP004,Ishita,2026-02-21,TravelDesk,Office,11434.57,Manager B,Operations,Card,Bengaluru,False
TX001382,EMP003,Kabir,2026-05-09,OfficeMart,Equipment,18277.99,Manager A,Finance,Card,Mumbai,False
TX001383,EMP005,Rohan,2026-08-20,CloudWorks,Office,21037.96,Manager A,Operations,Bank Transfer,Mumbai,False
TX001384,EMP002,Meera,2026-05-20,OfficeMart,Travel,28671.75,Manager B,Finance,UPI,Bengaluru,False
TX001385,EMP004,Ishita,2026-05-09,OfficeMart,Travel,22877.46,Manager A,Finance,UPI,Varanasi,False
TX001386,EMP003,Kabir,2026-05-02,CloudWorks,Office,342214.850271174,Manager A,Finance,UPI,Varanasi,True
TX001387,EMP001,Aarav,2026-02-22,TechSupply,Travel,14986.07,Manager A,Operations,UPI,Bengaluru,False
TX001388,EMP001,Aarav,2026-07-09,EquipHub,Office,14877.37,Manager A,Engineering,Bank Transfer,Mumbai,False
TX001389,EMP001,Aarav,2026-07-07,EquipHub,Software,21715.73,Manager B,Engineering,Bank Transfer,Bengaluru,False
TX001390,EMP002,Meera,2026-01-12,TravelDesk,Software,13943.53,Manager B,Engineering,UPI,Delhi,False
TX001391,EMP002,Meera,2026-01-31,OfficeMart,Office,15839.18,Manager A,Finance,Bank Transfer,Bengaluru,False
TX001392,EMP001,Aarav,2026-06-18,EquipHub,Software,24230.78,Manager A,Finance,Bank Transfer,Bengaluru,False
TX001393,EMP005,Rohan,2026-01-23,EquipHub,Software,24373.75,Manager B,Operations,UPI,Delhi,False
TX001394,EMP005,Rohan,2026-02-15,TechSupply,Office,13298.25,Manager B,Engineering,UPI,Bengaluru,False
TX001395,EMP005,Rohan,2026-07-08,CloudWorks,Travel,11148.11,Manager B,Finance,Bank Transfer,Delhi,False
TX001396,EMP004,Ishita,2026-02-06,EquipHub,Travel,36995.0,Manager A,Engineering,UPI,Varanasi,False
TX001397,EMP005,Rohan,2026-05-09,OfficeMart,Office,17082.53,Manager B,Engineering,Bank Transfer,Mumbai,False
TX001398,EMP004,Ishita,2026-04-02,TechSupply,Software,17577.2,Manager B,Engineering,Card,Mumbai,False
TX001399,EMP002,Meera,2026-06-22,OfficeMart,Equipment,14694.73,Manager B,Engineering,Bank Transfer,Mumbai,False
TX001400,EMP001,Aarav,2026-02-19,TravelDesk,Travel,23750.49,Manager B,Engineering,Bank Transfer,Varanasi,False
TX001401,EMP002,Meera,2026-06-03,TravelDesk,Travel,13003.65,Manager B,Finance,UPI,Delhi,False
TX001402,EMP004,Ishita,2026-04-05,CloudWorks,Equipment,21509.87,Manager B,Operations,UPI,Bengaluru,False
TX001403,EMP005,Rohan,2026-06-26,TravelDesk,Office,19218.66,Manager A,Engineering,Card,Delhi,False
TX001404,EMP002,Meera,2026-04-09,TechSupply,Travel,3739.13,Manager A,Operations,UPI,Bengaluru,False
TX001405,EMP003,Kabir,2026-01-13,TravelDesk,Office,15360.62,Manager B,Finance,Card,Bengaluru,False
TX001406,EMP001,Aarav,2026-03-11,CloudWorks,Travel,20391.69,Manager B,Operations,UPI,Bengaluru,False
TX001407,EMP005,Rohan,2026-08-08,EquipHub,Software,22824.88,Manager B,Operations,Bank Transfer,Delhi,False
TX001408,EMP004,Ishita,2026-04-01,TechSupply,Travel,18853.86,Manager A,Finance,UPI,Varanasi,False
TX001409,EMP001,Aarav,2026-04-03,OfficeMart,Software,21563.76,Manager A,Engineering,Bank Transfer,Delhi,False
TX001410,EMP003,Kabir,2026-03-09,TechSupply,Software,149151.48674325336,Manager B,Operations,UPI,Mumbai,True
TX001411,EMP004,Ishita,2026-02-27,TechSupply,Software,15753.0,Manager B,Finance,UPI,Varanasi,False
TX001412,EMP004,Ishita,2026-02-17,TravelDesk,Equipment,17992.27,Manager A,Finance,Card,Mumbai,False
TX001413,EMP001,Aarav,2026-03-10,OfficeMart,Travel,21686.83,Manager B,Finance,UPI,Varanasi,False
TX001414,EMP004,Ishita,2026-08-21,TechSupply,Office,26086.31,Manager A,Operations,UPI,Bengaluru,False
TX001415,EMP001,Aarav,2026-08-07,CloudWorks,Software,16201.55,Manager A,Finance,Bank Transfer,Varanasi,False
TX001416,EMP003,Kabir,2026-03-11,EquipHub,Equipment,25014.74,Manager A,Operations,Bank Transfer,Mumbai,False
TX001417,EMP005,Rohan,2026-05-25,TechSupply,Equipment,14573.8,Manager B,Finance,UPI,Delhi,False
TX001418,EMP003,Kabir,2026-03-18,TravelDesk,Equipment,13041.64,Manager B,Finance,UPI,Delhi,False
TX001419,EMP002,Meera,2026-05-31,CloudWorks,Software,24950.11,Manager A,Engineering,Card,Bengaluru,False
TX001420,EMP003,Kabir,2026-07-10,TechSupply,Travel,251802.89189063985,Manager A,Operations,UPI,Bengaluru,True
TX001421,EMP003,Kabir,2026-06-19,CloudWorks,Equipment,21607.75,Manager A,Engineering,Card,Bengaluru,False
TX001422,EMP005,Rohan,2026-08-02,TechSupply,Travel,9750.47,Manager A,Operations,Bank Transfer,Varanasi,False
TX001423,EMP005,Rohan,2026-08-13,EquipHub,Equipment,22288.15,Manager B,Engineering,UPI,Mumbai,False
TX001424,EMP001,Aarav,2026-02-14,EquipHub,Software,26319.07,Manager A,Operations,Bank Transfer,Mumbai,False
TX001425,EMP005,Rohan,2026-05-29,TechSupply,Travel,18256.37,Manager A,Operations,Card,Mumbai,False
TX001426,EMP002,Meera,2026-05-14,TravelDesk,Office,17948.16,Manager A,Operations,Bank Transfer,Mumbai,False
TX001427,EMP002,Meera,2026-04-01,EquipHub,Software,20585.35,Manager B,Finance,Bank Transfer,Mumbai,False
TX001428,EMP003,Kabir,2026-01-22,TechSupply,Office,28832.78,Manager B,Finance,Bank Transfer,Varanasi,False
TX001429,EMP002,Meera,2026-07-11,EquipHub,Software,19019.28,Manager B,Operations,Card,Delhi,False
TX001430,EMP002,Meera,2026-02-19,TravelDesk,Equipment,21268.52,Manager A,Finance,UPI,Delhi,False
TX001431,EMP005,Rohan,2026-02-23,OfficeMart,Software,23479.98,Manager A,Engineering,Card,Varanasi,False
TX001432,EMP003,Kabir,2026-06-10,EquipHub,Travel,19163.36,Manager A,Operations,UPI,Varanasi,False
TX001433,EMP004,Ishita,2026-07-18,OfficeMart,Equipment,4423.04,Manager A,Engineering,Card,Mumbai,False
TX001434,EMP001,Aarav,2026-01-25,TravelDesk,Equipment,20631.6,Manager A,Engineering,UPI,Bengaluru,False
TX001435,EMP005,Rohan,2026-07-13,TravelDesk,Office,20515.11,Manager B,Operations,UPI,Varanasi,False
TX001436,EMP005,Rohan,2026-06-17,CloudWorks,Software,9955.32,Manager B,Operations,Card,Varanasi,False
TX001437,EMP001,Aarav,2026-03-07,TechSupply,Travel,19120.79,Manager B,Engineering,UPI,Mumbai,False
TX001438,EMP002,Meera,2026-04-07,OfficeMart,Travel,23721.76,Manager A,Engineering,Card,Mumbai,False
TX001439,EMP005,Rohan,2026-08-28,CloudWorks,Travel,19151.12,Manager A,Operations,Card,Bengaluru,False
TX001440,EMP001,Aarav,2026-07-03,TechSupply,Software,22283.65,Manager B,Operations,Card,Mumbai,False
TX001441,EMP003,Kabir,2026-02-25,EquipHub,Software,13517.66,Manager B,Finance,Card,Mumbai,False
TX001442,EMP005,Rohan,2026-07-18,TechSupply,Software,18260.53,Manager A,Finance,Card,Varanasi,False
TX001443,EMP002,Meera,2026-03-21,OfficeMart,Equipment,13725.69,Manager B,Finance,UPI,Varanasi,False
TX001444,EMP005,Rohan,2026-05-02,TechSupply,Equipment,9652.82,Manager B,Engineering,Card,Delhi,False
TX001445,EMP001,Aarav,2026-05-28,CloudWorks,Office,6824.63,Manager A,Operations,Card,Varanasi,False
TX001446,EMP004,Ishita,2026-04-18,OfficeMart,Software,26331.96,Manager A,Finance,Card,Bengaluru,False
TX001447,EMP003,Kabir,2026-01-20,EquipHub,Office,10504.9,Manager A,Operations,UPI,Delhi,False
TX001448,EMP004,Ishita,2026-04-30,OfficeMart,Travel,10564.07,Manager B,Finance,Card,Varanasi,False
TX001449,EMP002,Meera,2026-07-12,OfficeMart,Travel,16761.61,Manager A,Engineering,Bank Transfer,Mumbai,False
TX001450,EMP003,Kabir,2026-04-19,CloudWorks,Equipment,17738.24,Manager B,Finance,Card,Bengaluru,False
TX001451,EMP003,Kabir,2026-03-28,TechSupply,Software,20160.96,Manager B,Finance,Card,Bengaluru,False
TX001452,EMP003,Kabir,2026-05-17,EquipHub,Office,24174.27,Manager B,Engineering,Bank Transfer,Mumbai,False
TX001453,EMP002,Meera,2026-08-16,CloudWorks,Software,23384.04,Manager A,Finance,UPI,Delhi,False
TX001454,EMP002,Meera,2026-07-18,TravelDesk,Equipment,25177.33,Manager A,Engineering,Card,Mumbai,False
TX001455,EMP003,Kabir,2026-01-12,CloudWorks,Equipment,32364.68,Manager B,Engineering,Card,Delhi,False
TX001456,EMP004,Ishita,2026-07-01,TechSupply,Equipment,14752.25,Manager B,Finance,UPI,Delhi,False
TX001457,EMP002,Meera,2026-03-16,EquipHub,Software,25757.15,Manager A,Engineering,Bank Transfer,Varanasi,False
TX001458,EMP005,Rohan,2026-07-30,EquipHub,Travel,26072.66,Manager A,Engineering,Bank Transfer,Delhi,False
TX001459,EMP004,Ishita,2026-03-24,CloudWorks,Equipment,12870.02,Manager A,Finance,UPI,Varanasi,False
TX001460,EMP001,Aarav,2026-08-04,OfficeMart,Software,28054.2,Manager B,Finance,Card,Delhi,False
TX001461,EMP004,Ishita,2026-07-07,OfficeMart,Office,10434.07,Manager A,Operations,Bank Transfer,Varanasi,False
TX001462,EMP005,Rohan,2026-07-31,TravelDesk,Office,19381.16,Manager A,Finance,UPI,Mumbai,False
TX001463,EMP003,Kabir,2026-08-03,TravelDesk,Travel,12252.13,Manager A,Finance,UPI,Mumbai,False
TX001464,EMP002,Meera,2026-01-09,EquipHub,Software,17596.73,Manager B,Engineering,Card,Bengaluru,False
TX001465,EMP002,Meera,2026-08-09,CloudWorks,Travel,21543.55,Manager B,Finance,Bank Transfer,Mumbai,False
TX001466,EMP004,Ishita,2026-01-04,TravelDesk,Software,17232.89,Manager B,Finance,Card,Delhi,False
TX001467,EMP003,Kabir,2026-03-06,CloudWorks,Software,17844.03,Manager A,Finance,Card,Varanasi,False
TX001468,EMP003,Kabir,2026-05-20,OfficeMart,Office,18533.02,Manager A,Operations,Bank Transfer,Mumbai,False
TX001469,EMP003,Kabir,2026-05-05,CloudWorks,Equipment,23358.9,Manager B,Operations,Card,Bengaluru,False
TX001470,EMP003,Kabir,2026-04-01,TravelDesk,Travel,33832.67,Manager B,Operations,Card,Delhi,False
TX001471,EMP001,Aarav,2026-01-06,TravelDesk,Travel,16690.87,Manager B,Engineering,Card,Delhi,False
TX001472,EMP002,Meera,2026-03-12,TechSupply,Software,13689.08,Manager A,Operations,Card,Bengaluru,False
TX001473,EMP005,Rohan,2026-06-02,OfficeMart,Software,14487.35,Manager A,Finance,UPI,Delhi,False
TX001474,EMP004,Ishita,2026-05-18,CloudWorks,Equipment,29261.12,Manager A,Engineering,Bank Transfer,Mumbai,False
TX001475,EMP005,Rohan,2026-03-27,CloudWorks,Software,24831.79,Manager B,Operations,UPI,Delhi,False
TX001476,EMP005,Rohan,2026-02-23,OfficeMart,Equipment,23671.82,Manager A,Operations,Bank Transfer,Bengaluru,False
TX001477,EMP002,Meera,2026-02-12,CloudWorks,Travel,25452.39,Manager B,Operations,Bank Transfer,Bengaluru,False
TX001478,EMP001,Aarav,2026-06-17,OfficeMart,Office,26145.68,Manager A,Finance,Bank Transfer,Mumbai,False
TX001479,EMP003,Kabir,2026-07-19,EquipHub,Software,23983.77,Manager B,Engineering,Card,Delhi,False
TX001480,EMP001,Aarav,2026-05-22,CloudWorks,Office,24210.42,Manager A,Finance,Card,Varanasi,False
TX001481,EMP004,Ishita,2026-03-10,OfficeMart,Travel,15061.85,Manager B,Operations,Bank Transfer,Mumbai,False
TX001482,EMP002,Meera,2026-03-19,CloudWorks,Equipment,17030.23,Manager A,Finance,UPI,Bengaluru,False
TX001483,EMP005,Rohan,2026-07-13,EquipHub,Office,23088.28,Manager A,Engineering,Bank Transfer,Bengaluru,False
TX001484,EMP004,Ishita,2026-02-09,TravelDesk,Office,20076.4,Manager A,Operations,Bank Transfer,Delhi,False
TX001485,EMP004,Ishita,2026-01-30,TechSupply,Equipment,19340.01,Manager B,Engineering,Bank Transfer,Bengaluru,False
TX001486,EMP005,Rohan,2026-01-19,EquipHub,Equipment,19301.96,Manager B,Finance,Card,Delhi,False
TX001487,EMP005,Rohan,2026-03-12,OfficeMart,Equipment,30434.61,Manager A,Operations,UPI,Varanasi,False
TX001488,EMP003,Kabir,2026-08-13,TravelDesk,Software,25662.32,Manager B,Engineering,UPI,Delhi,False
TX001489,EMP004,Ishita,2026-03-08,CloudWorks,Travel,23652.0,Manager A,Engineering,Bank Transfer,Delhi,False
TX001490,EMP002,Meera,2026-06-03,EquipHub,Office,21093.48,Manager B,Finance,Bank Transfer,Bengaluru,False
TX001491,EMP003,Kabir,2026-03-29,TravelDesk,Equipment,16221.44,Manager A,Operations,Bank Transfer,Delhi,False
TX001492,EMP001,Aarav,2026-03-11,OfficeMart,Travel,23119.01,Manager A,Operations,Card,Varanasi,False
TX001493,EMP002,Meera,2026-05-01,CloudWorks,Office,21286.97,Manager A,Finance,Card,Mumbai,False
TX001494,EMP001,Aarav,2026-01-12,EquipHub,Equipment,15417.89,Manager A,Engineering,Card,Varanasi,False
TX001495,EMP001,Aarav,2026-07-27,CloudWorks,Office,23403.62,Manager A,Finance,UPI,Mumbai,False
TX001496,EMP001,Aarav,2026-07-14,TravelDesk,Equipment,24485.85,Manager B,Finance,Bank Transfer,Delhi,False
TX001497,EMP002,Meera,2026-07-09,TravelDesk,Travel,19666.39,Manager A,Finance,Bank Transfer,Mumbai,False
TX001498,EMP005,Rohan,2026-08-14,OfficeMart,Travel,19317.95,Manager B,Finance,Card,Delhi,False
TX001499,EMP001,Aarav,2026-06-30,CloudWorks,Software,27191.66,Manager A,Operations,Bank Transfer,Mumbai,False
TX001500,EMP001,Aarav,2026-03-13,CloudWorks,Equipment,9971.75,Manager B,Finance,Card,Varanasi,False
TX001501,EMP004,Ishita,2026-07-21,TechSupply,Software,22357.83,Manager A,Engineering,Bank Transfer,Mumbai,False
TX001502,EMP005,Rohan,2026-06-06,EquipHub,Office,9041.02,Manager B,Finance,Card,Mumbai,False
TX001503,EMP002,Meera,2026-01-06,EquipHub,Travel,23934.6,Manager A,Finance,Card,Bengaluru,False
TX001504,EMP003,Kabir,2026-02-20,CloudWorks,Office,12501.09,Manager B,Engineering,Card,Bengaluru,False
TX001505,EMP003,Kabir,2026-01-22,TechSupply,Equipment,21707.23,Manager A,Engineering,UPI,Varanasi,False
TX001506,EMP001,Aarav,2026-04-17,TechSupply,Office,7765.3,Manager A,Operations,Bank Transfer,Mumbai,False
TX001507,EMP005,Rohan,2026-07-21,CloudWorks,Equipment,7935.82,Manager A,Operations,Bank Transfer,Delhi,False
TX001508,EMP005,Rohan,2026-07-30,EquipHub,Equipment,15690.85,Manager B,Finance,Bank Transfer,Mumbai,False
TX001509,EMP004,Ishita,2026-02-26,TechSupply,Software,21280.66,Manager B,Engineering,UPI,Delhi,False
TX001510,EMP004,Ishita,2026-05-22,TechSupply,Travel,16506.4,Manager B,Finance,Card,Bengaluru,False
TX001511,EMP002,Meera,2026-04-03,OfficeMart,Travel,23376.4,Manager B,Engineering,Bank Transfer,Varanasi,False
TX001512,EMP005,Rohan,2026-03-22,TechSupply,Office,14047.66,Manager B,Operations,UPI,Bengaluru,False
TX001513,EMP004,Ishita,2026-02-16,CloudWorks,Software,10357.51,Manager B,Finance,Card,Mumbai,False
TX001514,EMP005,Rohan,2026-07-26,CloudWorks,Equipment,12070.4,Manager A,Engineering,UPI,Delhi,False
TX001515,EMP003,Kabir,2026-03-01,EquipHub,Equipment,21727.14,Manager A,Operations,Bank Transfer,Mumbai,False
TX001516,EMP001,Aarav,2026-05-12,TechSupply,Travel,23245.59,Manager B,Engineering,Bank Transfer,Bengaluru,False
TX001517,EMP002,Meera,2026-03-10,CloudWorks,Equipment,30963.57,Manager A,Operations,Bank Transfer,Delhi,False
TX001518,EMP001,Aarav,2026-01-14,OfficeMart,Travel,19723.04,Manager B,Finance,UPI,Bengaluru,False
TX001519,EMP004,Ishita,2026-05-01,CloudWorks,Equipment,30757.47,Manager B,Finance,Card,Mumbai,False
TX001520,EMP003,Kabir,2026-08-20,CloudWorks,Software,15000.97,Manager B,Finance,Card,Varanasi,False
TX001521,EMP001,Aarav,2026-07-24,EquipHub,Office,10773.68,Manager B,Finance,UPI,Delhi,False
TX001522,EMP004,Ishita,2026-01-17,CloudWorks,Office,11697.23,Manager B,Operations,Card,Mumbai,False
TX001523,EMP002,Meera,2026-04-29,TechSupply,Office,23288.81,Manager B,Operations,UPI,Varanasi,False
TX001524,EMP003,Kabir,2026-08-15,OfficeMart,Software,15385.37,Manager A,Finance,Bank Transfer,Bengaluru,False
TX001525,EMP005,Rohan,2026-01-02,OfficeMart,Office,9078.97,Manager A,Finance,Card,Bengaluru,False
TX001526,EMP005,Rohan,2026-07-23,CloudWorks,Software,13427.46,Manager A,Operations,Card,Delhi,False
TX001527,EMP002,Meera,2026-08-07,EquipHub,Office,14169.22,Manager A,Operations,Bank Transfer,Varanasi,False
TX001528,EMP003,Kabir,2026-02-26,TravelDesk,Equipment,12488.71,Manager A,Finance,UPI,Varanasi,False
TX001529,EMP001,Aarav,2026-02-17,CloudWorks,Software,18355.87,Manager A,Operations,Card,Bengaluru,False
TX001530,EMP001,Aarav,2026-01-21,TechSupply,Software,12621.73,Manager B,Finance,Bank Transfer,Mumbai,False
TX001531,EMP002,Meera,2026-07-26,EquipHub,Travel,26585.71,Manager A,Engineering,UPI,Varanasi,False
TX001532,EMP003,Kabir,2026-01-16,CloudWorks,Travel,10158.23,Manager B,Operations,Bank Transfer,Delhi,False
TX001533,EMP001,Aarav,2026-01-07,OfficeMart,Equipment,22766.83,Manager B,Engineering,Bank Transfer,Mumbai,False
TX001534,EMP002,Meera,2026-04-30,CloudWorks,Office,17775.64,Manager B,Engineering,UPI,Delhi,False
TX001535,EMP005,Rohan,2026-04-08,OfficeMart,Travel,120883.46390047013,Manager B,Finance,Card,Bengaluru,True
TX001536,EMP004,Ishita,2026-02-28,TechSupply,Software,20556.51,Manager B,Finance,Card,Varanasi,False
TX001537,EMP002,Meera,2026-02-10,TechSupply,Office,26159.0,Manager B,Finance,UPI,Bengaluru,False
TX001538,EMP003,Kabir,2026-08-21,OfficeMart,Office,20097.75,Manager A,Operations,UPI,Delhi,False
TX001539,EMP003,Kabir,2026-06-26,OfficeMart,Equipment,22240.66,Manager B,Operations,Card,Delhi,False
TX001540,EMP005,Rohan,2026-01-14,TravelDesk,Equipment,21022.66,Manager B,Operations,UPI,Varanasi,False
TX001541,EMP003,Kabir,2026-03-05,OfficeMart,Software,23280.37,Manager A,Engineering,Bank Transfer,Delhi,False
TX001542,EMP001,Aarav,2026-02-27,TravelDesk,Office,12021.6,Manager B,Operations,Card,Varanasi,False
TX001543,EMP005,Rohan,2026-03-10,OfficeMart,Office,22677.3,Manager A,Finance,Bank Transfer,Varanasi,False
TX001544,EMP004,Ishita,2026-04-09,TechSupply,Travel,22339.65,Manager B,Finance,UPI,Mumbai,False
TX001545,EMP004,Ishita,2026-05-21,EquipHub,Travel,30720.86,Manager A,Engineering,Bank Transfer,Varanasi,False
TX001546,EMP002,Meera,2026-02-28,TravelDesk,Software,24758.64,Manager B,Engineering,Card,Varanasi,False
TX001547,EMP001,Aarav,2026-08-16,TechSupply,Office,26632.67,Manager A,Finance,UPI,Bengaluru,False
TX001548,EMP003,Kabir,2026-06-16,TravelDesk,Software,16999.61,Manager A,Finance,UPI,Varanasi,False
TX001549,EMP001,Aarav,2026-01-03,EquipHub,Travel,22320.55,Manager B,Engineering,Bank Transfer,Bengaluru,False
TX001550,EMP002,Meera,2026-06-14,TechSupply,Software,20410.44,Manager A,Operations,Card,Mumbai,False
TX001551,EMP001,Aarav,2026-08-01,CloudWorks,Office,23079.61,Manager A,Operations,UPI,Mumbai,False
TX001552,EMP003,Kabir,2026-04-20,TravelDesk,Software,25957.03,Manager A,Operations,UPI,Delhi,False
TX001553,EMP003,Kabir,2026-01-31,TravelDesk,Software,26414.42,Manager A,Finance,Card,Delhi,False
TX001554,EMP003,Kabir,2026-01-19,CloudWorks,Software,20178.99,Manager A,Operations,UPI,Delhi,False
TX001555,EMP002,Meera,2026-05-28,TravelDesk,Office,8446.23,Manager A,Engineering,UPI,Bengaluru,False
TX001556,EMP002,Meera,2026-05-23,TechSupply,Office,17731.41,Manager B,Operations,Card,Varanasi,False
TX001557,EMP002,Meera,2026-01-27,TechSupply,Software,18819.08,Manager A,Operations,Bank Transfer,Mumbai,False
TX001558,EMP005,Rohan,2026-08-06,CloudWorks,Equipment,20729.63,Manager A,Finance,Card,Mumbai,False
TX001559,EMP001,Aarav,2026-05-30,OfficeMart,Software,24859.79,Manager B,Engineering,UPI,Bengaluru,False
TX001560,EMP003,Kabir,2026-05-04,EquipHub,Office,28482.35,Manager B,Finance,UPI,Mumbai,False
TX001561,EMP005,Rohan,2026-08-15,EquipHub,Office,23686.24,Manager A,Finance,Card,Varanasi,False
TX001562,EMP005,Rohan,2026-05-04,TravelDesk,Equipment,14514.63,Manager B,Operations,UPI,Bengaluru,False
TX001563,EMP005,Rohan,2026-03-12,EquipHub,Office,14590.08,Manager B,Finance,Card,Bengaluru,False
TX001564,EMP001,Aarav,2026-03-12,TechSupply,Travel,19424.98,Manager B,Engineering,Card,Bengaluru,False
TX001565,EMP001,Aarav,2026-02-12,OfficeMart,Software,33675.16,Manager A,Engineering,Card,Varanasi,False
TX001566,EMP001,Aarav,2026-06-06,TechSupply,Equipment,10136.78,Manager B,Operations,Card,Varanasi,False
TX001567,EMP005,Rohan,2026-03-03,CloudWorks,Office,17540.34,Manager B,Engineering,UPI,Varanasi,False
TX001568,EMP005,Rohan,2026-07-28,CloudWorks,Equipment,22115.88,Manager B,Finance,Bank Transfer,Varanasi,False
TX001569,EMP004,Ishita,2026-04-14,CloudWorks,Travel,16592.85,Manager B,Engineering,Card,Mumbai,False
TX001570,EMP002,Meera,2026-03-08,CloudWorks,Travel,24181.23,Manager B,Engineering,UPI,Varanasi,False
TX001571,EMP004,Ishita,2026-01-01,TravelDesk,Office,16775.44,Manager A,Finance,Card,Bengaluru,False
TX001572,EMP004,Ishita,2026-04-17,TechSupply,Equipment,25422.55,Manager B,Finance,Card,Bengaluru,False
TX001573,EMP001,Aarav,2026-01-14,TechSupply,Software,18642.18,Manager A,Finance,Bank Transfer,Bengaluru,False
TX001574,EMP002,Meera,2026-06-17,OfficeMart,Office,27992.74,Manager B,Finance,Bank Transfer,Mumbai,False
TX001575,EMP004,Ishita,2026-02-28,TravelDesk,Travel,22789.95,Manager B,Engineering,Bank Transfer,Varanasi,False
TX001576,EMP003,Kabir,2026-06-11,TravelDesk,Software,31295.26,Manager B,Finance,UPI,Bengaluru,False
TX001577,EMP003,Kabir,2026-04-03,CloudWorks,Office,32577.61,Manager A,Engineering,UPI,Varanasi,False
TX001578,EMP004,Ishita,2026-08-21,TravelDesk,Equipment,15936.05,Manager B,Engineering,UPI,Delhi,False
TX001579,EMP001,Aarav,2026-07-20,OfficeMart,Travel,20862.29,Manager A,Operations,Bank Transfer,Delhi,False
TX001580,EMP005,Rohan,2026-04-17,EquipHub,Travel,24084.31,Manager B,Finance,UPI,Mumbai,False
TX001581,EMP001,Aarav,2026-02-27,TravelDesk,Travel,414987.87445237464,Manager B,Operations,Card,Varanasi,True
TX001582,EMP003,Kabir,2026-07-12,EquipHub,Equipment,21564.72,Manager A,Engineering,Bank Transfer,Mumbai,False
TX001583,EMP002,Meera,2026-04-11,TravelDesk,Travel,14688.59,Manager A,Operations,UPI,Varanasi,False
TX001584,EMP005,Rohan,2026-02-16,TravelDesk,Software,17294.35,Manager B,Finance,Card,Delhi,False
TX001585,EMP001,Aarav,2026-06-22,OfficeMart,Software,14914.76,Manager A,Finance,Card,Bengaluru,False
TX001586,EMP001,Aarav,2026-01-23,EquipHub,Software,22071.55,Manager A,Engineering,UPI,Mumbai,False
TX001587,EMP003,Kabir,2026-05-21,CloudWorks,Office,20348.91,Manager A,Operations,UPI,Mumbai,False
TX001588,EMP001,Aarav,2026-07-27,OfficeMart,Software,15060.9,Manager B,Finance,Card,Bengaluru,False
TX001589,EMP005,Rohan,2026-06-16,CloudWorks,Equipment,8936.81,Manager B,Operations,UPI,Mumbai,False
TX001590,EMP002,Meera,2026-04-25,OfficeMart,Travel,19189.28,Manager B,Finance,Bank Transfer,Varanasi,False
TX001591,EMP004,Ishita,2026-07-07,EquipHub,Office,17339.65,Manager A,Engineering,UPI,Delhi,False
TX001592,EMP005,Rohan,2026-02-02,TechSupply,Software,21172.88,Manager B,Finance,UPI,Varanasi,False
TX001593,EMP004,Ishita,2026-03-02,EquipHub,Office,23815.31,Manager B,Operations,UPI,Bengaluru,False
TX001594,EMP004,Ishita,2026-02-09,CloudWorks,Travel,20662.57,Manager B,Operations,Card,Delhi,False
TX001595,EMP003,Kabir,2026-03-23,EquipHub,Software,25035.85,Manager B,Engineering,Card,Varanasi,False
TX001596,EMP001,Aarav,2026-05-01,EquipHub,Travel,21759.94,Manager A,Finance,Bank Transfer,Delhi,False
TX001597,EMP003,Kabir,2026-03-24,EquipHub,Office,15623.56,Manager B,Engineering,Bank Transfer,Bengaluru,False
TX001598,EMP003,Kabir,2026-02-24,OfficeMart,Equipment,17804.7,Manager A,Engineering,Card,Bengaluru,False
TX001599,EMP003,Kabir,2026-06-22,CloudWorks,Travel,14627.22,Manager A,Finance,Card,Delhi,False
TX001600,EMP004,Ishita,2026-04-09,EquipHub,Office,8122.65,Manager B,Finance,UPI,Bengaluru,False
TX001601,EMP004,Ishita,2026-01-07,TravelDesk,Equipment,22690.33,Manager B,Finance,Card,Delhi,False
TX001602,EMP001,Aarav,2026-03-02,CloudWorks,Equipment,19602.79,Manager A,Engineering,Card,Mumbai,False
TX001603,EMP002,Meera,2026-08-21,TechSupply,Equipment,36857.31,Manager B,Engineering,Card,Mumbai,False
TX001604,EMP005,Rohan,2026-06-10,TechSupply,Office,9408.97,Manager A,Operations,Bank Transfer,Delhi,False
TX001605,EMP002,Meera,2026-03-31,EquipHub,Office,20125.71,Manager B,Operations,Card,Mumbai,False
TX001606,EMP004,Ishita,2026-05-31,OfficeMart,Office,20059.91,Manager A,Finance,Card,Varanasi,False
TX001607,EMP001,Aarav,2026-06-10,OfficeMart,Travel,24619.41,Manager B,Engineering,Bank Transfer,Bengaluru,False
TX001608,EMP004,Ishita,2026-07-04,CloudWorks,Software,17943.08,Manager B,Finance,UPI,Delhi,False
TX001609,EMP004,Ishita,2026-06-03,TravelDesk,Equipment,20831.51,Manager B,Operations,Bank Transfer,Mumbai,False
TX001610,EMP001,Aarav,2026-05-23,EquipHub,Equipment,28038.67,Manager A,Operations,Card,Delhi,False
TX001611,EMP003,Kabir,2026-02-11,EquipHub,Software,15765.11,Manager B,Finance,UPI,Varanasi,False
TX001612,EMP003,Kabir,2026-02-13,EquipHub,Equipment,13845.08,Manager A,Operations,Card,Bengaluru,False
TX001613,EMP004,Ishita,2026-01-18,CloudWorks,Travel,24568.67,Manager A,Finance,Card,Bengaluru,False
TX001614,EMP004,Ishita,2026-06-19,CloudWorks,Travel,20243.5,Manager B,Finance,UPI,Delhi,False
TX001615,EMP002,Meera,2026-05-01,EquipHub,Software,5204.71,Manager A,Finance,Card,Delhi,False
TX001616,EMP004,Ishita,2026-03-17,TechSupply,Travel,14965.73,Manager B,Operations,UPI,Bengaluru,False
TX001617,EMP005,Rohan,2026-06-14,TravelDesk,Travel,25856.68,Manager B,Operations,UPI,Mumbai,False
TX001618,EMP005,Rohan,2026-03-02,CloudWorks,Travel,21641.42,Manager A,Engineering,UPI,Varanasi,False
TX001619,EMP004,Ishita,2026-01-05,OfficeMart,Software,14404.36,Manager B,Operations,Card,Delhi,False
TX001620,EMP004,Ishita,2026-07-02,TechSupply,Equipment,35531.53,Manager A,Operations,Card,Bengaluru,False
TX001621,EMP001,Aarav,2026-01-19,TravelDesk,Equipment,12006.73,Manager B,Engineering,Bank Transfer,Mumbai,False
TX001622,EMP003,Kabir,2026-04-21,TechSupply,Software,13820.13,Manager A,Operations,Bank Transfer,Varanasi,False
TX001623,EMP001,Aarav,2026-02-01,CloudWorks,Equipment,22808.74,Manager B,Finance,Bank Transfer,Delhi,False
TX001624,EMP005,Rohan,2026-01-14,OfficeMart,Software,22500.11,Manager B,Operations,Bank Transfer,Delhi,False
TX001625,EMP005,Rohan,2026-02-25,CloudWorks,Office,21135.73,Manager A,Finance,UPI,Bengaluru,False
TX001626,EMP003,Kabir,2026-01-20,OfficeMart,Travel,24173.4,Manager B,Operations,Bank Transfer,Delhi,False
TX001627,EMP003,Kabir,2026-04-15,CloudWorks,Equipment,18688.15,Manager A,Finance,Bank Transfer,Delhi,False
TX001628,EMP001,Aarav,2026-03-11,EquipHub,Travel,21040.66,Manager A,Finance,Card,Delhi,False
TX001629,EMP005,Rohan,2026-08-20,TravelDesk,Travel,32562.68,Manager B,Finance,Card,Varanasi,False
TX001630,EMP004,Ishita,2026-03-25,EquipHub,Travel,10777.18,Manager B,Engineering,Card,Delhi,False
TX001631,EMP005,Rohan,2026-03-27,TechSupply,Office,26954.05,Manager A,Operations,UPI,Varanasi,False
TX001632,EMP005,Rohan,2026-02-09,TechSupply,Software,24397.09,Manager B,Operations,UPI,Bengaluru,False
TX001633,EMP003,Kabir,2026-07-23,TechSupply,Office,11117.91,Manager B,Engineering,Card,Varanasi,False
TX001634,EMP001,Aarav,2026-02-14,CloudWorks,Office,23204.52,Manager B,Engineering,UPI,Bengaluru,False
TX001635,EMP001,Aarav,2026-02-05,OfficeMart,Equipment,16878.64,Manager A,Engineering,Bank Transfer,Bengaluru,False
TX001636,EMP003,Kabir,2026-02-12,TechSupply,Travel,498167.5969470307,Manager B,Operations,UPI,Bengaluru,True
TX001637,EMP004,Ishita,2026-08-17,TechSupply,Travel,33540.41,Manager B,Operations,Bank Transfer,Delhi,False
TX001638,EMP005,Rohan,2026-08-22,OfficeMart,Software,16778.43,Manager A,Engineering,Card,Mumbai,False
TX001639,EMP005,Rohan,2026-02-11,OfficeMart,Equipment,18387.5,Manager A,Operations,Bank Transfer,Mumbai,False
TX001640,EMP004,Ishita,2026-01-05,EquipHub,Office,18309.31,Manager A,Finance,Card,Bengaluru,False
TX001641,EMP001,Aarav,2026-05-08,OfficeMart,Software,194075.71528802335,Manager B,Engineering,UPI,Delhi,True
TX001642,EMP004,Ishita,2026-05-29,EquipHub,Equipment,23747.82,Manager A,Finance,UPI,Mumbai,False
TX001643,EMP003,Kabir,2026-03-10,CloudWorks,Software,11906.14,Manager B,Operations,Bank Transfer,Delhi,False
TX001644,EMP002,Meera,2026-02-24,TravelDesk,Travel,20848.03,Manager B,Operations,Bank Transfer,Mumbai,False
TX001645,EMP005,Rohan,2026-08-27,OfficeMart,Travel,14120.18,Manager A,Engineering,UPI,Varanasi,False
TX001646,EMP002,Meera,2026-04-05,TechSupply,Software,23400.22,Manager A,Finance,Bank Transfer,Varanasi,False
TX001647,EMP003,Kabir,2026-05-20,EquipHub,Travel,25102.01,Manager A,Finance,Card,Delhi,False
TX001648,EMP004,Ishita,2026-04-14,OfficeMart,Equipment,17688.3,Manager A,Engineering,Card,Bengaluru,False
TX001649,EMP002,Meera,2026-04-16,TechSupply,Office,22080.16,Manager B,Operations,Bank Transfer,Varanasi,False
TX001650,EMP005,Rohan,2026-06-30,OfficeMart,Software,24348.6,Manager A,Operations,UPI,Mumbai,False
TX001651,EMP001,Aarav,2026-04-11,OfficeMart,Office,20937.77,Manager A,Operations,Bank Transfer,Mumbai,False
TX001652,EMP004,Ishita,2026-05-17,EquipHub,Software,24944.33,Manager B,Finance,Card,Delhi,False
TX001653,EMP001,Aarav,2026-04-10,CloudWorks,Office,14232.12,Manager A,Operations,Card,Mumbai,False
TX001654,EMP004,Ishita,2026-05-09,OfficeMart,Software,16415.27,Manager B,Operations,Card,Delhi,False
TX001655,EMP003,Kabir,2026-08-02,TechSupply,Equipment,26440.67,Manager B,Finance,Bank Transfer,Delhi,False
TX001656,EMP001,Aarav,2026-05-31,OfficeMart,Software,12071.21,Manager B,Operations,Card,Bengaluru,False
TX001657,EMP005,Rohan,2026-08-20,OfficeMart,Equipment,26834.37,Manager B,Finance,UPI,Bengaluru,False
TX001658,EMP002,Meera,2026-02-10,CloudWorks,Office,12876.26,Manager B,Engineering,Card,Mumbai,False
TX001659,EMP002,Meera,2026-03-18,EquipHub,Office,3965.44,Manager B,Finance,Bank Transfer,Mumbai,False
TX001660,EMP003,Kabir,2026-05-24,TechSupply,Equipment,16932.35,Manager A,Finance,UPI,Bengaluru,False
TX001661,EMP003,Kabir,2026-03-23,OfficeMart,Travel,13992.97,Manager B,Engineering,Bank Transfer,Mumbai,False
TX001662,EMP005,Rohan,2026-02-22,TravelDesk,Office,14082.68,Manager A,Finance,Card,Mumbai,False
TX001663,EMP004,Ishita,2026-08-09,CloudWorks,Travel,12909.4,Manager B,Operations,UPI,Bengaluru,False
TX001664,EMP001,Aarav,2026-07-06,OfficeMart,Travel,17932.17,Manager A,Finance,Card,Mumbai,False
TX001665,EMP001,Aarav,2026-04-01,TechSupply,Office,15234.49,Manager B,Engineering,Bank Transfer,Delhi,False
TX001666,EMP003,Kabir,2026-01-31,TravelDesk,Software,22349.53,Manager B,Engineering,Bank Transfer,Mumbai,False
TX001667,EMP002,Meera,2026-07-09,OfficeMart,Software,19183.77,Manager A,Finance,Bank Transfer,Bengaluru,False
TX001668,EMP004,Ishita,2026-07-18,CloudWorks,Office,26849.56,Manager B,Engineering,Bank Transfer,Varanasi,False
TX001669,EMP001,Aarav,2026-04-12,TravelDesk,Travel,17969.27,Manager A,Finance,UPI,Mumbai,False
TX001670,EMP002,Meera,2026-01-09,CloudWorks,Travel,13962.57,Manager A,Finance,Card,Bengaluru,False
TX001671,EMP005,Rohan,2026-05-30,EquipHub,Office,21274.7,Manager A,Engineering,UPI,Bengaluru,False
TX001672,EMP005,Rohan,2026-08-23,EquipHub,Software,25371.02,Manager B,Engineering,Bank Transfer,Mumbai,False
TX001673,EMP002,Meera,2026-04-27,TechSupply,Office,8263.75,Manager A,Engineering,Card,Varanasi,False
TX001674,EMP002,Meera,2026-06-26,EquipHub,Office,22610.32,Manager A,Finance,Bank Transfer,Mumbai,False
TX001675,EMP002,Meera,2026-08-09,TravelDesk,Equipment,31917.06,Manager A,Operations,Bank Transfer,Delhi,False
TX001676,EMP001,Aarav,2026-08-26,OfficeMart,Software,20071.36,Manager B,Engineering,Bank Transfer,Delhi,False
TX001677,EMP003,Kabir,2026-05-31,TechSupply,Software,11259.47,Manager B,Engineering,UPI,Delhi,False
TX001678,EMP003,Kabir,2026-04-25,TravelDesk,Office,21088.79,Manager A,Finance,Card,Varanasi,False
TX001679,EMP005,Rohan,2026-06-14,TechSupply,Office,23218.38,Manager B,Engineering,Card,Delhi,False
TX001680,EMP005,Rohan,2026-03-29,CloudWorks,Office,27974.68,Manager B,Finance,Card,Bengaluru,False
TX001681,EMP004,Ishita,2026-05-04,EquipHub,Office,17178.99,Manager A,Operations,Bank Transfer,Delhi,False
TX001682,EMP005,Rohan,2026-02-21,TechSupply,Travel,154956.28077769678,Manager B,Finance,UPI,Mumbai,True
TX001683,EMP003,Kabir,2026-08-04,CloudWorks,Travel,23330.58,Manager B,Operations,Bank Transfer,Mumbai,False
TX001684,EMP005,Rohan,2026-04-13,TravelDesk,Office,16898.89,Manager A,Finance,Card,Delhi,False
TX001685,EMP001,Aarav,2026-01-19,OfficeMart,Software,14048.11,Manager A,Operations,Card,Mumbai,False
TX001686,EMP004,Ishita,2026-05-08,EquipHub,Travel,11133.81,Manager B,Operations,UPI,Varanasi,False
TX001687,EMP001,Aarav,2026-03-28,OfficeMart,Travel,16605.25,Manager B,Operations,UPI,Bengaluru,False
TX001688,EMP005,Rohan,2026-07-22,CloudWorks,Travel,28590.66,Manager B,Engineering,UPI,Bengaluru,False
TX001689,EMP001,Aarav,2026-01-04,OfficeMart,Equipment,26743.27,Manager B,Engineering,Bank Transfer,Mumbai,False
TX001690,EMP004,Ishita,2026-07-03,OfficeMart,Travel,16088.1,Manager A,Engineering,UPI,Delhi,False
TX001691,EMP001,Aarav,2026-02-16,TravelDesk,Travel,29515.31,Manager A,Finance,Card,Bengaluru,False
TX001692,EMP005,Rohan,2026-03-30,CloudWorks,Equipment,8775.54,Manager A,Finance,Bank Transfer,Delhi,False
TX001693,EMP003,Kabir,2026-05-21,TravelDesk,Office,14042.9,Manager A,Operations,Bank Transfer,Mumbai,False
TX001694,EMP004,Ishita,2026-08-15,EquipHub,Office,24190.7,Manager A,Engineering,Card,Bengaluru,False
TX001695,EMP001,Aarav,2026-03-10,EquipHub,Software,21211.61,Manager A,Finance,Card,Varanasi,False
TX001696,EMP001,Aarav,2026-01-11,CloudWorks,Travel,25472.05,Manager A,Engineering,Bank Transfer,Delhi,False
TX001697,EMP005,Rohan,2026-02-09,CloudWorks,Travel,16510.44,Manager B,Operations,Bank Transfer,Mumbai,False
TX001698,EMP002,Meera,2026-03-02,OfficeMart,Office,8253.51,Manager B,Operations,Bank Transfer,Varanasi,False
TX001699,EMP001,Aarav,2026-04-19,EquipHub,Travel,24444.4,Manager A,Engineering,Card,Varanasi,False
TX001700,EMP005,Rohan,2026-04-23,EquipHub,Travel,19143.16,Manager B,Finance,Bank Transfer,Delhi,False
TX001701,EMP005,Rohan,2026-05-26,EquipHub,Office,14124.24,Manager B,Finance,Bank Transfer,Varanasi,False
TX001702,EMP001,Aarav,2026-06-30,CloudWorks,Equipment,28053.55,Manager A,Finance,UPI,Delhi,False
TX001703,EMP001,Aarav,2026-05-10,OfficeMart,Software,14522.33,Manager A,Engineering,Bank Transfer,Mumbai,False
TX001704,EMP004,Ishita,2026-08-11,TechSupply,Software,16947.73,Manager B,Finance,UPI,Delhi,False
TX001705,EMP002,Meera,2026-07-13,TechSupply,Office,30537.3,Manager A,Operations,Bank Transfer,Mumbai,False
TX001706,EMP005,Rohan,2026-06-07,TravelDesk,Software,28939.13,Manager B,Finance,UPI,Bengaluru,False
TX001707,EMP002,Meera,2026-06-06,CloudWorks,Equipment,18282.65,Manager B,Engineering,Bank Transfer,Mumbai,False
TX001708,EMP002,Meera,2026-05-14,CloudWorks,Software,33213.08,Manager B,Finance,UPI,Varanasi,False
TX001709,EMP002,Meera,2026-07-31,TravelDesk,Office,24921.24,Manager B,Finance,Card,Mumbai,False
TX001710,EMP002,Meera,2026-05-12,CloudWorks,Office,363260.4682115843,Manager A,Operations,UPI,Mumbai,True
TX001711,EMP001,Aarav,2026-07-15,CloudWorks,Equipment,18273.12,Manager B,Finance,Card,Varanasi,False
TX001712,EMP002,Meera,2026-04-04,TravelDesk,Travel,15093.88,Manager A,Finance,Card,Mumbai,False
TX001713,EMP005,Rohan,2026-02-01,TechSupply,Office,21448.01,Manager B,Engineering,UPI,Bengaluru,False
TX001714,EMP001,Aarav,2026-06-03,TechSupply,Software,21782.49,Manager B,Operations,Card,Delhi,False
TX001715,EMP002,Meera,2026-04-05,TechSupply,Office,27446.62,Manager A,Engineering,UPI,Bengaluru,False
TX001716,EMP004,Ishita,2026-06-23,TravelDesk,Travel,20808.86,Manager B,Engineering,Card,Varanasi,False
TX001717,EMP002,Meera,2026-03-03,TravelDesk,Software,24609.18,Manager A,Engineering,UPI,Mumbai,False
TX001718,EMP002,Meera,2026-07-25,OfficeMart,Office,17695.99,Manager B,Engineering,Card,Mumbai,False
TX001719,EMP003,Kabir,2026-03-07,EquipHub,Software,13087.17,Manager B,Engineering,UPI,Varanasi,False
TX001720,EMP002,Meera,2026-04-04,OfficeMart,Equipment,24418.09,Manager A,Operations,UPI,Delhi,False
TX001721,EMP002,Meera,2026-04-21,CloudWorks,Office,19910.3,Manager B,Engineering,Card,Delhi,False
TX001722,EMP003,Kabir,2026-08-09,EquipHub,Travel,19377.65,Manager B,Engineering,Card,Mumbai,False
TX001723,EMP001,Aarav,2026-07-16,TravelDesk,Software,15173.24,Manager A,Operations,Card,Delhi,False
TX001724,EMP002,Meera,2026-01-29,EquipHub,Equipment,23669.46,Manager A,Engineering,Card,Bengaluru,False
TX001725,EMP002,Meera,2026-07-09,EquipHub,Software,27371.45,Manager A,Operations,Bank Transfer,Varanasi,False
TX001726,EMP004,Ishita,2026-05-14,TechSupply,Office,20101.3,Manager B,Finance,UPI,Mumbai,False
TX001727,EMP005,Rohan,2026-03-27,TravelDesk,Office,22170.48,Manager A,Finance,UPI,Varanasi,False
TX001728,EMP004,Ishita,2026-05-29,OfficeMart,Travel,17792.28,Manager B,Engineering,Bank Transfer,Mumbai,False
TX001729,EMP002,Meera,2026-06-23,OfficeMart,Equipment,7258.3,Manager A,Engineering,Card,Mumbai,False
TX001730,EMP004,Ishita,2026-01-11,EquipHub,Software,23153.19,Manager A,Finance,Card,Varanasi,False
TX001731,EMP004,Ishita,2026-04-11,CloudWorks,Office,16131.99,Manager A,Operations,Bank Transfer,Delhi,False
TX001732,EMP005,Rohan,2026-01-02,CloudWorks,Equipment,20182.02,Manager B,Engineering,Card,Mumbai,False
TX001733,EMP002,Meera,2026-07-30,TravelDesk,Office,30469.16,Manager A,Operations,Card,Varanasi,False
TX001734,EMP004,Ishita,2026-01-22,TravelDesk,Travel,7175.38,Manager A,Operations,Bank Transfer,Mumbai,False
TX001735,EMP003,Kabir,2026-05-20,TechSupply,Software,23607.35,Manager B,Operations,Card,Bengaluru,False
TX001736,EMP003,Kabir,2026-01-25,TravelDesk,Software,25687.33,Manager B,Operations,UPI,Delhi,False
TX001737,EMP005,Rohan,2026-02-27,TravelDesk,Equipment,30224.95,Manager B,Engineering,Card,Delhi,False
TX001738,EMP003,Kabir,2026-02-10,CloudWorks,Office,20345.98,Manager A,Operations,UPI,Varanasi,False
TX001739,EMP002,Meera,2026-08-14,TechSupply,Equipment,28121.92,Manager A,Finance,Bank Transfer,Delhi,False
TX001740,EMP005,Rohan,2026-05-09,EquipHub,Travel,21583.49,Manager B,Operations,Bank Transfer,Mumbai,False
TX001741,EMP002,Meera,2026-07-28,EquipHub,Travel,33617.25,Manager A,Engineering,UPI,Bengaluru,False
TX001742,EMP005,Rohan,2026-05-10,CloudWorks,Software,22642.08,Manager A,Finance,UPI,Varanasi,False
TX001743,EMP005,Rohan,2026-07-19,EquipHub,Software,24866.45,Manager B,Engineering,UPI,Delhi,False
TX001744,EMP005,Rohan,2026-06-18,OfficeMart,Travel,22007.96,Manager A,Finance,Bank Transfer,Delhi,False
TX001745,EMP003,Kabir,2026-08-07,EquipHub,Travel,18452.02,Manager B,Engineering,UPI,Bengaluru,False
TX001746,EMP004,Ishita,2026-01-11,EquipHub,Equipment,19931.96,Manager B,Finance,UPI,Delhi,False
TX001747,EMP001,Aarav,2026-07-26,CloudWorks,Travel,16490.71,Manager A,Engineering,Card,Bengaluru,False
TX001748,EMP002,Meera,2026-03-29,OfficeMart,Travel,23782.93,Manager A,Operations,Card,Delhi,False
TX001749,EMP005,Rohan,2026-03-17,TechSupply,Travel,26552.73,Manager A,Finance,Bank Transfer,Varanasi,False
TX001750,EMP001,Aarav,2026-01-10,EquipHub,Office,21896.21,Manager B,Finance,Card,Mumbai,False
TX001751,EMP001,Aarav,2026-07-19,TechSupply,Software,18296.97,Manager B,Operations,Card,Bengaluru,False
TX001752,EMP001,Aarav,2026-07-31,EquipHub,Travel,27062.51,Manager A,Engineering,Bank Transfer,Delhi,False
TX001753,EMP005,Rohan,2026-04-24,TechSupply,Office,14223.45,Manager B,Operations,Bank Transfer,Varanasi,False
TX001754,EMP005,Rohan,2026-03-25,CloudWorks,Software,16556.86,Manager B,Finance,UPI,Varanasi,False
TX001755,EMP003,Kabir,2026-02-01,OfficeMart,Travel,19525.38,Manager B,Engineering,Card,Bengaluru,False
TX001756,EMP003,Kabir,2026-05-08,EquipHub,Travel,17538.04,Manager A,Operations,Card,Bengaluru,False
TX001757,EMP001,Aarav,2026-03-03,TechSupply,Office,12493.83,Manager A,Operations,Bank Transfer,Varanasi,False
TX001758,EMP001,Aarav,2026-04-25,OfficeMart,Software,23916.33,Manager A,Engineering,Card,Mumbai,False
TX001759,EMP003,Kabir,2026-08-14,CloudWorks,Office,21207.58,Manager A,Finance,Card,Varanasi,False
TX001760,EMP005,Rohan,2026-04-28,EquipHub,Equipment,19324.59,Manager A,Finance,Card,Bengaluru,False
TX001761,EMP002,Meera,2026-02-13,TravelDesk,Office,25939.75,Manager B,Engineering,UPI,Mumbai,False
TX001762,EMP003,Kabir,2026-08-19,TravelDesk,Travel,20082.72,Manager B,Operations,Card,Delhi,False
TX001763,EMP001,Aarav,2026-07-15,TechSupply,Travel,32296.29,Manager B,Finance,Card,Varanasi,False
TX001764,EMP005,Rohan,2026-01-10,EquipHub,Travel,33010.22,Manager A,Engineering,Card,Mumbai,False
TX001765,EMP002,Meera,2026-06-13,TravelDesk,Equipment,29094.25,Manager A,Operations,UPI,Bengaluru,False
TX001766,EMP003,Kabir,2026-07-06,OfficeMart,Software,15391.64,Manager B,Engineering,UPI,Delhi,False
TX001767,EMP003,Kabir,2026-03-21,OfficeMart,Travel,20432.65,Manager B,Operations,Card,Varanasi,False
TX001768,EMP001,Aarav,2026-06-09,TechSupply,Travel,28504.08,Manager B,Engineering,Bank Transfer,Bengaluru,False
TX001769,EMP001,Aarav,2026-05-01,TechSupply,Software,23396.77,Manager B,Finance,Bank Transfer,Delhi,False
TX001770,EMP004,Ishita,2026-04-27,EquipHub,Software,23040.33,Manager A,Engineering,UPI,Varanasi,False
TX001771,EMP005,Rohan,2026-02-06,TechSupply,Travel,20971.68,Manager B,Engineering,Card,Bengaluru,False
TX001772,EMP001,Aarav,2026-07-20,CloudWorks,Software,29516.2,Manager A,Engineering,Card,Mumbai,False
TX001773,EMP001,Aarav,2026-04-22,OfficeMart,Equipment,7846.3,Manager A,Engineering,Bank Transfer,Mumbai,False
TX001774,EMP005,Rohan,2026-02-12,TravelDesk,Software,19605.91,Manager B,Finance,UPI,Delhi,False
TX001775,EMP005,Rohan,2026-03-05,TechSupply,Software,25968.12,Manager A,Finance,Bank Transfer,Bengaluru,False
TX001776,EMP001,Aarav,2026-06-10,TravelDesk,Travel,19401.08,Manager A,Finance,Card,Bengaluru,False
TX001777,EMP001,Aarav,2026-07-12,TravelDesk,Travel,20184.59,Manager A,Engineering,Bank Transfer,Delhi,False
TX001778,EMP005,Rohan,2026-01-17,CloudWorks,Equipment,11139.75,Manager B,Operations,Bank Transfer,Delhi,False
TX001779,EMP005,Rohan,2026-01-28,OfficeMart,Office,21062.94,Manager B,Operations,UPI,Delhi,False
TX001780,EMP003,Kabir,2026-08-10,OfficeMart,Equipment,29997.95,Manager B,Engineering,Card,Delhi,False
TX001781,EMP001,Aarav,2026-07-04,CloudWorks,Travel,29262.84,Manager B,Engineering,Bank Transfer,Varanasi,False
TX001782,EMP005,Rohan,2026-03-07,TravelDesk,Office,18131.14,Manager A,Finance,Card,Mumbai,False
TX001783,EMP005,Rohan,2026-04-20,OfficeMart,Equipment,15352.06,Manager B,Operations,Bank Transfer,Mumbai,False
TX001784,EMP001,Aarav,2026-01-21,EquipHub,Travel,21275.68,Manager A,Operations,UPI,Bengaluru,False
TX001785,EMP005,Rohan,2026-07-31,TravelDesk,Office,10989.04,Manager A,Operations,Bank Transfer,Delhi,False
TX001786,EMP001,Aarav,2026-02-22,OfficeMart,Software,21491.61,Manager B,Engineering,Card,Varanasi,False
TX001787,EMP001,Aarav,2026-08-23,TechSupply,Software,23077.08,Manager A,Operations,UPI,Varanasi,False
TX001788,EMP003,Kabir,2026-07-16,OfficeMart,Travel,14369.96,Manager A,Engineering,Bank Transfer,Mumbai,False
TX001789,EMP005,Rohan,2026-08-14,TravelDesk,Equipment,19066.75,Manager A,Operations,UPI,Varanasi,False
TX001790,EMP001,Aarav,2026-04-11,TravelDesk,Travel,21846.31,Manager B,Engineering,Card,Delhi,False
TX001791,EMP002,Meera,2026-07-09,TravelDesk,Equipment,24589.39,Manager B,Operations,Bank Transfer,Varanasi,False
TX001792,EMP002,Meera,2026-06-17,TechSupply,Office,18999.65,Manager B,Operations,Bank Transfer,Varanasi,False
TX001793,EMP004,Ishita,2026-02-25,TravelDesk,Office,17927.81,Manager A,Engineering,UPI,Delhi,False
TX001794,EMP003,Kabir,2026-08-08,TechSupply,Equipment,20430.28,Manager B,Engineering,UPI,Bengaluru,False
TX001795,EMP003,Kabir,2026-06-19,EquipHub,Equipment,26163.53,Manager B,Operations,UPI,Delhi,False
TX001796,EMP003,Kabir,2026-07-08,CloudWorks,Travel,11993.58,Manager A,Engineering,Card,Mumbai,False
TX001797,EMP002,Meera,2026-01-20,TechSupply,Office,16366.31,Manager A,Operations,Card,Mumbai,False
TX001798,EMP005,Rohan,2026-07-21,EquipHub,Travel,18822.98,Manager A,Finance,Bank Transfer,Delhi,False
TX001799,EMP003,Kabir,2026-04-28,CloudWorks,Equipment,20175.42,Manager A,Finance,Bank Transfer,Varanasi,False
TX001800,EMP004,Ishita,2026-03-01,TechSupply,Travel,28793.5,Manager A,Finance,UPI,Bengaluru,False
TX001801,EMP004,Ishita,2026-01-14,TravelDesk,Office,15168.09,Manager B,Operations,Card,Bengaluru,False
TX001802,EMP004,Ishita,2026-04-15,TravelDesk,Equipment,25803.92,Manager A,Operations,Card,Delhi,False
TX001803,EMP002,Meera,2026-06-26,CloudWorks,Office,14427.61,Manager A,Operations,Card,Bengaluru,False
TX001804,EMP005,Rohan,2026-07-22,OfficeMart,Equipment,15396.94,Manager B,Finance,Bank Transfer,Mumbai,False
TX001805,EMP002,Meera,2026-08-28,TravelDesk,Equipment,15373.02,Manager A,Finance,Bank Transfer,Mumbai,False
TX001806,EMP001,Aarav,2026-01-10,EquipHub,Office,18593.09,Manager A,Operations,Bank Transfer,Varanasi,False
TX001807,EMP004,Ishita,2026-05-27,OfficeMart,Travel,17128.19,Manager A,Operations,Bank Transfer,Bengaluru,False
TX001808,EMP001,Aarav,2026-06-09,TechSupply,Office,24972.44,Manager A,Operations,Card,Bengaluru,False
TX001809,EMP001,Aarav,2026-07-23,OfficeMart,Travel,17257.74,Manager B,Operations,Card,Mumbai,False
TX001810,EMP003,Kabir,2026-05-16,TravelDesk,Software,16476.83,Manager A,Engineering,Card,Varanasi,False
TX001811,EMP001,Aarav,2026-06-03,EquipHub,Equipment,24135.63,Manager A,Operations,UPI,Bengaluru,False
TX001812,EMP001,Aarav,2026-07-29,TechSupply,Travel,15517.43,Manager A,Operations,UPI,Varanasi,False
TX001813,EMP004,Ishita,2026-06-16,OfficeMart,Travel,12991.44,Manager A,Finance,UPI,Bengaluru,False
TX001814,EMP003,Kabir,2026-02-16,TravelDesk,Travel,25055.17,Manager A,Engineering,UPI,Delhi,False
TX001815,EMP002,Meera,2026-02-22,TravelDesk,Travel,12201.03,Manager A,Engineering,Bank Transfer,Varanasi,False
TX001816,EMP002,Meera,2026-02-22,OfficeMart,Office,5405.89,Manager A,Finance,Card,Delhi,False
TX001817,EMP005,Rohan,2026-05-18,OfficeMart,Software,22766.86,Manager B,Finance,Card,Delhi,False
TX001818,EMP001,Aarav,2026-08-10,CloudWorks,Software,24979.51,Manager B,Operations,Card,Mumbai,False
TX001819,EMP004,Ishita,2026-06-04,CloudWorks,Software,27955.32,Manager B,Finance,Card,Mumbai,False
TX001820,EMP003,Kabir,2026-05-15,TravelDesk,Travel,20454.52,Manager A,Engineering,Bank Transfer,Delhi,False
TX001821,EMP003,Kabir,2026-05-13,EquipHub,Equipment,18256.53,Manager B,Operations,Bank Transfer,Mumbai,False
TX001822,EMP005,Rohan,2026-03-17,CloudWorks,Equipment,26671.8,Manager B,Operations,Bank Transfer,Mumbai,False
TX001823,EMP002,Meera,2026-05-10,CloudWorks,Travel,21247.86,Manager A,Operations,Bank Transfer,Mumbai,False
TX001824,EMP001,Aarav,2026-05-23,TechSupply,Software,22123.03,Manager A,Operations,Card,Delhi,False
TX001825,EMP004,Ishita,2026-06-18,EquipHub,Software,17677.55,Manager A,Engineering,UPI,Delhi,False
TX001826,EMP004,Ishita,2026-07-16,EquipHub,Office,28185.19,Manager B,Finance,Card,Delhi,False
TX001827,EMP003,Kabir,2026-01-22,EquipHub,Software,10595.69,Manager A,Engineering,Bank Transfer,Varanasi,False
TX001828,EMP003,Kabir,2026-06-27,EquipHub,Software,15597.24,Manager A,Finance,Bank Transfer,Mumbai,False
TX001829,EMP004,Ishita,2026-01-04,EquipHub,Office,19790.43,Manager B,Engineering,Bank Transfer,Bengaluru,False
TX001830,EMP002,Meera,2026-07-26,TravelDesk,Equipment,22843.37,Manager A,Finance,Bank Transfer,Mumbai,False
TX001831,EMP002,Meera,2026-01-04,TravelDesk,Software,21293.18,Manager A,Operations,Card,Bengaluru,False
TX001832,EMP004,Ishita,2026-07-05,TechSupply,Equipment,32062.14,Manager A,Finance,UPI,Delhi,False
TX001833,EMP001,Aarav,2026-08-09,CloudWorks,Software,16019.32,Manager A,Operations,Bank Transfer,Delhi,False
TX001834,EMP001,Aarav,2026-07-26,CloudWorks,Travel,12527.89,Manager A,Finance,Card,Mumbai,False
TX001835,EMP003,Kabir,2026-08-14,TechSupply,Software,17236.1,Manager B,Engineering,UPI,Varanasi,False
TX001836,EMP003,Kabir,2026-06-30,CloudWorks,Office,18739.23,Manager B,Operations,Card,Mumbai,False
TX001837,EMP003,Kabir,2026-05-04,EquipHub,Equipment,18822.24,Manager B,Operations,Card,Varanasi,False
TX001838,EMP003,Kabir,2026-01-19,CloudWorks,Office,4547.22,Manager B,Finance,Card,Delhi,False
TX001839,EMP004,Ishita,2026-01-20,EquipHub,Office,20325.98,Manager A,Operations,Bank Transfer,Delhi,False
TX001840,EMP004,Ishita,2026-04-13,CloudWorks,Travel,13973.68,Manager A,Engineering,UPI,Mumbai,False
TX001841,EMP003,Kabir,2026-08-26,TravelDesk,Office,23147.11,Manager A,Operations,UPI,Mumbai,False
TX001842,EMP004,Ishita,2026-05-23,OfficeMart,Software,23034.11,Manager A,Engineering,Bank Transfer,Delhi,False
TX001843,EMP004,Ishita,2026-01-28,EquipHub,Equipment,8288.94,Manager A,Finance,Card,Bengaluru,False
TX001844,EMP004,Ishita,2026-06-15,OfficeMart,Travel,15426.39,Manager A,Engineering,UPI,Delhi,False
TX001845,EMP002,Meera,2026-04-30,TechSupply,Travel,24275.33,Manager B,Finance,Card,Varanasi,False
TX001846,EMP005,Rohan,2026-02-10,TechSupply,Equipment,11895.22,Manager A,Engineering,Card,Mumbai,False
TX001847,EMP002,Meera,2026-02-03,TravelDesk,Software,15903.32,Manager A,Engineering,Card,Delhi,False
TX001848,EMP002,Meera,2026-05-13,CloudWorks,Office,11878.44,Manager A,Operations,Bank Transfer,Mumbai,False
TX001849,EMP004,Ishita,2026-04-11,TechSupply,Travel,24351.06,Manager B,Operations,UPI,Bengaluru,False
TX001850,EMP005,Rohan,2026-04-18,TechSupply,Equipment,12297.82,Manager A,Operations,Card,Bengaluru,False
TX001851,EMP001,Aarav,2026-02-04,OfficeMart,Software,20184.52,Manager A,Finance,Bank Transfer,Varanasi,False
TX001852,EMP002,Meera,2026-07-16,TechSupply,Software,20171.94,Manager B,Finance,UPI,Mumbai,False
TX001853,EMP002,Meera,2026-01-21,TechSupply,Software,18668.53,Manager A,Engineering,Card,Mumbai,False
TX001854,EMP005,Rohan,2026-03-03,EquipHub,Software,26403.43,Manager A,Finance,Bank Transfer,Varanasi,False
TX001855,EMP003,Kabir,2026-03-13,CloudWorks,Software,17924.35,Manager A,Finance,UPI,Bengaluru,False
TX001856,EMP004,Ishita,2026-07-21,CloudWorks,Equipment,11381.88,Manager B,Operations,UPI,Mumbai,False
TX001857,EMP002,Meera,2026-02-26,EquipHub,Office,28090.96,Manager A,Operations,UPI,Delhi,False
TX001858,EMP005,Rohan,2026-03-03,OfficeMart,Travel,24315.34,Manager B,Operations,Card,Bengaluru,False
TX001859,EMP002,Meera,2026-07-18,TravelDesk,Software,20275.0,Manager B,Operations,Card,Varanasi,False
TX001860,EMP001,Aarav,2026-08-28,OfficeMart,Office,14965.56,Manager B,Operations,UPI,Mumbai,False
TX001861,EMP005,Rohan,2026-06-23,CloudWorks,Travel,20930.74,Manager B,Operations,UPI,Mumbai,False
TX001862,EMP005,Rohan,2026-06-16,TravelDesk,Travel,8504.13,Manager A,Operations,Card,Mumbai,False
TX001863,EMP004,Ishita,2026-07-19,CloudWorks,Office,14793.36,Manager A,Finance,UPI,Mumbai,False
TX001864,EMP001,Aarav,2026-08-27,OfficeMart,Equipment,13884.81,Manager A,Finance,Bank Transfer,Varanasi,False
TX001865,EMP005,Rohan,2026-08-25,EquipHub,Software,28327.48,Manager A,Operations,Bank Transfer,Delhi,False
TX001866,EMP004,Ishita,2026-08-08,TechSupply,Software,23399.82,Manager A,Finance,Bank Transfer,Mumbai,False
TX001867,EMP001,Aarav,2026-03-28,CloudWorks,Travel,17860.24,Manager A,Engineering,Bank Transfer,Varanasi,False
TX001868,EMP002,Meera,2026-06-05,TravelDesk,Equipment,11640.48,Manager B,Engineering,Bank Transfer,Varanasi,False
TX001869,EMP001,Aarav,2026-05-11,OfficeMart,Software,26307.5,Manager B,Finance,UPI,Bengaluru,False
TX001870,EMP002,Meera,2026-04-13,OfficeMart,Software,23170.41,Manager A,Engineering,Card,Bengaluru,False
TX001871,EMP001,Aarav,2026-06-11,TechSupply,Software,301272.60222554713,Manager A,Operations,Bank Transfer,Mumbai,True
TX001872,EMP003,Kabir,2026-03-13,TravelDesk,Equipment,23965.84,Manager B,Finance,UPI,Mumbai,False
TX001873,EMP003,Kabir,2026-03-24,TechSupply,Equipment,19945.75,Manager A,Operations,Card,Bengaluru,False
TX001874,EMP004,Ishita,2026-07-15,CloudWorks,Office,21921.82,Manager B,Engineering,Bank Transfer,Delhi,False
TX001875,EMP001,Aarav,2026-07-18,EquipHub,Equipment,26865.63,Manager A,Operations,Bank Transfer,Varanasi,False
TX001876,EMP002,Meera,2026-01-01,TechSupply,Office,19652.79,Manager A,Finance,UPI,Varanasi,False
TX001877,EMP005,Rohan,2026-07-19,TechSupply,Office,453300.1163340498,Manager B,Engineering,Card,Mumbai,True
TX001878,EMP003,Kabir,2026-06-13,EquipHub,Office,19622.1,Manager A,Engineering,Bank Transfer,Bengaluru,False
TX001879,EMP002,Meera,2026-07-07,EquipHub,Software,18137.08,Manager B,Finance,Bank Transfer,Mumbai,False
TX001880,EMP003,Kabir,2026-04-03,EquipHub,Office,23310.29,Manager A,Finance,Card,Varanasi,False
TX001881,EMP004,Ishita,2026-01-09,EquipHub,Equipment,22741.2,Manager A,Finance,UPI,Mumbai,False
TX001882,EMP004,Ishita,2026-06-17,TravelDesk,Office,20052.88,Manager A,Finance,Bank Transfer,Delhi,False
TX001883,EMP004,Ishita,2026-04-04,TravelDesk,Office,26043.15,Manager B,Finance,Bank Transfer,Mumbai,False
TX001884,EMP005,Rohan,2026-04-24,TechSupply,Software,16861.8,Manager B,Operations,Card,Mumbai,False
TX001885,EMP001,Aarav,2026-04-13,EquipHub,Office,17676.01,Manager B,Operations,Bank Transfer,Varanasi,False
TX001886,EMP004,Ishita,2026-08-14,TravelDesk,Office,17298.26,Manager A,Operations,UPI,Delhi,False
TX001887,EMP005,Rohan,2026-08-19,TravelDesk,Equipment,24003.98,Manager A,Finance,Bank Transfer,Varanasi,False
TX001888,EMP001,Aarav,2026-05-04,TravelDesk,Travel,19331.08,Manager B,Operations,Card,Delhi,False
TX001889,EMP001,Aarav,2026-06-14,EquipHub,Equipment,20446.68,Manager A,Operations,Card,Varanasi,False
TX001890,EMP001,Aarav,2026-01-08,TechSupply,Office,26979.95,Manager B,Operations,UPI,Mumbai,False
TX001891,EMP004,Ishita,2026-03-08,OfficeMart,Equipment,20362.29,Manager A,Operations,UPI,Bengaluru,False
TX001892,EMP003,Kabir,2026-05-02,CloudWorks,Office,21749.89,Manager A,Operations,Card,Mumbai,False
TX001893,EMP004,Ishita,2026-08-05,EquipHub,Travel,24517.37,Manager B,Engineering,UPI,Varanasi,False
TX001894,EMP003,Kabir,2026-06-27,TravelDesk,Travel,18912.49,Manager B,Finance,Bank Transfer,Varanasi,False
TX001895,EMP005,Rohan,2026-01-28,TechSupply,Software,23411.01,Manager A,Operations,UPI,Mumbai,False
TX001896,EMP005,Rohan,2026-03-02,TechSupply,Software,19341.71,Manager B,Engineering,Card,Mumbai,False
TX001897,EMP003,Kabir,2026-01-04,OfficeMart,Software,12685.31,Manager A,Operations,Bank Transfer,Bengaluru,False
TX001898,EMP002,Meera,2026-06-09,CloudWorks,Software,29677.36,Manager A,Finance,UPI,Delhi,False
TX001899,EMP003,Kabir,2026-02-23,EquipHub,Software,22749.48,Manager A,Finance,Card,Varanasi,False
TX001900,EMP005,Rohan,2026-04-06,OfficeMart,Equipment,26737.53,Manager A,Operations,Bank Transfer,Mumbai,False
TX001901,EMP005,Rohan,2026-08-21,EquipHub,Software,13881.33,Manager A,Operations,Card,Varanasi,False
TX001902,EMP003,Kabir,2026-06-13,OfficeMart,Software,20546.4,Manager A,Operations,Card,Delhi,False
TX001903,EMP002,Meera,2026-03-30,CloudWorks,Travel,19024.14,Manager A,Engineering,Bank Transfer,Delhi,False
TX001904,EMP005,Rohan,2026-05-31,CloudWorks,Travel,28904.97,Manager B,Engineering,Card,Bengaluru,False
TX001905,EMP001,Aarav,2026-08-22,TravelDesk,Software,8356.72,Manager B,Operations,UPI,Bengaluru,False
TX001906,EMP002,Meera,2026-03-21,TravelDesk,Software,16720.39,Manager A,Engineering,Bank Transfer,Bengaluru,False
TX001907,EMP005,Rohan,2026-04-16,CloudWorks,Software,29033.68,Manager B,Operations,Bank Transfer,Varanasi,False
TX001908,EMP004,Ishita,2026-04-03,TravelDesk,Office,30962.73,Manager A,Engineering,UPI,Bengaluru,False
TX001909,EMP003,Kabir,2026-07-24,CloudWorks,Office,15018.57,Manager B,Operations,Bank Transfer,Bengaluru,False
TX001910,EMP001,Aarav,2026-01-22,CloudWorks,Office,17586.67,Manager A,Finance,Bank Transfer,Mumbai,False
TX001911,EMP005,Rohan,2026-08-25,TechSupply,Software,17629.96,Manager B,Engineering,Bank Transfer,Mumbai,False
TX001912,EMP003,Kabir,2026-03-14,TravelDesk,Office,15874.56,Manager B,Engineering,UPI,Bengaluru,False
TX001913,EMP001,Aarav,2026-08-09,EquipHub,Office,17489.83,Manager A,Finance,UPI,Bengaluru,False
TX001914,EMP004,Ishita,2026-02-17,TechSupply,Equipment,16916.71,Manager B,Engineering,Card,Varanasi,False
TX001915,EMP002,Meera,2026-01-26,OfficeMart,Travel,8489.74,Manager A,Finance,UPI,Mumbai,False
TX001916,EMP004,Ishita,2026-07-01,EquipHub,Software,22373.95,Manager A,Operations,Card,Mumbai,False
TX001917,EMP001,Aarav,2026-05-26,TravelDesk,Office,12897.26,Manager A,Engineering,Bank Transfer,Varanasi,False
TX001918,EMP001,Aarav,2026-02-23,OfficeMart,Equipment,19952.29,Manager B,Finance,Card,Delhi,False
TX001919,EMP002,Meera,2026-06-28,OfficeMart,Office,18320.69,Manager B,Engineering,Bank Transfer,Delhi,False
TX001920,EMP002,Meera,2026-01-20,TravelDesk,Software,7911.48,Manager A,Finance,Card,Bengaluru,False
TX001921,EMP001,Aarav,2026-07-07,OfficeMart,Equipment,22684.94,Manager B,Operations,UPI,Mumbai,False
TX001922,EMP002,Meera,2026-03-15,OfficeMart,Equipment,22941.32,Manager A,Operations,Card,Delhi,False
TX001923,EMP005,Rohan,2026-04-15,TechSupply,Travel,26368.96,Manager A,Operations,UPI,Varanasi,False
TX001924,EMP002,Meera,2026-08-24,CloudWorks,Travel,31880.64,Manager A,Operations,UPI,Bengaluru,False
TX001925,EMP002,Meera,2026-06-17,TravelDesk,Equipment,23388.24,Manager B,Finance,UPI,Delhi,False
TX001926,EMP005,Rohan,2026-03-17,TechSupply,Software,32446.14,Manager B,Finance,UPI,Delhi,False
TX001927,EMP001,Aarav,2026-01-19,EquipHub,Office,19617.96,Manager A,Finance,Card,Varanasi,False
TX001928,EMP002,Meera,2026-03-02,TravelDesk,Office,24834.8,Manager A,Finance,Card,Delhi,False
TX001929,EMP004,Ishita,2026-01-25,TravelDesk,Office,13046.29,Manager A,Engineering,Card,Varanasi,False
TX001930,EMP003,Kabir,2026-07-18,EquipHub,Software,27443.35,Manager B,Engineering,Bank Transfer,Bengaluru,False
TX001931,EMP003,Kabir,2026-08-10,TravelDesk,Software,27128.86,Manager A,Operations,Bank Transfer,Mumbai,False
TX001932,EMP002,Meera,2026-04-08,EquipHub,Equipment,10786.99,Manager B,Operations,Bank Transfer,Mumbai,False
TX001933,EMP003,Kabir,2026-03-22,TechSupply,Office,17577.99,Manager B,Operations,UPI,Varanasi,False
TX001934,EMP004,Ishita,2026-02-14,TravelDesk,Equipment,21425.16,Manager A,Engineering,UPI,Mumbai,False
TX001935,EMP002,Meera,2026-01-07,OfficeMart,Office,20749.65,Manager B,Finance,Bank Transfer,Mumbai,False
TX001936,EMP002,Meera,2026-08-13,OfficeMart,Travel,20380.74,Manager A,Finance,Card,Varanasi,False
TX001937,EMP001,Aarav,2026-05-27,OfficeMart,Office,24266.25,Manager A,Operations,UPI,Mumbai,False
TX001938,EMP001,Aarav,2026-02-13,EquipHub,Software,33325.34,Manager B,Finance,UPI,Mumbai,False
TX001939,EMP004,Ishita,2026-07-05,CloudWorks,Equipment,16597.95,Manager B,Finance,Bank Transfer,Mumbai,False
TX001940,EMP002,Meera,2026-06-08,EquipHub,Equipment,12874.69,Manager A,Operations,UPI,Varanasi,False
TX001941,EMP004,Ishita,2026-05-13,CloudWorks,Travel,15985.58,Manager B,Engineering,UPI,Mumbai,False
TX001942,EMP003,Kabir,2026-06-20,TechSupply,Office,22855.96,Manager A,Engineering,Card,Delhi,False
TX001943,EMP004,Ishita,2026-08-19,OfficeMart,Travel,20190.51,Manager B,Operations,Bank Transfer,Delhi,False
TX001944,EMP004,Ishita,2026-07-21,TravelDesk,Software,21722.39,Manager B,Engineering,Card,Mumbai,False
TX001945,EMP002,Meera,2026-02-22,EquipHub,Travel,20845.46,Manager B,Engineering,Bank Transfer,Mumbai,False
TX001946,EMP005,Rohan,2026-06-20,CloudWorks,Software,16116.54,Manager B,Finance,UPI,Delhi,False
TX001947,EMP003,Kabir,2026-03-11,CloudWorks,Software,21690.54,Manager A,Engineering,Card,Varanasi,False
TX001948,EMP002,Meera,2026-03-15,TravelDesk,Software,20524.21,Manager B,Finance,Bank Transfer,Bengaluru,False
TX001949,EMP001,Aarav,2026-08-02,TechSupply,Office,13487.75,Manager B,Finance,Card,Varanasi,False
TX001950,EMP001,Aarav,2026-02-17,TechSupply,Software,29721.51,Manager B,Finance,UPI,Mumbai,False
TX001951,EMP001,Aarav,2026-05-02,CloudWorks,Travel,8740.65,Manager B,Finance,Bank Transfer,Varanasi,False
TX001952,EMP002,Meera,2026-03-12,CloudWorks,Office,10871.96,Manager A,Operations,Card,Delhi,False
TX001953,EMP003,Kabir,2026-04-03,EquipHub,Equipment,19379.96,Manager B,Engineering,Bank Transfer,Bengaluru,False
TX001954,EMP004,Ishita,2026-02-02,EquipHub,Travel,24084.3,Manager A,Operations,UPI,Delhi,False
TX001955,EMP004,Ishita,2026-03-22,TravelDesk,Equipment,13719.58,Manager A,Engineering,Card,Varanasi,False
TX001956,EMP004,Ishita,2026-02-04,TechSupply,Software,23443.28,Manager B,Engineering,Card,Delhi,False
TX001957,EMP003,Kabir,2026-01-13,TechSupply,Equipment,25534.91,Manager A,Finance,Bank Transfer,Mumbai,False
TX001958,EMP004,Ishita,2026-03-09,OfficeMart,Travel,19402.88,Manager A,Operations,Card,Varanasi,False
TX001959,EMP002,Meera,2026-04-07,TravelDesk,Office,14364.46,Manager B,Finance,Card,Delhi,False
TX001960,EMP001,Aarav,2026-01-19,EquipHub,Office,23372.15,Manager A,Finance,Card,Varanasi,False
TX001961,EMP003,Kabir,2026-04-10,TechSupply,Equipment,21782.02,Manager B,Finance,Card,Bengaluru,False
TX001962,EMP004,Ishita,2026-06-26,CloudWorks,Travel,27034.41,Manager A,Finance,Bank Transfer,Bengaluru,False
TX001963,EMP001,Aarav,2026-02-01,TechSupply,Travel,17102.48,Manager A,Operations,Card,Mumbai,False
TX001964,EMP004,Ishita,2026-07-21,TravelDesk,Equipment,25780.39,Manager A,Finance,Bank Transfer,Bengaluru,False
TX001965,EMP003,Kabir,2026-03-17,TechSupply,Office,16881.73,Manager B,Operations,Card,Delhi,False
TX001966,EMP002,Meera,2026-03-29,TechSupply,Software,28176.11,Manager A,Operations,UPI,Bengaluru,False
TX001967,EMP003,Kabir,2026-02-26,TechSupply,Office,16240.76,Manager A,Engineering,UPI,Mumbai,False
TX001968,EMP004,Ishita,2026-08-07,TechSupply,Software,25053.82,Manager B,Finance,UPI,Varanasi,False
TX001969,EMP001,Aarav,2026-06-23,EquipHub,Software,16086.89,Manager A,Engineering,Bank Transfer,Bengaluru,False
TX001970,EMP001,Aarav,2026-06-20,CloudWorks,Software,21361.02,Manager B,Engineering,Card,Bengaluru,False
TX001971,EMP004,Ishita,2026-05-03,TechSupply,Equipment,20103.01,Manager B,Engineering,UPI,Varanasi,False
TX001972,EMP005,Rohan,2026-08-16,CloudWorks,Equipment,22661.05,Manager B,Finance,UPI,Delhi,False
TX001973,EMP003,Kabir,2026-02-18,TechSupply,Travel,21641.79,Manager B,Engineering,UPI,Bengaluru,False
TX001974,EMP004,Ishita,2026-04-24,CloudWorks,Software,19572.79,Manager A,Engineering,UPI,Bengaluru,False
TX001975,EMP001,Aarav,2026-03-28,OfficeMart,Office,16599.81,Manager A,Operations,Bank Transfer,Delhi,False
TX001976,EMP004,Ishita,2026-03-01,EquipHub,Software,20427.68,Manager A,Finance,Card,Delhi,False
TX001977,EMP005,Rohan,2026-07-27,TechSupply,Software,22022.88,Manager A,Finance,UPI,Varanasi,False
TX001978,EMP005,Rohan,2026-04-18,OfficeMart,Equipment,18043.88,Manager B,Engineering,UPI,Varanasi,False
TX001979,EMP003,Kabir,2026-01-08,OfficeMart,Office,15510.02,Manager B,Finance,Bank Transfer,Mumbai,False
TX001980,EMP002,Meera,2026-02-20,EquipHub,Office,22053.74,Manager A,Engineering,UPI,Delhi,False
TX001981,EMP002,Meera,2026-03-15,CloudWorks,Travel,14196.65,Manager A,Operations,Bank Transfer,Bengaluru,False
TX001982,EMP002,Meera,2026-08-13,TravelDesk,Software,26672.42,Manager A,Finance,UPI,Delhi,False
TX001983,EMP004,Ishita,2026-05-26,CloudWorks,Office,18294.37,Manager A,Operations,Bank Transfer,Delhi,False
TX001984,EMP003,Kabir,2026-03-21,TravelDesk,Office,26583.61,Manager A,Engineering,UPI,Mumbai,False
TX001985,EMP003,Kabir,2026-07-20,TravelDesk,Software,18203.39,Manager A,Finance,Card,Varanasi,False
TX001986,EMP003,Kabir,2026-06-12,OfficeMart,Equipment,25218.67,Manager A,Finance,Bank Transfer,Delhi,False
TX001987,EMP004,Ishita,2026-04-18,TechSupply,Equipment,9568.14,Manager A,Engineering,Card,Mumbai,False
TX001988,EMP005,Rohan,2026-07-12,TravelDesk,Equipment,22182.93,Manager B,Engineering,Bank Transfer,Mumbai,False
TX001989,EMP003,Kabir,2026-07-23,CloudWorks,Office,20099.63,Manager A,Engineering,Card,Varanasi,False
TX001990,EMP003,Kabir,2026-04-18,TechSupply,Equipment,14950.94,Manager A,Operations,Bank Transfer,Varanasi,False
TX001991,EMP005,Rohan,2026-08-02,CloudWorks,Equipment,26408.98,Manager A,Operations,Card,Mumbai,False
TX001992,EMP005,Rohan,2026-08-23,CloudWorks,Office,13843.81,Manager A,Operations,Bank Transfer,Delhi,False
TX001993,EMP005,Rohan,2026-02-27,TechSupply,Office,19924.53,Manager A,Operations,UPI,Bengaluru,False
TX001994,EMP001,Aarav,2026-05-08,TechSupply,Software,18686.01,Manager A,Operations,Card,Bengaluru,False
TX001995,EMP002,Meera,2026-02-01,TravelDesk,Equipment,16739.81,Manager A,Engineering,UPI,Mumbai,False
TX001996,EMP004,Ishita,2026-01-27,TechSupply,Software,19816.62,Manager A,Finance,UPI,Varanasi,False
TX001997,EMP001,Aarav,2026-05-30,EquipHub,Software,22590.02,Manager A,Finance,Card,Varanasi,False
TX001998,EMP001,Aarav,2026-02-27,EquipHub,Office,20376.79,Manager A,Operations,Bank Transfer,Bengaluru,False
TX001999,EMP003,Kabir,2026-06-20,CloudWorks,Equipment,23682.64,Manager B,Engineering,Card,Delhi,False
TX002000,EMP005,Rohan,2026-01-25,TravelDesk,Software,21282.35,Manager A,Finance,UPI,Mumbai,False
TX002001,EMP001,Aarav,2026-07-03,CloudWorks,Equipment,17266.85,Manager B,Operations,UPI,Delhi,False
TX002002,EMP003,Kabir,2026-03-01,OfficeMart,Office,25729.44,Manager B,Engineering,Card,Delhi,False
TX002003,EMP004,Ishita,2026-02-04,EquipHub,Equipment,20266.24,Manager B,Finance,Card,Bengaluru,False
TX002004,EMP004,Ishita,2026-05-03,EquipHub,Travel,23475.54,Manager B,Operations,UPI,Mumbai,False
TX002005,EMP001,Aarav,2026-08-25,OfficeMart,Software,24226.68,Manager A,Operations,Card,Varanasi,False
TX002006,EMP004,Ishita,2026-08-25,OfficeMart,Software,22684.58,Manager A,Finance,Card,Varanasi,False
TX002007,EMP001,Aarav,2026-05-30,TravelDesk,Equipment,17921.41,Manager B,Engineering,UPI,Mumbai,False
TX002008,EMP004,Ishita,2026-01-10,EquipHub,Travel,31438.21,Manager A,Finance,Card,Delhi,False
TX002009,EMP003,Kabir,2026-06-13,EquipHub,Office,22888.88,Manager A,Operations,UPI,Delhi,False
TX002010,EMP003,Kabir,2026-03-25,EquipHub,Equipment,25643.39,Manager B,Operations,Bank Transfer,Varanasi,False
TX002011,EMP002,Meera,2026-01-13,EquipHub,Equipment,9039.59,Manager A,Operations,Card,Mumbai,False
TX002012,EMP003,Kabir,2026-05-23,CloudWorks,Equipment,17810.52,Manager A,Engineering,Bank Transfer,Mumbai,False
TX002013,EMP003,Kabir,2026-07-03,TravelDesk,Office,27031.3,Manager A,Finance,Bank Transfer,Bengaluru,False
TX002014,EMP004,Ishita,2026-08-16,EquipHub,Travel,18109.88,Manager B,Operations,UPI,Mumbai,False
TX002015,EMP003,Kabir,2026-07-14,TravelDesk,Equipment,29516.94,Manager A,Finance,UPI,Varanasi,False
TX002016,EMP002,Meera,2026-08-23,OfficeMart,Office,18953.48,Manager B,Engineering,Bank Transfer,Varanasi,False
TX002017,EMP001,Aarav,2026-06-14,TravelDesk,Equipment,18901.95,Manager A,Finance,Card,Varanasi,False
TX002018,EMP002,Meera,2026-04-25,TravelDesk,Travel,22577.61,Manager A,Operations,Card,Bengaluru,False
TX002019,EMP005,Rohan,2026-03-15,EquipHub,Travel,16026.21,Manager A,Finance,UPI,Delhi,False
TX002020,EMP002,Meera,2026-08-23,TechSupply,Equipment,22653.47,Manager A,Finance,Bank Transfer,Varanasi,False
TX002021,EMP004,Ishita,2026-03-29,CloudWorks,Travel,18183.6,Manager B,Finance,Bank Transfer,Mumbai,False
TX002022,EMP005,Rohan,2026-08-17,TechSupply,Equipment,24851.53,Manager A,Engineering,UPI,Mumbai,False
TX002023,EMP002,Meera,2026-03-29,EquipHub,Equipment,16806.1,Manager B,Finance,Bank Transfer,Delhi,False
TX002024,EMP001,Aarav,2026-02-12,OfficeMart,Software,14838.64,Manager B,Operations,Bank Transfer,Mumbai,False
TX002025,EMP002,Meera,2026-03-03,CloudWorks,Travel,16633.09,Manager B,Operations,Card,Mumbai,False
TX002026,EMP005,Rohan,2026-08-12,TravelDesk,Office,28130.08,Manager A,Finance,Card,Bengaluru,False
TX002027,EMP002,Meera,2026-08-11,TechSupply,Office,23366.83,Manager A,Engineering,UPI,Delhi,False
TX002028,EMP005,Rohan,2026-01-11,TechSupply,Office,21118.39,Manager B,Operations,Card,Varanasi,False
TX002029,EMP005,Rohan,2026-05-30,TravelDesk,Travel,24341.17,Manager B,Operations,UPI,Bengaluru,False
TX002030,EMP003,Kabir,2026-06-27,EquipHub,Software,19336.72,Manager B,Engineering,Card,Delhi,False
TX002031,EMP002,Meera,2026-05-01,EquipHub,Software,28658.55,Manager A,Engineering,Bank Transfer,Varanasi,False
TX002032,EMP001,Aarav,2026-04-19,CloudWorks,Travel,14331.7,Manager B,Finance,Bank Transfer,Varanasi,False
TX002033,EMP004,Ishita,2026-03-07,TravelDesk,Office,8878.6,Manager A,Operations,Card,Mumbai,False
TX002034,EMP002,Meera,2026-05-12,EquipHub,Travel,18423.02,Manager B,Finance,Bank Transfer,Varanasi,False
TX002035,EMP001,Aarav,2026-07-07,EquipHub,Equipment,24166.51,Manager A,Engineering,Card,Varanasi,False
TX002036,EMP002,Meera,2026-07-19,OfficeMart,Travel,16887.19,Manager B,Engineering,Bank Transfer,Mumbai,False
TX002037,EMP002,Meera,2026-06-23,TravelDesk,Software,21724.53,Manager B,Engineering,UPI,Mumbai,False
TX002038,EMP002,Meera,2026-06-16,EquipHub,Software,24268.64,Manager B,Engineering,Card,Mumbai,False
TX002039,EMP003,Kabir,2026-07-27,OfficeMart,Software,19654.06,Manager A,Finance,Card,Mumbai,False
TX002040,EMP002,Meera,2026-05-27,TravelDesk,Software,12284.54,Manager A,Finance,UPI,Bengaluru,False
TX002041,EMP002,Meera,2026-04-29,CloudWorks,Office,14668.48,Manager B,Engineering,Bank Transfer,Delhi,False
TX002042,EMP003,Kabir,2026-03-27,TechSupply,Travel,15552.32,Manager A,Operations,Card,Bengaluru,False
TX002043,EMP002,Meera,2026-05-26,CloudWorks,Equipment,11643.31,Manager A,Finance,Card,Bengaluru,False
TX002044,EMP001,Aarav,2026-05-07,TravelDesk,Equipment,16262.65,Manager B,Engineering,UPI,Bengaluru,False
TX002045,EMP001,Aarav,2026-07-05,CloudWorks,Office,15104.18,Manager A,Engineering,Card,Bengaluru,False
TX002046,EMP002,Meera,2026-04-21,EquipHub,Software,13200.04,Manager A,Engineering,Bank Transfer,Mumbai,False
TX002047,EMP004,Ishita,2026-01-14,TechSupply,Travel,20364.85,Manager A,Finance,Bank Transfer,Mumbai,False
TX002048,EMP004,Ishita,2026-07-01,CloudWorks,Software,20634.32,Manager B,Engineering,UPI,Varanasi,False
TX002049,EMP005,Rohan,2026-06-25,OfficeMart,Travel,17722.61,Manager A,Operations,Card,Varanasi,False
TX002050,EMP005,Rohan,2026-07-29,OfficeMart,Travel,25859.64,Manager A,Engineering,UPI,Varanasi,False
TX002051,EMP001,Aarav,2026-08-01,OfficeMart,Travel,13022.61,Manager A,Operations,Bank Transfer,Bengaluru,False
TX002052,EMP001,Aarav,2026-05-14,EquipHub,Travel,14570.96,Manager A,Engineering,Card,Mumbai,False
TX002053,EMP001,Aarav,2026-06-05,CloudWorks,Software,26670.46,Manager B,Engineering,UPI,Varanasi,False
TX002054,EMP001,Aarav,2026-08-19,OfficeMart,Software,23004.98,Manager B,Finance,UPI,Bengaluru,False
TX002055,EMP001,Aarav,2026-02-02,CloudWorks,Office,11428.99,Manager A,Operations,Bank Transfer,Bengaluru,False
TX002056,EMP001,Aarav,2026-05-09,TravelDesk,Travel,6497.46,Manager B,Finance,UPI,Mumbai,False
TX002057,EMP005,Rohan,2026-08-05,OfficeMart,Software,32672.13,Manager A,Operations,Card,Delhi,False
TX002058,EMP004,Ishita,2026-02-01,CloudWorks,Travel,17626.75,Manager B,Operations,Card,Varanasi,False
TX002059,EMP002,Meera,2026-04-18,TravelDesk,Software,15923.13,Manager B,Engineering,Card,Varanasi,False
TX002060,EMP002,Meera,2026-06-03,OfficeMart,Office,149360.6738669182,Manager B,Engineering,Bank Transfer,Delhi,True
TX002061,EMP003,Kabir,2026-03-02,CloudWorks,Office,18965.02,Manager A,Operations,UPI,Mumbai,False
TX002062,EMP005,Rohan,2026-05-06,CloudWorks,Equipment,21269.09,Manager B,Engineering,UPI,Varanasi,False
TX002063,EMP002,Meera,2026-06-20,TravelDesk,Software,17658.49,Manager A,Finance,Card,Bengaluru,False
TX002064,EMP002,Meera,2026-06-14,EquipHub,Software,18259.91,Manager A,Operations,Card,Varanasi,False
TX002065,EMP003,Kabir,2026-01-30,OfficeMart,Software,28615.17,Manager B,Engineering,Bank Transfer,Mumbai,False
TX002066,EMP001,Aarav,2026-05-12,CloudWorks,Software,33660.44,Manager A,Operations,UPI,Varanasi,False
TX002067,EMP001,Aarav,2026-01-21,EquipHub,Travel,23376.52,Manager B,Finance,Card,Varanasi,False
TX002068,EMP005,Rohan,2026-04-12,OfficeMart,Software,27171.11,Manager B,Engineering,Card,Mumbai,False
TX002069,EMP003,Kabir,2026-07-20,CloudWorks,Travel,28391.11,Manager B,Finance,UPI,Delhi,False
TX002070,EMP001,Aarav,2026-01-01,TechSupply,Equipment,21309.46,Manager B,Operations,Card,Mumbai,False
TX002071,EMP003,Kabir,2026-01-23,OfficeMart,Software,19491.95,Manager B,Finance,Card,Bengaluru,False
TX002072,EMP002,Meera,2026-02-03,TravelDesk,Equipment,20847.94,Manager A,Operations,Bank Transfer,Bengaluru,False
TX002073,EMP002,Meera,2026-03-02,EquipHub,Equipment,18599.46,Manager A,Finance,UPI,Delhi,False
TX002074,EMP001,Aarav,2026-03-11,OfficeMart,Office,21966.9,Manager B,Engineering,UPI,Bengaluru,False
TX002075,EMP001,Aarav,2026-06-29,OfficeMart,Equipment,11294.74,Manager B,Engineering,Card,Varanasi,False
TX002076,EMP002,Meera,2026-07-25,CloudWorks,Travel,32498.42,Manager A,Engineering,Card,Mumbai,False
TX002077,EMP003,Kabir,2026-02-18,OfficeMart,Software,22126.18,Manager B,Operations,Bank Transfer,Delhi,False
TX002078,EMP005,Rohan,2026-05-16,TechSupply,Travel,17020.89,Manager B,Finance,UPI,Delhi,False
TX002079,EMP005,Rohan,2026-04-09,TravelDesk,Travel,14486.96,Manager A,Operations,Card,Delhi,False
TX002080,EMP004,Ishita,2026-03-07,OfficeMart,Software,17533.25,Manager A,Operations,Bank Transfer,Bengaluru,False
TX002081,EMP001,Aarav,2026-01-18,EquipHub,Equipment,18652.11,Manager A,Finance,UPI,Bengaluru,False
TX002082,EMP004,Ishita,2026-02-14,TravelDesk,Equipment,18475.89,Manager A,Operations,Bank Transfer,Bengaluru,False
TX002083,EMP005,Rohan,2026-06-21,EquipHub,Equipment,17455.99,Manager A,Finance,Bank Transfer,Mumbai,False
TX002084,EMP003,Kabir,2026-02-18,EquipHub,Travel,29664.79,Manager B,Operations,Bank Transfer,Varanasi,False
TX002085,EMP002,Meera,2026-01-31,TravelDesk,Equipment,10226.6,Manager A,Finance,UPI,Mumbai,False
TX002086,EMP005,Rohan,2026-01-12,OfficeMart,Equipment,14996.68,Manager B,Finance,Bank Transfer,Varanasi,False
TX002087,EMP004,Ishita,2026-01-19,EquipHub,Office,9179.0,Manager A,Engineering,Bank Transfer,Delhi,False
TX002088,EMP005,Rohan,2026-08-05,TravelDesk,Equipment,22335.21,Manager B,Operations,Bank Transfer,Varanasi,False
TX002089,EMP002,Meera,2026-06-07,EquipHub,Software,21216.5,Manager B,Engineering,Bank Transfer,Bengaluru,False
TX002090,EMP005,Rohan,2026-04-13,TechSupply,Travel,19084.8,Manager B,Engineering,UPI,Varanasi,False
TX002091,EMP005,Rohan,2026-07-22,OfficeMart,Equipment,20117.34,Manager B,Operations,Card,Delhi,False
TX002092,EMP004,Ishita,2026-03-06,TechSupply,Office,26782.28,Manager A,Engineering,Card,Delhi,False
TX002093,EMP004,Ishita,2026-03-05,TechSupply,Office,19285.16,Manager B,Engineering,UPI,Bengaluru,False
TX002094,EMP001,Aarav,2026-02-24,CloudWorks,Travel,26421.98,Manager A,Finance,Bank Transfer,Mumbai,False
TX002095,EMP001,Aarav,2026-06-21,CloudWorks,Travel,15678.62,Manager B,Operations,Card,Delhi,False
TX002096,EMP004,Ishita,2026-04-04,CloudWorks,Travel,12974.38,Manager B,Operations,UPI,Delhi,False
TX002097,EMP004,Ishita,2026-01-09,CloudWorks,Software,34633.51,Manager B,Finance,Bank Transfer,Bengaluru,False
TX002098,EMP003,Kabir,2026-02-19,CloudWorks,Travel,20685.67,Manager A,Operations,Bank Transfer,Delhi,False
TX002099,EMP002,Meera,2026-04-20,OfficeMart,Equipment,7322.61,Manager A,Engineering,Bank Transfer,Varanasi,False
TX002100,EMP003,Kabir,2026-04-01,TechSupply,Travel,18518.73,Manager B,Finance,UPI,Mumbai,False
TX002101,EMP002,Meera,2026-02-13,EquipHub,Office,12819.21,Manager B,Engineering,UPI,Varanasi,False
TX002102,EMP003,Kabir,2026-07-28,OfficeMart,Office,24407.64,Manager A,Engineering,Bank Transfer,Bengaluru,False
TX002103,EMP001,Aarav,2026-05-28,CloudWorks,Equipment,24811.58,Manager B,Operations,UPI,Delhi,False
TX002104,EMP001,Aarav,2026-01-18,CloudWorks,Software,10654.52,Manager B,Finance,Card,Delhi,False
TX002105,EMP003,Kabir,2026-01-10,TechSupply,Software,29190.47,Manager B,Finance,Bank Transfer,Mumbai,False
TX002106,EMP003,Kabir,2026-08-07,TravelDesk,Software,20225.25,Manager B,Finance,Bank Transfer,Mumbai,False
TX002107,EMP004,Ishita,2026-05-22,CloudWorks,Software,16834.36,Manager A,Operations,Bank Transfer,Varanasi,False
TX002108,EMP004,Ishita,2026-03-22,CloudWorks,Travel,21665.21,Manager A,Operations,Bank Transfer,Varanasi,False
TX002109,EMP005,Rohan,2026-03-21,EquipHub,Travel,22162.7,Manager B,Operations,Card,Delhi,False
TX002110,EMP004,Ishita,2026-07-16,CloudWorks,Travel,16489.6,Manager B,Operations,UPI,Bengaluru,False
TX002111,EMP003,Kabir,2026-07-25,EquipHub,Equipment,25829.43,Manager B,Operations,UPI,Bengaluru,False
TX002112,EMP002,Meera,2026-02-26,TravelDesk,Software,15219.38,Manager B,Engineering,Bank Transfer,Varanasi,False
TX002113,EMP004,Ishita,2026-04-02,CloudWorks,Software,12497.3,Manager B,Operations,Bank Transfer,Mumbai,False
TX002114,EMP004,Ishita,2026-06-23,TechSupply,Travel,23042.09,Manager A,Engineering,Bank Transfer,Mumbai,False
TX002115,EMP001,Aarav,2026-07-31,CloudWorks,Equipment,25407.78,Manager B,Engineering,UPI,Bengaluru,False
TX002116,EMP002,Meera,2026-02-21,OfficeMart,Travel,8242.24,Manager A,Operations,Bank Transfer,Varanasi,False
TX002117,EMP005,Rohan,2026-04-12,TravelDesk,Equipment,20873.06,Manager B,Finance,UPI,Varanasi,False
TX002118,EMP003,Kabir,2026-06-25,TechSupply,Software,19807.93,Manager B,Engineering,Card,Varanasi,False
TX002119,EMP001,Aarav,2026-03-20,EquipHub,Software,23467.63,Manager B,Operations,UPI,Mumbai,False
TX002120,EMP005,Rohan,2026-08-02,OfficeMart,Software,25378.31,Manager A,Operations,Card,Delhi,False
TX002121,EMP003,Kabir,2026-03-23,TravelDesk,Software,9598.87,Manager B,Finance,Bank Transfer,Bengaluru,False
TX002122,EMP002,Meera,2026-08-18,OfficeMart,Office,11845.06,Manager A,Finance,Card,Delhi,False
TX002123,EMP003,Kabir,2026-07-12,TechSupply,Office,16623.15,Manager A,Operations,Card,Delhi,False
TX002124,EMP001,Aarav,2026-07-24,TravelDesk,Software,13888.38,Manager A,Engineering,UPI,Varanasi,False
TX002125,EMP003,Kabir,2026-08-18,TravelDesk,Travel,2889.28,Manager A,Engineering,Bank Transfer,Bengaluru,False
TX002126,EMP005,Rohan,2026-01-19,OfficeMart,Equipment,11465.89,Manager A,Engineering,Bank Transfer,Varanasi,False
TX002127,EMP003,Kabir,2026-07-18,OfficeMart,Equipment,19323.03,Manager A,Operations,Card,Mumbai,False
TX002128,EMP004,Ishita,2026-05-09,EquipHub,Travel,14534.88,Manager A,Finance,Bank Transfer,Delhi,False
TX002129,EMP004,Ishita,2026-07-22,CloudWorks,Office,17900.14,Manager A,Operations,Card,Mumbai,False
TX002130,EMP002,Meera,2026-08-24,TravelDesk,Software,24762.48,Manager B,Operations,Bank Transfer,Delhi,False
TX002131,EMP003,Kabir,2026-03-13,OfficeMart,Travel,35091.86,Manager B,Engineering,UPI,Varanasi,False
TX002132,EMP005,Rohan,2026-08-27,EquipHub,Travel,7308.87,Manager B,Engineering,Card,Delhi,False
TX002133,EMP003,Kabir,2026-06-16,OfficeMart,Office,25430.04,Manager B,Engineering,Bank Transfer,Varanasi,False
TX002134,EMP003,Kabir,2026-02-03,OfficeMart,Equipment,29130.98,Manager B,Operations,Card,Bengaluru,False
TX002135,EMP003,Kabir,2026-08-27,EquipHub,Travel,18072.67,Manager B,Finance,UPI,Mumbai,False
TX002136,EMP001,Aarav,2026-03-22,EquipHub,Equipment,28969.26,Manager A,Engineering,Card,Bengaluru,False
TX002137,EMP001,Aarav,2026-06-04,TechSupply,Equipment,25744.0,Manager B,Operations,UPI,Bengaluru,False
TX002138,EMP005,Rohan,2026-01-22,OfficeMart,Equipment,18811.8,Manager B,Finance,Card,Delhi,False
TX002139,EMP005,Rohan,2026-06-17,OfficeMart,Travel,21229.54,Manager A,Finance,UPI,Bengaluru,False
TX002140,EMP002,Meera,2026-03-19,OfficeMart,Equipment,18729.05,Manager A,Finance,Bank Transfer,Mumbai,False
TX002141,EMP003,Kabir,2026-07-17,TechSupply,Travel,32202.86,Manager B,Engineering,Bank Transfer,Bengaluru,False
TX002142,EMP001,Aarav,2026-06-24,TechSupply,Office,23146.02,Manager A,Finance,Card,Mumbai,False
TX002143,EMP005,Rohan,2026-08-08,CloudWorks,Office,23875.17,Manager B,Finance,Bank Transfer,Mumbai,False
TX002144,EMP003,Kabir,2026-01-01,CloudWorks,Travel,23215.96,Manager B,Engineering,Card,Mumbai,False
TX002145,EMP002,Meera,2026-03-04,TravelDesk,Travel,25229.29,Manager A,Engineering,Bank Transfer,Bengaluru,False
TX002146,EMP001,Aarav,2026-01-08,OfficeMart,Travel,22530.15,Manager A,Finance,Bank Transfer,Mumbai,False
TX002147,EMP001,Aarav,2026-02-01,TechSupply,Travel,383712.083100726,Manager B,Finance,UPI,Bengaluru,True
TX002148,EMP004,Ishita,2026-04-29,CloudWorks,Travel,24778.92,Manager A,Engineering,Card,Varanasi,False
TX002149,EMP003,Kabir,2026-07-10,EquipHub,Equipment,15581.89,Manager B,Finance,UPI,Bengaluru,False
TX002150,EMP001,Aarav,2026-01-06,CloudWorks,Travel,151929.63538389254,Manager A,Engineering,Bank Transfer,Mumbai,True
TX002151,EMP003,Kabir,2026-05-05,CloudWorks,Travel,19040.38,Manager B,Finance,Bank Transfer,Bengaluru,False
TX002152,EMP005,Rohan,2026-07-04,CloudWorks,Equipment,25576.37,Manager A,Engineering,Card,Mumbai,False
TX002153,EMP002,Meera,2026-04-07,CloudWorks,Office,22066.91,Manager A,Engineering,Bank Transfer,Delhi,False
TX002154,EMP002,Meera,2026-07-05,CloudWorks,Office,27814.89,Manager A,Operations,Card,Mumbai,False
TX002155,EMP003,Kabir,2026-04-20,OfficeMart,Software,1610.68,Manager B,Finance,Card,Varanasi,False
TX002156,EMP004,Ishita,2026-01-23,TechSupply,Software,26980.86,Manager A,Engineering,Bank Transfer,Bengaluru,False
TX002157,EMP003,Kabir,2026-07-13,TravelDesk,Office,27994.12,Manager A,Engineering,Bank Transfer,Varanasi,False
TX002158,EMP004,Ishita,2026-04-18,OfficeMart,Travel,26382.89,Manager A,Engineering,Bank Transfer,Delhi,False
TX002159,EMP003,Kabir,2026-01-21,CloudWorks,Travel,13859.72,Manager B,Finance,UPI,Delhi,False
TX002160,EMP004,Ishita,2026-02-27,EquipHub,Software,15193.37,Manager B,Finance,Bank Transfer,Mumbai,False
TX002161,EMP001,Aarav,2026-01-18,CloudWorks,Software,22523.63,Manager A,Operations,UPI,Varanasi,False
TX002162,EMP005,Rohan,2026-06-06,CloudWorks,Software,17218.28,Manager B,Finance,Bank Transfer,Bengaluru,False
TX002163,EMP001,Aarav,2026-07-03,EquipHub,Equipment,14808.16,Manager B,Finance,UPI,Mumbai,False
TX002164,EMP001,Aarav,2026-08-14,EquipHub,Travel,19109.36,Manager A,Operations,UPI,Mumbai,False
TX002165,EMP001,Aarav,2026-01-24,EquipHub,Equipment,19107.38,Manager B,Finance,Card,Bengaluru,False
TX002166,EMP003,Kabir,2026-06-03,CloudWorks,Software,25768.25,Manager A,Finance,UPI,Bengaluru,False
TX002167,EMP005,Rohan,2026-05-18,EquipHub,Office,317721.30913023616,Manager A,Operations,UPI,Delhi,True
TX002168,EMP005,Rohan,2026-05-16,TravelDesk,Office,8339.88,Manager A,Engineering,Card,Delhi,False
TX002169,EMP003,Kabir,2026-04-17,CloudWorks,Office,16243.3,Manager A,Finance,Bank Transfer,Mumbai,False
TX002170,EMP002,Meera,2026-07-20,CloudWorks,Software,13860.58,Manager A,Operations,UPI,Bengaluru,False
TX002171,EMP002,Meera,2026-04-21,OfficeMart,Travel,24778.5,Manager B,Operations,UPI,Varanasi,False
TX002172,EMP001,Aarav,2026-08-14,EquipHub,Equipment,26873.49,Manager A,Engineering,Card,Mumbai,False
TX002173,EMP005,Rohan,2026-07-10,CloudWorks,Travel,10072.03,Manager A,Operations,UPI,Delhi,False
TX002174,EMP005,Rohan,2026-08-18,TravelDesk,Equipment,29863.26,Manager B,Finance,UPI,Varanasi,False
TX002175,EMP004,Ishita,2026-05-05,CloudWorks,Office,6631.45,Manager A,Operations,Card,Mumbai,False
TX002176,EMP002,Meera,2026-05-24,TravelDesk,Equipment,19209.98,Manager A,Engineering,Bank Transfer,Varanasi,False
TX002177,EMP002,Meera,2026-04-15,TechSupply,Office,23078.3,Manager A,Engineering,Bank Transfer,Varanasi,False
TX002178,EMP004,Ishita,2026-02-10,EquipHub,Equipment,15017.02,Manager A,Finance,Card,Bengaluru,False
TX002179,EMP002,Meera,2026-01-02,CloudWorks,Software,9705.54,Manager B,Finance,Bank Transfer,Bengaluru,False
TX002180,EMP004,Ishita,2026-08-10,TravelDesk,Equipment,13625.71,Manager A,Engineering,Card,Bengaluru,False
TX002181,EMP003,Kabir,2026-04-06,CloudWorks,Software,11578.82,Manager B,Engineering,UPI,Varanasi,False
TX002182,EMP002,Meera,2026-08-14,CloudWorks,Office,17039.76,Manager A,Finance,Card,Delhi,False
TX002183,EMP003,Kabir,2026-03-26,TechSupply,Travel,14150.18,Manager B,Operations,Card,Varanasi,False
TX002184,EMP001,Aarav,2026-04-20,EquipHub,Equipment,21883.95,Manager B,Finance,Card,Varanasi,False
TX002185,EMP003,Kabir,2026-05-02,EquipHub,Equipment,17712.86,Manager A,Operations,UPI,Varanasi,False
TX002186,EMP001,Aarav,2026-03-03,TravelDesk,Travel,36925.81,Manager A,Engineering,Bank Transfer,Bengaluru,False
TX002187,EMP003,Kabir,2026-08-02,EquipHub,Equipment,25597.14,Manager B,Operations,UPI,Bengaluru,False
TX002188,EMP004,Ishita,2026-07-18,TechSupply,Equipment,32395.42,Manager B,Operations,UPI,Bengaluru,False
TX002189,EMP003,Kabir,2026-04-24,EquipHub,Travel,15057.25,Manager B,Operations,Card,Mumbai,False
TX002190,EMP001,Aarav,2026-03-05,TravelDesk,Equipment,28861.62,Manager B,Engineering,UPI,Varanasi,False
TX002191,EMP005,Rohan,2026-05-13,TravelDesk,Equipment,22350.18,Manager A,Engineering,Card,Delhi,False
TX002192,EMP005,Rohan,2026-05-24,CloudWorks,Equipment,225262.25692214895,Manager A,Engineering,UPI,Delhi,True
TX002193,EMP001,Aarav,2026-07-11,CloudWorks,Office,18732.81,Manager B,Engineering,Bank Transfer,Mumbai,False
TX002194,EMP004,Ishita,2026-04-15,EquipHub,Equipment,14834.38,Manager B,Engineering,UPI,Varanasi,False
TX002195,EMP005,Rohan,2026-05-16,TravelDesk,Software,23441.04,Manager A,Operations,Card,Varanasi,False
TX002196,EMP005,Rohan,2026-08-16,TravelDesk,Travel,29524.58,Manager B,Finance,Bank Transfer,Bengaluru,False
TX002197,EMP005,Rohan,2026-02-27,OfficeMart,Software,16370.65,Manager B,Engineering,Card,Mumbai,False
TX002198,EMP002,Meera,2026-01-14,TechSupply,Software,12664.9,Manager B,Finance,Bank Transfer,Mumbai,False
TX002199,EMP001,Aarav,2026-08-06,CloudWorks,Equipment,19799.27,Manager A,Operations,Card,Mumbai,False
TX002200,EMP001,Aarav,2026-06-23,TravelDesk,Software,25531.81,Manager A,Engineering,Bank Transfer,Varanasi,False
TX002201,EMP004,Ishita,2026-04-07,EquipHub,Equipment,28585.64,Manager B,Operations,Card,Bengaluru,False
TX002202,EMP005,Rohan,2026-07-28,CloudWorks,Travel,17836.32,Manager A,Engineering,UPI,Mumbai,False
TX002203,EMP001,Aarav,2026-05-10,CloudWorks,Software,31124.07,Manager A,Finance,Bank Transfer,Bengaluru,False
TX002204,EMP001,Aarav,2026-03-07,TechSupply,Office,21978.49,Manager A,Operations,UPI,Bengaluru,False
TX002205,EMP005,Rohan,2026-07-17,CloudWorks,Equipment,16756.97,Manager A,Engineering,UPI,Delhi,False
TX002206,EMP004,Ishita,2026-04-26,OfficeMart,Software,31430.29,Manager A,Operations,Card,Varanasi,False
TX002207,EMP002,Meera,2026-08-09,EquipHub,Equipment,23945.43,Manager A,Operations,Card,Varanasi,False
TX002208,EMP002,Meera,2026-02-27,OfficeMart,Equipment,18654.55,Manager A,Engineering,Bank Transfer,Varanasi,False
TX002209,EMP004,Ishita,2026-05-05,EquipHub,Office,13147.61,Manager A,Engineering,Card,Bengaluru,False
TX002210,EMP003,Kabir,2026-05-19,OfficeMart,Equipment,23627.23,Manager A,Finance,Bank Transfer,Varanasi,False
TX002211,EMP001,Aarav,2026-06-09,OfficeMart,Equipment,21247.32,Manager A,Operations,Card,Mumbai,False
TX002212,EMP002,Meera,2026-01-24,TravelDesk,Office,27738.71,Manager B,Finance,Card,Varanasi,False
TX002213,EMP001,Aarav,2026-08-15,TravelDesk,Travel,19374.49,Manager A,Operations,UPI,Mumbai,False
TX002214,EMP002,Meera,2026-07-30,CloudWorks,Office,18164.31,Manager B,Engineering,Bank Transfer,Bengaluru,False
TX002215,EMP002,Meera,2026-07-29,TechSupply,Office,330197.3577725173,Manager A,Engineering,Card,Delhi,True
TX002216,EMP004,Ishita,2026-06-06,TravelDesk,Software,22507.13,Manager A,Engineering,Bank Transfer,Bengaluru,False
TX002217,EMP004,Ishita,2026-01-21,TravelDesk,Software,17827.5,Manager B,Operations,Card,Mumbai,False
TX002218,EMP003,Kabir,2026-02-21,TechSupply,Equipment,19014.73,Manager A,Engineering,UPI,Varanasi,False
TX002219,EMP002,Meera,2026-03-16,CloudWorks,Travel,19251.16,Manager B,Engineering,Card,Delhi,False
TX002220,EMP001,Aarav,2026-04-08,OfficeMart,Office,18821.76,Manager A,Operations,Bank Transfer,Delhi,False
TX002221,EMP003,Kabir,2026-03-03,TechSupply,Software,22956.69,Manager B,Finance,UPI,Bengaluru,False
TX002222,EMP002,Meera,2026-07-27,OfficeMart,Office,20670.82,Manager A,Operations,Bank Transfer,Varanasi,False
TX002223,EMP002,Meera,2026-07-12,CloudWorks,Software,15992.29,Manager A,Finance,Card,Bengaluru,False
TX002224,EMP002,Meera,2026-04-09,TechSupply,Software,18159.29,Manager B,Engineering,UPI,Varanasi,False
TX002225,EMP001,Aarav,2026-05-09,OfficeMart,Equipment,20415.89,Manager A,Operations,Card,Mumbai,False
TX002226,EMP002,Meera,2026-05-27,TechSupply,Software,13868.34,Manager A,Finance,Card,Mumbai,False
TX002227,EMP001,Aarav,2026-02-11,CloudWorks,Travel,15900.16,Manager B,Operations,UPI,Varanasi,False
TX002228,EMP004,Ishita,2026-01-31,OfficeMart,Office,29186.65,Manager B,Engineering,Card,Delhi,False
TX002229,EMP004,Ishita,2026-04-24,EquipHub,Equipment,23675.52,Manager A,Finance,Card,Varanasi,False
TX002230,EMP002,Meera,2026-08-01,OfficeMart,Office,21976.01,Manager A,Engineering,Card,Mumbai,False
TX002231,EMP003,Kabir,2026-05-17,TechSupply,Software,13354.72,Manager B,Engineering,Card,Delhi,False
TX002232,EMP001,Aarav,2026-05-19,TravelDesk,Travel,20858.23,Manager A,Finance,Card,Mumbai,False
TX002233,EMP003,Kabir,2026-01-21,EquipHub,Software,29144.97,Manager B,Engineering,Card,Mumbai,False
TX002234,EMP001,Aarav,2026-04-23,CloudWorks,Equipment,18856.07,Manager A,Operations,UPI,Delhi,False
TX002235,EMP004,Ishita,2026-05-21,TechSupply,Software,20887.55,Manager A,Engineering,Bank Transfer,Mumbai,False
TX002236,EMP002,Meera,2026-08-18,TechSupply,Equipment,16103.33,Manager A,Operations,UPI,Delhi,False
TX002237,EMP004,Ishita,2026-07-20,CloudWorks,Travel,23861.71,Manager B,Operations,Bank Transfer,Delhi,False
TX002238,EMP002,Meera,2026-04-21,CloudWorks,Travel,20033.1,Manager A,Operations,Bank Transfer,Delhi,False
TX002239,EMP004,Ishita,2026-03-19,OfficeMart,Office,15776.14,Manager B,Finance,UPI,Delhi,False
TX002240,EMP005,Rohan,2026-03-01,TravelDesk,Software,15264.03,Manager A,Engineering,Bank Transfer,Delhi,False
TX002241,EMP001,Aarav,2026-07-01,CloudWorks,Travel,19048.49,Manager B,Engineering,Bank Transfer,Delhi,False
TX002242,EMP004,Ishita,2026-03-25,TravelDesk,Software,21362.87,Manager B,Engineering,UPI,Varanasi,False
TX002243,EMP004,Ishita,2026-02-13,CloudWorks,Travel,30835.19,Manager A,Engineering,Card,Delhi,False
TX002244,EMP003,Kabir,2026-06-28,EquipHub,Office,19481.51,Manager B,Engineering,Bank Transfer,Mumbai,False
TX002245,EMP004,Ishita,2026-07-07,OfficeMart,Travel,3569.88,Manager A,Engineering,UPI,Delhi,False
TX002246,EMP001,Aarav,2026-08-19,EquipHub,Travel,204393.74666643556,Manager A,Engineering,Bank Transfer,Bengaluru,True
TX002247,EMP004,Ishita,2026-03-17,EquipHub,Office,17330.69,Manager B,Finance,Card,Varanasi,False
TX002248,EMP004,Ishita,2026-06-10,OfficeMart,Travel,17752.61,Manager B,Engineering,Card,Mumbai,False
TX002249,EMP004,Ishita,2026-08-05,EquipHub,Software,19526.95,Manager B,Engineering,UPI,Mumbai,False
TX002250,EMP005,Rohan,2026-05-09,TravelDesk,Office,27560.46,Manager A,Finance,Bank Transfer,Bengaluru,False
TX002251,EMP002,Meera,2026-07-16,CloudWorks,Office,18710.22,Manager A,Finance,Card,Delhi,False
TX002252,EMP002,Meera,2026-02-16,TechSupply,Travel,19802.81,Manager A,Operations,Bank Transfer,Bengaluru,False
TX002253,EMP001,Aarav,2026-05-09,OfficeMart,Travel,12978.85,Manager B,Operations,Card,Varanasi,False
TX002254,EMP001,Aarav,2026-01-18,TravelDesk,Office,25073.03,Manager B,Operations,UPI,Bengaluru,False
TX002255,EMP003,Kabir,2026-02-21,TechSupply,Software,13303.86,Manager A,Finance,Card,Mumbai,False
TX002256,EMP001,Aarav,2026-02-11,EquipHub,Equipment,21310.27,Manager B,Operations,UPI,Delhi,False
TX002257,EMP001,Aarav,2026-08-22,TravelDesk,Travel,24520.99,Manager B,Operations,UPI,Bengaluru,False
TX002258,EMP001,Aarav,2026-06-16,OfficeMart,Travel,15694.81,Manager B,Engineering,UPI,Delhi,False
TX002259,EMP001,Aarav,2026-02-23,TravelDesk,Software,21555.78,Manager A,Operations,Card,Varanasi,False
TX002260,EMP003,Kabir,2026-03-02,TravelDesk,Equipment,20249.78,Manager A,Finance,Card,Varanasi,False
TX002261,EMP002,Meera,2026-04-13,TechSupply,Travel,22047.61,Manager B,Engineering,Card,Delhi,False
TX002262,EMP002,Meera,2026-06-16,CloudWorks,Equipment,29556.19,Manager A,Finance,Card,Delhi,False
TX002263,EMP004,Ishita,2026-08-28,CloudWorks,Office,19479.65,Manager A,Finance,UPI,Bengaluru,False
TX002264,EMP002,Meera,2026-05-23,OfficeMart,Equipment,15666.36,Manager A,Engineering,Card,Mumbai,False
TX002265,EMP001,Aarav,2026-03-13,EquipHub,Software,26071.07,Manager A,Finance,UPI,Mumbai,False
TX002266,EMP004,Ishita,2026-07-02,TechSupply,Software,15161.92,Manager B,Finance,Bank Transfer,Delhi,False
TX002267,EMP003,Kabir,2026-03-11,EquipHub,Software,25405.37,Manager A,Engineering,UPI,Mumbai,False
TX002268,EMP001,Aarav,2026-07-13,EquipHub,Software,27979.83,Manager B,Finance,Bank Transfer,Varanasi,False
TX002269,EMP004,Ishita,2026-01-01,TechSupply,Equipment,19238.63,Manager B,Operations,Card,Bengaluru,False
TX002270,EMP003,Kabir,2026-03-17,CloudWorks,Software,28130.17,Manager A,Engineering,Bank Transfer,Varanasi,False
TX002271,EMP005,Rohan,2026-03-28,TravelDesk,Equipment,17848.27,Manager B,Engineering,Card,Mumbai,False
TX002272,EMP002,Meera,2026-07-22,TravelDesk,Travel,16281.53,Manager A,Engineering,Bank Transfer,Bengaluru,False
TX002273,EMP002,Meera,2026-07-23,OfficeMart,Office,20066.45,Manager A,Operations,Card,Delhi,False
TX002274,EMP003,Kabir,2026-05-11,CloudWorks,Travel,26894.45,Manager A,Operations,Bank Transfer,Delhi,False
TX002275,EMP004,Ishita,2026-01-26,OfficeMart,Equipment,18833.0,Manager B,Operations,Card,Mumbai,False
TX002276,EMP001,Aarav,2026-05-31,OfficeMart,Software,19147.37,Manager A,Engineering,Bank Transfer,Delhi,False
TX002277,EMP002,Meera,2026-07-29,TravelDesk,Software,28390.77,Manager B,Finance,UPI,Delhi,False
TX002278,EMP001,Aarav,2026-06-17,OfficeMart,Software,21868.11,Manager B,Finance,Card,Bengaluru,False
TX002279,EMP003,Kabir,2026-02-27,CloudWorks,Equipment,18044.0,Manager A,Operations,Card,Delhi,False
TX002280,EMP005,Rohan,2026-04-09,OfficeMart,Travel,22596.8,Manager A,Finance,UPI,Bengaluru,False
TX002281,EMP005,Rohan,2026-08-16,TechSupply,Office,25134.2,Manager A,Engineering,Bank Transfer,Bengaluru,False
TX002282,EMP004,Ishita,2026-07-14,EquipHub,Equipment,25464.77,Manager B,Engineering,Card,Varanasi,False
TX002283,EMP005,Rohan,2026-03-07,TravelDesk,Travel,9474.32,Manager B,Finance,UPI,Varanasi,False
TX002284,EMP003,Kabir,2026-08-12,OfficeMart,Equipment,18983.83,Manager B,Finance,Bank Transfer,Delhi,False
TX002285,EMP001,Aarav,2026-08-27,TravelDesk,Software,22356.46,Manager B,Engineering,Bank Transfer,Bengaluru,False
TX002286,EMP004,Ishita,2026-02-07,CloudWorks,Office,16576.23,Manager A,Finance,UPI,Bengaluru,False
TX002287,EMP005,Rohan,2026-02-01,TravelDesk,Travel,23756.79,Manager B,Operations,UPI,Varanasi,False
TX002288,EMP001,Aarav,2026-05-11,EquipHub,Travel,17859.24,Manager A,Engineering,Card,Mumbai,False
TX002289,EMP002,Meera,2026-06-16,TechSupply,Office,27708.64,Manager A,Engineering,UPI,Varanasi,False
TX002290,EMP003,Kabir,2026-06-24,TechSupply,Travel,23083.53,Manager A,Operations,Bank Transfer,Varanasi,False
TX002291,EMP001,Aarav,2026-05-07,OfficeMart,Software,22439.8,Manager A,Operations,UPI,Mumbai,False
TX002292,EMP003,Kabir,2026-02-21,TravelDesk,Equipment,14119.08,Manager B,Engineering,UPI,Delhi,False
TX002293,EMP005,Rohan,2026-07-08,EquipHub,Travel,21604.54,Manager A,Engineering,UPI,Delhi,False
TX002294,EMP005,Rohan,2026-02-22,OfficeMart,Office,13136.41,Manager B,Engineering,Card,Bengaluru,False
TX002295,EMP004,Ishita,2026-08-15,OfficeMart,Equipment,10823.88,Manager B,Finance,Card,Delhi,False
TX002296,EMP003,Kabir,2026-03-09,OfficeMart,Equipment,22311.33,Manager B,Operations,UPI,Bengaluru,False
TX002297,EMP005,Rohan,2026-01-03,TechSupply,Software,27374.63,Manager A,Operations,UPI,Delhi,False
TX002298,EMP005,Rohan,2026-02-05,CloudWorks,Travel,8385.22,Manager A,Engineering,Bank Transfer,Varanasi,False
TX002299,EMP001,Aarav,2026-07-15,EquipHub,Office,18685.28,Manager A,Operations,Card,Mumbai,False
TX002300,EMP004,Ishita,2026-08-19,OfficeMart,Software,15444.16,Manager A,Engineering,UPI,Varanasi,False
TX002301,EMP001,Aarav,2026-01-11,TechSupply,Travel,18753.55,Manager B,Operations,Card,Mumbai,False
TX002302,EMP002,Meera,2026-06-11,CloudWorks,Travel,14421.78,Manager B,Operations,UPI,Bengaluru,False
TX002303,EMP005,Rohan,2026-01-14,EquipHub,Travel,20379.66,Manager A,Finance,Bank Transfer,Varanasi,False
TX002304,EMP004,Ishita,2026-05-22,EquipHub,Travel,17939.63,Manager B,Finance,Bank Transfer,Varanasi,False
TX002305,EMP001,Aarav,2026-05-19,EquipHub,Equipment,25883.28,Manager B,Engineering,Bank Transfer,Bengaluru,False
TX002306,EMP003,Kabir,2026-02-02,EquipHub,Office,21840.86,Manager A,Engineering,UPI,Mumbai,False
TX002307,EMP002,Meera,2026-05-15,TravelDesk,Software,168144.7990277451,Manager A,Finance,Bank Transfer,Delhi,True
TX002308,EMP001,Aarav,2026-01-09,TravelDesk,Software,22585.38,Manager A,Operations,UPI,Delhi,False
TX002309,EMP004,Ishita,2026-02-02,OfficeMart,Office,17789.92,Manager A,Finance,Card,Mumbai,False
TX002310,EMP005,Rohan,2026-08-25,TechSupply,Software,12271.97,Manager B,Operations,Card,Delhi,False
TX002311,EMP005,Rohan,2026-03-08,TravelDesk,Equipment,15717.39,Manager B,Finance,UPI,Varanasi,False
TX002312,EMP005,Rohan,2026-01-14,TechSupply,Travel,168764.35607115735,Manager A,Operations,UPI,Bengaluru,True
TX002313,EMP001,Aarav,2026-04-25,TravelDesk,Software,19605.29,Manager B,Operations,UPI,Delhi,False
TX002314,EMP002,Meera,2026-01-16,EquipHub,Office,20451.76,Manager A,Operations,Bank Transfer,Mumbai,False
TX002315,EMP003,Kabir,2026-02-10,TechSupply,Software,30858.12,Manager B,Engineering,UPI,Mumbai,False
TX002316,EMP004,Ishita,2026-05-29,TechSupply,Software,21619.71,Manager B,Finance,UPI,Varanasi,False
TX002317,EMP001,Aarav,2026-06-26,CloudWorks,Travel,14526.43,Manager B,Engineering,Card,Delhi,False
TX002318,EMP002,Meera,2026-06-01,TravelDesk,Travel,19049.94,Manager B,Operations,Card,Delhi,False
TX002319,EMP003,Kabir,2026-08-19,TravelDesk,Software,17579.83,Manager B,Finance,Card,Bengaluru,False
TX002320,EMP004,Ishita,2026-08-07,TravelDesk,Office,21128.75,Manager B,Engineering,Card,Bengaluru,False
TX002321,EMP004,Ishita,2026-02-03,TechSupply,Equipment,13786.4,Manager A,Finance,Bank Transfer,Bengaluru,False
TX002322,EMP003,Kabir,2026-04-22,EquipHub,Office,6510.72,Manager B,Engineering,Bank Transfer,Delhi,False
TX002323,EMP003,Kabir,2026-03-30,TechSupply,Software,19359.56,Manager A,Operations,Bank Transfer,Mumbai,False
TX002324,EMP005,Rohan,2026-01-24,TechSupply,Equipment,24947.23,Manager B,Finance,Card,Varanasi,False
TX002325,EMP004,Ishita,2026-07-02,TravelDesk,Equipment,19669.96,Manager B,Finance,Card,Delhi,False
TX002326,EMP003,Kabir,2026-04-15,TravelDesk,Office,12674.92,Manager B,Finance,UPI,Mumbai,False
TX002327,EMP004,Ishita,2026-01-31,CloudWorks,Office,22728.46,Manager B,Finance,Card,Delhi,False
TX002328,EMP003,Kabir,2026-06-29,TravelDesk,Software,21877.05,Manager B,Finance,Card,Varanasi,False
TX002329,EMP001,Aarav,2026-04-14,CloudWorks,Equipment,9710.69,Manager B,Finance,Bank Transfer,Bengaluru,False
TX002330,EMP004,Ishita,2026-05-04,EquipHub,Office,15929.2,Manager B,Finance,UPI,Varanasi,False
TX002331,EMP001,Aarav,2026-01-13,EquipHub,Software,25219.36,Manager A,Operations,UPI,Varanasi,False
TX002332,EMP004,Ishita,2026-06-25,TravelDesk,Equipment,20423.27,Manager A,Operations,Bank Transfer,Bengaluru,False
TX002333,EMP001,Aarav,2026-08-20,OfficeMart,Office,21093.96,Manager A,Finance,Card,Varanasi,False
TX002334,EMP002,Meera,2026-05-12,TravelDesk,Equipment,23462.99,Manager B,Engineering,UPI,Varanasi,False
TX002335,EMP002,Meera,2026-08-04,CloudWorks,Office,36014.82,Manager B,Finance,Card,Bengaluru,False
TX002336,EMP001,Aarav,2026-04-20,TravelDesk,Software,21124.89,Manager A,Finance,Card,Varanasi,False
TX002337,EMP004,Ishita,2026-03-02,OfficeMart,Equipment,20629.82,Manager A,Finance,UPI,Varanasi,False
TX002338,EMP003,Kabir,2026-02-23,TechSupply,Equipment,20656.13,Manager A,Operations,Card,Delhi,False
TX002339,EMP005,Rohan,2026-06-15,TechSupply,Software,23948.9,Manager A,Operations,Card,Delhi,False
TX002340,EMP004,Ishita,2026-06-07,EquipHub,Office,22850.75,Manager A,Engineering,Card,Varanasi,False
TX002341,EMP001,Aarav,2026-08-11,OfficeMart,Equipment,17917.87,Manager A,Engineering,UPI,Delhi,False
TX002342,EMP003,Kabir,2026-01-19,TechSupply,Travel,25278.0,Manager A,Engineering,Bank Transfer,Mumbai,False
TX002343,EMP005,Rohan,2026-03-08,CloudWorks,Office,22194.66,Manager B,Finance,Card,Bengaluru,False
TX002344,EMP002,Meera,2026-06-18,TechSupply,Software,8717.17,Manager B,Operations,Bank Transfer,Varanasi,False
TX002345,EMP004,Ishita,2026-03-05,CloudWorks,Travel,17770.33,Manager B,Engineering,UPI,Mumbai,False
TX002346,EMP003,Kabir,2026-01-11,EquipHub,Travel,22184.02,Manager B,Operations,UPI,Delhi,False
TX002347,EMP005,Rohan,2026-05-16,TechSupply,Equipment,6736.37,Manager A,Finance,Card,Mumbai,False
TX002348,EMP001,Aarav,2026-06-20,OfficeMart,Equipment,12247.58,Manager A,Operations,Bank Transfer,Delhi,False
TX002349,EMP003,Kabir,2026-03-21,TechSupply,Office,13940.77,Manager A,Operations,UPI,Delhi,False
TX002350,EMP002,Meera,2026-05-12,TravelDesk,Software,24384.71,Manager A,Operations,Bank Transfer,Varanasi,False
TX002351,EMP001,Aarav,2026-08-04,CloudWorks,Equipment,25322.06,Manager B,Finance,UPI,Mumbai,False
TX002352,EMP002,Meera,2026-07-21,EquipHub,Equipment,14802.33,Manager B,Engineering,Bank Transfer,Varanasi,False
TX002353,EMP001,Aarav,2026-01-21,EquipHub,Equipment,29137.53,Manager B,Operations,Bank Transfer,Mumbai,False
TX002354,EMP002,Meera,2026-01-31,OfficeMart,Travel,21900.19,Manager A,Operations,Card,Bengaluru,False
TX002355,EMP004,Ishita,2026-01-13,TravelDesk,Equipment,131825.50935863677,Manager A,Finance,UPI,Delhi,True
TX002356,EMP003,Kabir,2026-08-04,CloudWorks,Travel,9456.39,Manager B,Operations,Bank Transfer,Mumbai,False
TX002357,EMP001,Aarav,2026-03-12,TravelDesk,Office,11028.58,Manager B,Operations,Bank Transfer,Varanasi,False
TX002358,EMP005,Rohan,2026-06-21,OfficeMart,Software,33165.33,Manager A,Engineering,UPI,Bengaluru,False
TX002359,EMP005,Rohan,2026-05-31,CloudWorks,Equipment,7222.73,Manager A,Engineering,UPI,Varanasi,False
TX002360,EMP005,Rohan,2026-02-15,TravelDesk,Equipment,11833.36,Manager A,Engineering,Card,Varanasi,False
TX002361,EMP004,Ishita,2026-03-26,EquipHub,Software,26610.1,Manager B,Finance,Bank Transfer,Mumbai,False
TX002362,EMP005,Rohan,2026-05-18,CloudWorks,Office,21550.37,Manager B,Finance,Card,Bengaluru,False
TX002363,EMP003,Kabir,2026-06-24,EquipHub,Office,21968.34,Manager B,Engineering,UPI,Delhi,False
TX002364,EMP005,Rohan,2026-02-11,CloudWorks,Travel,19908.6,Manager B,Finance,Card,Bengaluru,False
TX002365,EMP003,Kabir,2026-01-28,CloudWorks,Software,37371.43,Manager A,Engineering,UPI,Varanasi,False
TX002366,EMP001,Aarav,2026-07-25,TechSupply,Office,17352.73,Manager A,Finance,Card,Mumbai,False
TX002367,EMP005,Rohan,2026-04-27,TechSupply,Equipment,20623.21,Manager B,Engineering,Card,Mumbai,False
TX002368,EMP005,Rohan,2026-01-17,CloudWorks,Equipment,32140.41,Manager A,Operations,Bank Transfer,Mumbai,False
TX002369,EMP004,Ishita,2026-01-27,TravelDesk,Office,21182.56,Manager A,Operations,Bank Transfer,Delhi,False
TX002370,EMP003,Kabir,2026-01-07,TravelDesk,Office,27010.65,Manager A,Engineering,Card,Bengaluru,False
TX002371,EMP003,Kabir,2026-07-13,TravelDesk,Travel,33218.67,Manager B,Operations,Bank Transfer,Bengaluru,False
TX002372,EMP003,Kabir,2026-02-21,CloudWorks,Software,12145.77,Manager A,Engineering,Bank Transfer,Bengaluru,False
TX002373,EMP001,Aarav,2026-02-26,CloudWorks,Travel,20212.03,Manager A,Engineering,Card,Mumbai,False
TX002374,EMP002,Meera,2026-02-26,TechSupply,Travel,392530.66857134184,Manager B,Finance,UPI,Bengaluru,True
TX002375,EMP004,Ishita,2026-08-25,OfficeMart,Equipment,24926.82,Manager B,Operations,UPI,Bengaluru,False
TX002376,EMP002,Meera,2026-01-21,OfficeMart,Equipment,29216.69,Manager A,Finance,Bank Transfer,Mumbai,False
TX002377,EMP004,Ishita,2026-06-25,EquipHub,Travel,9985.25,Manager B,Operations,UPI,Bengaluru,False
TX002378,EMP004,Ishita,2026-05-01,TechSupply,Office,21264.88,Manager B,Engineering,Bank Transfer,Bengaluru,False
TX002379,EMP003,Kabir,2026-01-26,TechSupply,Software,14108.23,Manager A,Operations,Card,Varanasi,False
TX002380,EMP001,Aarav,2026-07-27,CloudWorks,Office,18146.05,Manager A,Operations,Card,Mumbai,False
TX002381,EMP004,Ishita,2026-07-02,CloudWorks,Office,15017.26,Manager B,Operations,Card,Mumbai,False
TX002382,EMP001,Aarav,2026-02-17,CloudWorks,Equipment,27253.28,Manager B,Operations,Bank Transfer,Bengaluru,False
TX002383,EMP001,Aarav,2026-08-05,TechSupply,Travel,25859.37,Manager A,Engineering,Card,Bengaluru,False
TX002384,EMP001,Aarav,2026-01-11,TechSupply,Software,9730.84,Manager A,Operations,UPI,Delhi,False
TX002385,EMP005,Rohan,2026-06-12,EquipHub,Software,30750.22,Manager A,Finance,Card,Bengaluru,False
TX002386,EMP004,Ishita,2026-05-06,EquipHub,Software,24008.52,Manager A,Operations,Bank Transfer,Mumbai,False
TX002387,EMP001,Aarav,2026-06-07,TravelDesk,Equipment,15335.39,Manager B,Engineering,Card,Delhi,False
TX002388,EMP004,Ishita,2026-02-21,TechSupply,Travel,17359.18,Manager A,Finance,UPI,Bengaluru,False
TX002389,EMP005,Rohan,2026-02-20,OfficeMart,Travel,18992.72,Manager A,Finance,Card,Bengaluru,False
TX002390,EMP004,Ishita,2026-05-30,EquipHub,Software,25199.21,Manager A,Finance,Card,Delhi,False
TX002391,EMP003,Kabir,2026-03-16,TechSupply,Travel,29718.72,Manager A,Operations,UPI,Delhi,False
TX002392,EMP001,Aarav,2026-07-30,CloudWorks,Software,16151.22,Manager A,Operations,Bank Transfer,Bengaluru,False
TX002393,EMP002,Meera,2026-07-31,CloudWorks,Travel,13698.01,Manager B,Operations,UPI,Mumbai,False
TX002394,EMP001,Aarav,2026-07-12,TravelDesk,Equipment,11744.43,Manager B,Engineering,Card,Delhi,False
TX002395,EMP002,Meera,2026-05-13,OfficeMart,Equipment,24591.62,Manager B,Operations,UPI,Bengaluru,False
TX002396,EMP001,Aarav,2026-04-24,TravelDesk,Software,17376.35,Manager A,Engineering,Bank Transfer,Bengaluru,False
TX002397,EMP001,Aarav,2026-03-09,TechSupply,Equipment,20946.74,Manager A,Engineering,Bank Transfer,Mumbai,False
TX002398,EMP001,Aarav,2026-06-27,OfficeMart,Office,17719.76,Manager A,Finance,Card,Delhi,False
TX002399,EMP001,Aarav,2026-07-29,CloudWorks,Travel,21049.85,Manager A,Finance,Bank Transfer,Mumbai,False
TX002400,EMP003,Kabir,2026-02-18,TechSupply,Equipment,21141.7,Manager B,Operations,Card,Mumbai,False
TX002401,EMP005,Rohan,2026-04-12,TravelDesk,Software,21025.85,Manager A,Operations,Card,Bengaluru,False
TX002402,EMP002,Meera,2026-05-12,OfficeMart,Travel,12118.63,Manager A,Operations,Bank Transfer,Mumbai,False
TX002403,EMP001,Aarav,2026-07-28,EquipHub,Equipment,13300.62,Manager A,Finance,Card,Mumbai,False
TX002404,EMP003,Kabir,2026-04-29,CloudWorks,Office,23093.32,Manager A,Engineering,UPI,Varanasi,False
TX002405,EMP002,Meera,2026-02-18,EquipHub,Travel,14728.94,Manager B,Engineering,Bank Transfer,Varanasi,False
TX002406,EMP003,Kabir,2026-05-26,TravelDesk,Software,15423.16,Manager B,Engineering,UPI,Mumbai,False
TX002407,EMP005,Rohan,2026-05-16,TravelDesk,Software,18741.32,Manager B,Finance,Card,Delhi,False
TX002408,EMP001,Aarav,2026-01-31,CloudWorks,Travel,22251.36,Manager A,Engineering,Card,Varanasi,False
TX002409,EMP004,Ishita,2026-06-09,OfficeMart,Office,22482.46,Manager B,Finance,UPI,Varanasi,False
TX002410,EMP001,Aarav,2026-01-27,EquipHub,Software,23332.64,Manager A,Finance,Card,Delhi,False
TX002411,EMP005,Rohan,2026-08-21,TechSupply,Office,27028.39,Manager B,Engineering,UPI,Bengaluru,False
TX002412,EMP004,Ishita,2026-02-28,TravelDesk,Office,25199.29,Manager B,Engineering,Card,Delhi,False
TX002413,EMP002,Meera,2026-04-02,EquipHub,Equipment,19997.07,Manager B,Engineering,UPI,Delhi,False
TX002414,EMP004,Ishita,2026-05-28,CloudWorks,Equipment,17907.51,Manager A,Finance,UPI,Bengaluru,False
TX002415,EMP003,Kabir,2026-07-15,OfficeMart,Software,14420.82,Manager A,Engineering,UPI,Mumbai,False
TX002416,EMP004,Ishita,2026-06-09,TechSupply,Office,7076.1,Manager A,Engineering,UPI,Mumbai,False
TX002417,EMP005,Rohan,2026-04-04,CloudWorks,Travel,22284.29,Manager B,Engineering,Card,Delhi,False
TX002418,EMP001,Aarav,2026-01-28,TechSupply,Software,11293.92,Manager B,Operations,Card,Varanasi,False
TX002419,EMP001,Aarav,2026-03-12,EquipHub,Equipment,27234.34,Manager B,Operations,Card,Varanasi,False
TX002420,EMP005,Rohan,2026-04-28,OfficeMart,Office,18317.24,Manager A,Operations,UPI,Delhi,False
TX002421,EMP004,Ishita,2026-04-03,TravelDesk,Office,19629.53,Manager B,Operations,UPI,Varanasi,False
TX002422,EMP002,Meera,2026-05-25,EquipHub,Software,19151.55,Manager B,Finance,Card,Mumbai,False
TX002423,EMP005,Rohan,2026-01-25,TravelDesk,Travel,16344.87,Manager B,Operations,Card,Delhi,False
TX002424,EMP003,Kabir,2026-08-17,EquipHub,Software,17124.97,Manager B,Finance,Card,Bengaluru,False
TX002425,EMP003,Kabir,2026-04-08,TechSupply,Software,16852.01,Manager B,Finance,Bank Transfer,Varanasi,False
TX002426,EMP004,Ishita,2026-05-09,TravelDesk,Equipment,475685.9729340943,Manager A,Operations,UPI,Mumbai,True
TX002427,EMP004,Ishita,2026-01-09,TechSupply,Office,14916.11,Manager B,Engineering,Card,Varanasi,False
TX002428,EMP005,Rohan,2026-07-25,OfficeMart,Software,18826.43,Manager B,Finance,Bank Transfer,Bengaluru,False
TX002429,EMP003,Kabir,2026-03-27,EquipHub,Travel,26347.44,Manager B,Operations,UPI,Bengaluru,False
TX002430,EMP002,Meera,2026-01-25,OfficeMart,Travel,23178.41,Manager A,Finance,UPI,Varanasi,False
TX002431,EMP002,Meera,2026-04-16,CloudWorks,Software,17920.49,Manager B,Finance,UPI,Delhi,False
TX002432,EMP003,Kabir,2026-05-26,OfficeMart,Travel,14549.32,Manager B,Finance,Bank Transfer,Bengaluru,False
TX002433,EMP004,Ishita,2026-07-18,TechSupply,Equipment,14513.26,Manager B,Operations,Card,Bengaluru,False
TX002434,EMP003,Kabir,2026-06-06,TechSupply,Office,12437.11,Manager B,Finance,Bank Transfer,Mumbai,False
TX002435,EMP001,Aarav,2026-03-04,TechSupply,Travel,17164.48,Manager A,Operations,Card,Varanasi,False
TX002436,EMP005,Rohan,2026-06-15,TechSupply,Software,19066.71,Manager B,Finance,UPI,Delhi,False
TX002437,EMP003,Kabir,2026-06-21,TravelDesk,Equipment,18052.89,Manager A,Finance,UPI,Mumbai,False
TX002438,EMP005,Rohan,2026-02-22,EquipHub,Software,6819.79,Manager B,Operations,Card,Varanasi,False
TX002439,EMP005,Rohan,2026-01-11,TravelDesk,Travel,14980.55,Manager A,Engineering,Card,Mumbai,False
TX002440,EMP004,Ishita,2026-06-10,EquipHub,Software,17818.28,Manager B,Engineering,Card,Mumbai,False
TX002441,EMP003,Kabir,2026-06-17,EquipHub,Equipment,11761.1,Manager B,Engineering,UPI,Varanasi,False
TX002442,EMP002,Meera,2026-02-21,TechSupply,Equipment,24448.67,Manager B,Engineering,Card,Varanasi,False
TX002443,EMP004,Ishita,2026-05-16,TechSupply,Software,26746.37,Manager B,Engineering,UPI,Bengaluru,False
TX002444,EMP002,Meera,2026-03-10,TravelDesk,Office,21516.25,Manager A,Finance,Bank Transfer,Varanasi,False
TX002445,EMP005,Rohan,2026-07-04,OfficeMart,Office,20432.56,Manager B,Operations,UPI,Delhi,False
TX002446,EMP005,Rohan,2026-06-30,OfficeMart,Office,28048.58,Manager B,Finance,UPI,Mumbai,False
TX002447,EMP004,Ishita,2026-05-04,OfficeMart,Travel,15852.8,Manager A,Engineering,Card,Bengaluru,False
TX002448,EMP001,Aarav,2026-04-13,TravelDesk,Office,12743.76,Manager A,Operations,Card,Varanasi,False
TX002449,EMP002,Meera,2026-01-30,TechSupply,Travel,21201.81,Manager B,Engineering,UPI,Mumbai,False
TX002450,EMP002,Meera,2026-06-16,OfficeMart,Office,9321.44,Manager A,Engineering,Card,Bengaluru,False
TX002451,EMP005,Rohan,2026-07-01,TravelDesk,Equipment,22147.21,Manager A,Engineering,UPI,Varanasi,False
TX002452,EMP003,Kabir,2026-06-16,OfficeMart,Equipment,23089.69,Manager B,Finance,UPI,Bengaluru,False
TX002453,EMP003,Kabir,2026-04-02,TravelDesk,Software,17742.79,Manager A,Operations,Bank Transfer,Varanasi,False
TX002454,EMP004,Ishita,2026-04-25,TechSupply,Travel,17087.15,Manager A,Operations,UPI,Bengaluru,False
TX002455,EMP003,Kabir,2026-01-22,EquipHub,Travel,16126.17,Manager A,Finance,Bank Transfer,Bengaluru,False
TX002456,EMP005,Rohan,2026-06-12,TechSupply,Software,33400.33,Manager B,Operations,UPI,Delhi,False
TX002457,EMP004,Ishita,2026-02-20,EquipHub,Software,12424.54,Manager A,Operations,Card,Delhi,False
TX002458,EMP003,Kabir,2026-03-11,OfficeMart,Travel,12315.27,Manager B,Operations,Bank Transfer,Varanasi,False
TX002459,EMP001,Aarav,2026-02-24,TechSupply,Office,24879.11,Manager A,Finance,UPI,Delhi,False
TX002460,EMP003,Kabir,2026-01-03,TravelDesk,Equipment,26422.49,Manager A,Engineering,Card,Varanasi,False
TX002461,EMP004,Ishita,2026-05-28,OfficeMart,Software,7846.61,Manager B,Finance,UPI,Delhi,False
TX002462,EMP003,Kabir,2026-02-18,CloudWorks,Office,20103.74,Manager B,Operations,UPI,Varanasi,False
TX002463,EMP004,Ishita,2026-08-08,OfficeMart,Equipment,17282.45,Manager B,Finance,Card,Delhi,False
TX002464,EMP003,Kabir,2026-06-17,TechSupply,Office,20639.11,Manager A,Operations,Bank Transfer,Mumbai,False
TX002465,EMP001,Aarav,2026-08-20,TravelDesk,Office,28302.18,Manager A,Operations,Bank Transfer,Bengaluru,False
TX002466,EMP003,Kabir,2026-06-19,TravelDesk,Equipment,25091.07,Manager B,Finance,Card,Delhi,False
TX002467,EMP001,Aarav,2026-04-12,CloudWorks,Office,18964.56,Manager B,Operations,Card,Bengaluru,False
TX002468,EMP002,Meera,2026-04-12,CloudWorks,Equipment,22334.25,Manager B,Finance,Card,Varanasi,False
TX002469,EMP001,Aarav,2026-08-16,CloudWorks,Travel,31266.87,Manager A,Engineering,UPI,Delhi,False
TX002470,EMP001,Aarav,2026-07-02,CloudWorks,Equipment,17806.11,Manager A,Finance,UPI,Bengaluru,False
TX002471,EMP004,Ishita,2026-07-22,TechSupply,Office,18623.85,Manager A,Engineering,Card,Varanasi,False
TX002472,EMP001,Aarav,2026-02-25,OfficeMart,Office,21626.65,Manager A,Finance,Card,Varanasi,False
TX002473,EMP005,Rohan,2026-01-07,TravelDesk,Software,19772.96,Manager B,Engineering,Card,Mumbai,False
TX002474,EMP004,Ishita,2026-04-30,EquipHub,Travel,26901.71,Manager A,Operations,UPI,Delhi,False
TX002475,EMP004,Ishita,2026-02-17,TravelDesk,Software,11849.65,Manager B,Finance,Card,Bengaluru,False
TX002476,EMP003,Kabir,2026-06-18,TechSupply,Office,209248.7473779984,Manager B,Engineering,Bank Transfer,Varanasi,True
TX002477,EMP004,Ishita,2026-07-26,TravelDesk,Software,10941.99,Manager B,Engineering,UPI,Delhi,False
TX002478,EMP001,Aarav,2026-04-15,TechSupply,Software,16845.61,Manager B,Finance,UPI,Delhi,False
TX002479,EMP005,Rohan,2026-06-27,EquipHub,Software,26771.83,Manager A,Finance,Card,Bengaluru,False
TX002480,EMP003,Kabir,2026-07-22,TechSupply,Software,28558.34,Manager A,Finance,Card,Delhi,False
TX002481,EMP001,Aarav,2026-07-29,TechSupply,Office,26110.96,Manager A,Finance,Card,Bengaluru,False
TX002482,EMP001,Aarav,2026-02-20,EquipHub,Office,25109.76,Manager A,Engineering,Bank Transfer,Bengaluru,False
TX002483,EMP005,Rohan,2026-06-22,OfficeMart,Equipment,22549.41,Manager B,Finance,Card,Bengaluru,False
TX002484,EMP003,Kabir,2026-04-12,TravelDesk,Office,7219.32,Manager B,Engineering,UPI,Mumbai,False
TX002485,EMP002,Meera,2026-08-04,EquipHub,Travel,23357.51,Manager A,Operations,Bank Transfer,Bengaluru,False
TX002486,EMP001,Aarav,2026-03-21,TechSupply,Software,25505.42,Manager A,Operations,Card,Bengaluru,False
TX002487,EMP002,Meera,2026-04-08,TechSupply,Office,24549.94,Manager B,Engineering,Card,Bengaluru,False
TX002488,EMP005,Rohan,2026-05-10,TechSupply,Software,26033.55,Manager B,Engineering,Card,Bengaluru,False
TX002489,EMP002,Meera,2026-04-13,TechSupply,Equipment,13950.23,Manager B,Operations,UPI,Varanasi,False
TX002490,EMP001,Aarav,2026-07-12,EquipHub,Software,28894.68,Manager A,Finance,Bank Transfer,Bengaluru,False
TX002491,EMP003,Kabir,2026-07-19,TravelDesk,Software,11009.35,Manager A,Finance,Bank Transfer,Mumbai,False
TX002492,EMP002,Meera,2026-01-25,EquipHub,Software,16993.35,Manager B,Finance,Card,Varanasi,False
TX002493,EMP004,Ishita,2026-07-22,TechSupply,Travel,23745.37,Manager A,Engineering,UPI,Varanasi,False
TX002494,EMP002,Meera,2026-07-03,EquipHub,Office,197843.51367192573,Manager B,Operations,UPI,Varanasi,True
TX002495,EMP005,Rohan,2026-04-23,TechSupply,Software,323038.91610371065,Manager B,Operations,Bank Transfer,Bengaluru,True
TX002496,EMP004,Ishita,2026-08-03,TechSupply,Equipment,25396.51,Manager A,Engineering,Bank Transfer,Bengaluru,False
TX002497,EMP001,Aarav,2026-07-06,TravelDesk,Equipment,12785.6,Manager A,Operations,Card,Delhi,False
TX002498,EMP005,Rohan,2026-05-12,TechSupply,Equipment,10101.79,Manager B,Operations,Bank Transfer,Bengaluru,False
TX002499,EMP001,Aarav,2026-07-01,TechSupply,Travel,23312.87,Manager A,Finance,Card,Bengaluru,False
TX002500,EMP005,Rohan,2026-07-17,TechSupply,Travel,22187.37,Manager B,Engineering,Bank Transfer,Delhi,False
TX002501,EMP005,Rohan,2026-08-06,TechSupply,Equipment,15808.87,Manager A,Engineering,UPI,Mumbai,False
TX002502,EMP005,Rohan,2026-08-26,TechSupply,Travel,17798.9,Manager A,Operations,UPI,Delhi,False
TX002503,EMP001,Aarav,2026-05-05,TravelDesk,Software,16214.33,Manager A,Finance,Bank Transfer,Varanasi,False
TX002504,EMP001,Aarav,2026-01-28,TravelDesk,Software,20206.66,Manager B,Engineering,Card,Varanasi,False
TX002505,EMP002,Meera,2026-08-21,TravelDesk,Travel,17599.81,Manager B,Finance,Card,Bengaluru,False
TX002506,EMP005,Rohan,2026-08-22,CloudWorks,Travel,20420.77,Manager A,Finance,Bank Transfer,Delhi,False
TX002507,EMP001,Aarav,2026-04-09,OfficeMart,Office,17737.83,Manager A,Engineering,Bank Transfer,Bengaluru,False
TX002508,EMP003,Kabir,2026-03-01,TechSupply,Office,17568.27,Manager B,Engineering,Bank Transfer,Varanasi,False
TX002509,EMP002,Meera,2026-01-22,CloudWorks,Travel,23797.73,Manager A,Finance,Card,Bengaluru,False
TX002510,EMP001,Aarav,2026-02-08,CloudWorks,Equipment,20577.54,Manager B,Engineering,UPI,Varanasi,False
TX002511,EMP003,Kabir,2026-02-16,TechSupply,Equipment,26452.22,Manager B,Engineering,Card,Varanasi,False
TX002512,EMP004,Ishita,2026-03-26,EquipHub,Equipment,27786.08,Manager A,Finance,Bank Transfer,Mumbai,False
TX002513,EMP005,Rohan,2026-06-21,OfficeMart,Equipment,22243.3,Manager B,Engineering,Card,Mumbai,False
TX002514,EMP004,Ishita,2026-04-19,OfficeMart,Travel,15867.05,Manager A,Engineering,Bank Transfer,Bengaluru,False
TX002515,EMP002,Meera,2026-02-24,TravelDesk,Software,13014.25,Manager A,Operations,Card,Varanasi,False
TX002516,EMP004,Ishita,2026-05-30,TravelDesk,Equipment,31571.0,Manager A,Finance,Card,Mumbai,False
TX002517,EMP002,Meera,2026-08-21,EquipHub,Travel,22088.03,Manager B,Operations,Card,Mumbai,False
TX002518,EMP005,Rohan,2026-03-15,TechSupply,Software,13247.02,Manager B,Finance,UPI,Delhi,False
TX002519,EMP004,Ishita,2026-02-13,EquipHub,Software,11298.48,Manager B,Engineering,Card,Mumbai,False
TX002520,EMP004,Ishita,2026-06-25,TechSupply,Travel,18330.81,Manager B,Operations,UPI,Mumbai,False
TX002521,EMP003,Kabir,2026-01-21,OfficeMart,Equipment,19768.42,Manager B,Engineering,Card,Varanasi,False
TX002522,EMP005,Rohan,2026-02-06,CloudWorks,Software,21438.9,Manager A,Engineering,Card,Mumbai,False
TX002523,EMP003,Kabir,2026-01-16,CloudWorks,Travel,13403.87,Manager B,Engineering,Bank Transfer,Delhi,False
TX002524,EMP001,Aarav,2026-01-24,TravelDesk,Equipment,23102.75,Manager A,Engineering,Bank Transfer,Delhi,False
TX002525,EMP001,Aarav,2026-04-14,CloudWorks,Software,16726.77,Manager B,Operations,UPI,Bengaluru,False
TX002526,EMP002,Meera,2026-08-27,EquipHub,Travel,27659.25,Manager B,Operations,Bank Transfer,Delhi,False
TX002527,EMP005,Rohan,2026-06-10,TechSupply,Equipment,13595.46,Manager A,Operations,Bank Transfer,Bengaluru,False
TX002528,EMP003,Kabir,2026-03-20,TravelDesk,Software,22775.82,Manager B,Operations,Card,Varanasi,False
TX002529,EMP004,Ishita,2026-05-27,EquipHub,Office,20778.71,Manager B,Engineering,UPI,Mumbai,False
TX002530,EMP003,Kabir,2026-01-30,TechSupply,Software,20789.81,Manager A,Engineering,UPI,Mumbai,False
TX002531,EMP005,Rohan,2026-05-11,CloudWorks,Office,11715.04,Manager B,Engineering,Card,Delhi,False
TX002532,EMP003,Kabir,2026-08-10,TravelDesk,Office,18947.27,Manager A,Finance,UPI,Delhi,False
TX002533,EMP004,Ishita,2026-02-17,CloudWorks,Software,12841.21,Manager B,Engineering,UPI,Varanasi,False
TX002534,EMP002,Meera,2026-01-04,EquipHub,Software,24734.31,Manager A,Operations,Card,Delhi,False
TX002535,EMP003,Kabir,2026-07-07,CloudWorks,Equipment,24280.3,Manager A,Operations,Card,Mumbai,False
TX002536,EMP005,Rohan,2026-07-12,TechSupply,Travel,23095.83,Manager A,Operations,Bank Transfer,Varanasi,False
TX002537,EMP005,Rohan,2026-03-21,TravelDesk,Office,23623.92,Manager A,Finance,Bank Transfer,Varanasi,False
TX002538,EMP005,Rohan,2026-05-09,EquipHub,Office,19855.83,Manager B,Engineering,Bank Transfer,Bengaluru,False
TX002539,EMP001,Aarav,2026-07-10,TechSupply,Equipment,19388.32,Manager B,Operations,Card,Delhi,False
TX002540,EMP005,Rohan,2026-07-29,CloudWorks,Equipment,8957.79,Manager A,Engineering,UPI,Bengaluru,False
TX002541,EMP002,Meera,2026-08-27,EquipHub,Travel,31400.72,Manager B,Finance,UPI,Varanasi,False
TX002542,EMP005,Rohan,2026-06-19,TravelDesk,Travel,31393.54,Manager A,Finance,Bank Transfer,Mumbai,False
TX002543,EMP003,Kabir,2026-03-14,OfficeMart,Software,22762.77,Manager A,Finance,UPI,Delhi,False
TX002544,EMP003,Kabir,2026-08-20,EquipHub,Office,18632.31,Manager A,Operations,UPI,Mumbai,False
TX002545,EMP004,Ishita,2026-04-29,CloudWorks,Travel,18851.63,Manager A,Engineering,Bank Transfer,Delhi,False
TX002546,EMP005,Rohan,2026-04-19,TechSupply,Equipment,22166.16,Manager A,Finance,UPI,Bengaluru,False
TX002547,EMP004,Ishita,2026-06-01,OfficeMart,Equipment,17284.95,Manager B,Engineering,UPI,Varanasi,False
TX002548,EMP005,Rohan,2026-04-03,TravelDesk,Travel,26029.85,Manager A,Operations,Card,Bengaluru,False
TX002549,EMP003,Kabir,2026-07-14,CloudWorks,Office,17504.39,Manager A,Operations,Card,Delhi,False
TX002550,EMP001,Aarav,2026-03-17,CloudWorks,Travel,12293.68,Manager A,Operations,Card,Bengaluru,False
TX002551,EMP002,Meera,2026-04-09,TravelDesk,Travel,19151.36,Manager A,Engineering,Bank Transfer,Varanasi,False
TX002552,EMP003,Kabir,2026-07-20,OfficeMart,Office,20786.94,Manager A,Operations,Card,Varanasi,False
TX002553,EMP001,Aarav,2026-08-25,TravelDesk,Travel,16824.85,Manager B,Finance,Card,Delhi,False
TX002554,EMP004,Ishita,2026-04-22,EquipHub,Office,23735.78,Manager B,Finance,Bank Transfer,Mumbai,False
TX002555,EMP002,Meera,2026-07-24,OfficeMart,Travel,23742.77,Manager A,Engineering,Bank Transfer,Bengaluru,False
TX002556,EMP005,Rohan,2026-02-21,TravelDesk,Equipment,15850.32,Manager B,Engineering,Card,Bengaluru,False
TX002557,EMP004,Ishita,2026-08-09,CloudWorks,Software,30076.18,Manager A,Engineering,Card,Mumbai,False
TX002558,EMP005,Rohan,2026-05-11,EquipHub,Software,26659.71,Manager B,Engineering,Card,Delhi,False
TX002559,EMP002,Meera,2026-06-02,TravelDesk,Travel,15783.85,Manager B,Engineering,Card,Delhi,False
TX002560,EMP004,Ishita,2026-06-13,TravelDesk,Travel,33162.18,Manager A,Operations,Bank Transfer,Varanasi,False
TX002561,EMP001,Aarav,2026-04-09,TravelDesk,Office,12427.62,Manager A,Operations,Bank Transfer,Mumbai,False
TX002562,EMP001,Aarav,2026-04-24,EquipHub,Travel,4472.19,Manager B,Engineering,Card,Mumbai,False
TX002563,EMP001,Aarav,2026-03-29,TravelDesk,Office,19904.02,Manager A,Engineering,UPI,Mumbai,False
TX002564,EMP002,Meera,2026-06-12,CloudWorks,Equipment,27290.23,Manager B,Operations,Bank Transfer,Mumbai,False
TX002565,EMP002,Meera,2026-06-20,TechSupply,Equipment,22344.85,Manager A,Finance,UPI,Mumbai,False
TX002566,EMP004,Ishita,2026-01-21,TravelDesk,Software,9946.95,Manager A,Operations,Bank Transfer,Delhi,False
TX002567,EMP004,Ishita,2026-02-15,TravelDesk,Equipment,23914.63,Manager B,Finance,UPI,Varanasi,False
TX002568,EMP003,Kabir,2026-05-16,EquipHub,Equipment,26935.33,Manager B,Engineering,Bank Transfer,Bengaluru,False
TX002569,EMP005,Rohan,2026-04-06,TechSupply,Equipment,16448.34,Manager A,Engineering,Card,Mumbai,False
TX002570,EMP005,Rohan,2026-03-01,OfficeMart,Travel,26496.2,Manager A,Operations,Card,Delhi,False
TX002571,EMP004,Ishita,2026-01-16,OfficeMart,Equipment,20190.82,Manager A,Engineering,Card,Bengaluru,False
TX002572,EMP004,Ishita,2026-05-12,EquipHub,Software,18804.56,Manager B,Finance,Card,Bengaluru,False
TX002573,EMP004,Ishita,2026-01-04,TravelDesk,Software,17539.69,Manager B,Operations,UPI,Mumbai,False
TX002574,EMP003,Kabir,2026-03-28,TravelDesk,Software,34459.98,Manager A,Engineering,Card,Varanasi,False
TX002575,EMP004,Ishita,2026-05-20,TravelDesk,Equipment,29601.76,Manager A,Engineering,Card,Varanasi,False
TX002576,EMP002,Meera,2026-06-16,TravelDesk,Office,11827.41,Manager B,Finance,Bank Transfer,Mumbai,False
TX002577,EMP004,Ishita,2026-06-10,EquipHub,Equipment,28917.64,Manager A,Engineering,UPI,Varanasi,False
TX002578,EMP001,Aarav,2026-06-01,OfficeMart,Travel,16045.64,Manager B,Engineering,UPI,Bengaluru,False
TX002579,EMP002,Meera,2026-02-21,OfficeMart,Travel,18345.74,Manager A,Finance,Bank Transfer,Delhi,False
TX002580,EMP002,Meera,2026-07-06,TravelDesk,Software,26877.93,Manager A,Finance,Bank Transfer,Bengaluru,False
TX002581,EMP001,Aarav,2026-08-26,TravelDesk,Office,11675.54,Manager B,Operations,UPI,Mumbai,False
TX002582,EMP005,Rohan,2026-08-17,EquipHub,Travel,29170.1,Manager A,Finance,Bank Transfer,Varanasi,False
TX002583,EMP004,Ishita,2026-01-25,CloudWorks,Office,28193.44,Manager B,Engineering,Card,Delhi,False
TX002584,EMP004,Ishita,2026-01-29,OfficeMart,Office,20464.53,Manager B,Finance,UPI,Delhi,False
TX002585,EMP002,Meera,2026-05-02,CloudWorks,Equipment,26747.43,Manager B,Operations,UPI,Bengaluru,False
TX002586,EMP004,Ishita,2026-08-24,EquipHub,Office,14641.47,Manager B,Finance,Bank Transfer,Delhi,False
TX002587,EMP005,Rohan,2026-01-18,EquipHub,Software,14748.67,Manager A,Operations,Card,Mumbai,False
TX002588,EMP004,Ishita,2026-03-20,TravelDesk,Office,23997.61,Manager A,Operations,Bank Transfer,Varanasi,False
TX002589,EMP003,Kabir,2026-03-26,TechSupply,Travel,27739.4,Manager B,Operations,Bank Transfer,Mumbai,False
TX002590,EMP003,Kabir,2026-06-15,EquipHub,Equipment,22922.17,Manager B,Operations,UPI,Bengaluru,False
TX002591,EMP002,Meera,2026-03-18,CloudWorks,Software,19464.23,Manager B,Operations,Card,Mumbai,False
TX002592,EMP002,Meera,2026-08-20,EquipHub,Equipment,24341.46,Manager B,Finance,Card,Bengaluru,False
TX002593,EMP005,Rohan,2026-05-17,TravelDesk,Travel,15995.59,Manager A,Finance,Bank Transfer,Delhi,False
TX002594,EMP002,Meera,2026-08-24,CloudWorks,Travel,26514.51,Manager B,Engineering,UPI,Varanasi,False
TX002595,EMP002,Meera,2026-01-23,TravelDesk,Software,20953.57,Manager A,Operations,UPI,Varanasi,False
TX002596,EMP001,Aarav,2026-04-12,TechSupply,Office,21164.43,Manager B,Operations,Card,Delhi,False
TX002597,EMP003,Kabir,2026-05-16,EquipHub,Equipment,26464.81,Manager A,Engineering,Bank Transfer,Varanasi,False
TX002598,EMP002,Meera,2026-07-06,TechSupply,Office,16410.8,Manager A,Finance,Bank Transfer,Bengaluru,False
TX002599,EMP002,Meera,2026-07-08,TechSupply,Software,28996.59,Manager B,Operations,UPI,Mumbai,False
TX002600,EMP005,Rohan,2026-03-05,EquipHub,Travel,19714.36,Manager B,Finance,Card,Delhi,False
TX002601,EMP002,Meera,2026-03-27,OfficeMart,Software,26810.76,Manager A,Engineering,Bank Transfer,Mumbai,False
TX002602,EMP002,Meera,2026-04-12,CloudWorks,Equipment,177010.10530076904,Manager A,Finance,UPI,Mumbai,True
TX002603,EMP003,Kabir,2026-06-15,CloudWorks,Travel,17623.43,Manager B,Operations,UPI,Varanasi,False
TX002604,EMP004,Ishita,2026-04-19,EquipHub,Office,14527.22,Manager B,Finance,UPI,Bengaluru,False
TX002605,EMP003,Kabir,2026-04-13,TravelDesk,Software,21783.78,Manager A,Engineering,Card,Varanasi,False
TX002606,EMP001,Aarav,2026-01-21,CloudWorks,Software,20188.86,Manager B,Engineering,Card,Delhi,False
TX002607,EMP001,Aarav,2026-07-04,CloudWorks,Office,20564.55,Manager A,Finance,Bank Transfer,Bengaluru,False
TX002608,EMP005,Rohan,2026-07-05,CloudWorks,Software,31862.96,Manager A,Operations,UPI,Delhi,False
TX002609,EMP001,Aarav,2026-03-01,EquipHub,Equipment,22671.94,Manager A,Engineering,UPI,Delhi,False
TX002610,EMP005,Rohan,2026-01-15,CloudWorks,Office,9106.51,Manager B,Finance,UPI,Mumbai,False
TX002611,EMP001,Aarav,2026-08-13,TravelDesk,Software,16007.07,Manager A,Operations,Card,Mumbai,False
TX002612,EMP005,Rohan,2026-05-25,CloudWorks,Equipment,26677.16,Manager B,Operations,UPI,Delhi,False
TX002613,EMP003,Kabir,2026-03-13,OfficeMart,Office,12967.98,Manager A,Engineering,Card,Bengaluru,False
TX002614,EMP001,Aarav,2026-07-30,TechSupply,Travel,23812.62,Manager A,Operations,UPI,Delhi,False
TX002615,EMP003,Kabir,2026-07-29,CloudWorks,Equipment,13258.59,Manager B,Finance,UPI,Delhi,False
TX002616,EMP005,Rohan,2026-04-02,CloudWorks,Software,19299.74,Manager B,Engineering,Card,Varanasi,False
TX002617,EMP005,Rohan,2026-03-03,OfficeMart,Travel,20257.61,Manager A,Engineering,UPI,Delhi,False
TX002618,EMP005,Rohan,2026-05-16,TechSupply,Equipment,21709.47,Manager A,Finance,UPI,Mumbai,False
TX002619,EMP005,Rohan,2026-02-01,OfficeMart,Travel,19256.63,Manager A,Engineering,Card,Mumbai,False
TX002620,EMP004,Ishita,2026-07-27,CloudWorks,Travel,28789.28,Manager A,Engineering,Card,Mumbai,False
TX002621,EMP003,Kabir,2026-08-24,OfficeMart,Equipment,30985.26,Manager A,Finance,Bank Transfer,Varanasi,False
TX002622,EMP005,Rohan,2026-08-06,EquipHub,Travel,21140.94,Manager A,Operations,UPI,Mumbai,False
TX002623,EMP003,Kabir,2026-02-17,EquipHub,Equipment,21755.7,Manager B,Finance,UPI,Varanasi,False
TX002624,EMP003,Kabir,2026-02-09,CloudWorks,Travel,19288.25,Manager B,Finance,Bank Transfer,Mumbai,False
TX002625,EMP001,Aarav,2026-04-03,EquipHub,Office,18651.92,Manager B,Finance,UPI,Delhi,False
TX002626,EMP004,Ishita,2026-03-07,TravelDesk,Equipment,19661.93,Manager A,Operations,UPI,Delhi,False
TX002627,EMP002,Meera,2026-02-08,OfficeMart,Software,17573.2,Manager A,Engineering,Card,Mumbai,False
TX002628,EMP001,Aarav,2026-08-18,OfficeMart,Office,44184.89,Manager B,Finance,Card,Varanasi,False
TX002629,EMP001,Aarav,2026-04-07,TravelDesk,Equipment,22040.55,Manager B,Engineering,Card,Mumbai,False
TX002630,EMP001,Aarav,2026-06-11,EquipHub,Travel,14423.33,Manager A,Operations,Bank Transfer,Varanasi,False
TX002631,EMP002,Meera,2026-08-19,TechSupply,Equipment,34103.36,Manager B,Finance,UPI,Delhi,False
TX002632,EMP001,Aarav,2026-02-03,EquipHub,Software,21555.84,Manager A,Finance,Bank Transfer,Bengaluru,False
TX002633,EMP002,Meera,2026-08-10,TechSupply,Office,14982.17,Manager B,Finance,Bank Transfer,Mumbai,False
TX002634,EMP002,Meera,2026-07-05,CloudWorks,Equipment,18685.83,Manager B,Engineering,Bank Transfer,Delhi,False
TX002635,EMP004,Ishita,2026-02-02,CloudWorks,Software,20463.37,Manager A,Engineering,Bank Transfer,Mumbai,False
TX002636,EMP001,Aarav,2026-01-05,CloudWorks,Software,25335.68,Manager B,Engineering,Bank Transfer,Mumbai,False
TX002637,EMP004,Ishita,2026-04-17,TravelDesk,Office,21706.43,Manager B,Finance,UPI,Bengaluru,False
TX002638,EMP003,Kabir,2026-08-25,EquipHub,Travel,21466.24,Manager A,Finance,UPI,Mumbai,False
TX002639,EMP001,Aarav,2026-05-18,TechSupply,Equipment,19790.4,Manager A,Engineering,UPI,Bengaluru,False
TX002640,EMP003,Kabir,2026-03-10,OfficeMart,Travel,13445.7,Manager A,Finance,Card,Mumbai,False
TX002641,EMP002,Meera,2026-05-29,TravelDesk,Software,18505.98,Manager B,Engineering,UPI,Delhi,False
TX002642,EMP004,Ishita,2026-03-29,OfficeMart,Software,146818.21704952553,Manager B,Operations,Bank Transfer,Varanasi,True
TX002643,EMP001,Aarav,2026-04-21,OfficeMart,Equipment,25695.86,Manager B,Engineering,Bank Transfer,Delhi,False
TX002644,EMP002,Meera,2026-03-14,TechSupply,Travel,10501.61,Manager B,Engineering,Bank Transfer,Bengaluru,False
TX002645,EMP005,Rohan,2026-04-13,TravelDesk,Office,28287.65,Manager A,Engineering,Bank Transfer,Bengaluru,False
TX002646,EMP004,Ishita,2026-04-24,OfficeMart,Software,18941.25,Manager B,Operations,Bank Transfer,Delhi,False
TX002647,EMP004,Ishita,2026-07-31,TravelDesk,Office,23517.09,Manager B,Engineering,Bank Transfer,Mumbai,False
TX002648,EMP001,Aarav,2026-06-22,CloudWorks,Office,23895.3,Manager A,Finance,UPI,Mumbai,False
TX002649,EMP002,Meera,2026-02-06,CloudWorks,Software,382765.70751202235,Manager B,Finance,UPI,Varanasi,True
TX002650,EMP002,Meera,2026-02-03,EquipHub,Software,29027.87,Manager A,Finance,Card,Delhi,False
TX002651,EMP003,Kabir,2026-07-24,CloudWorks,Equipment,19816.52,Manager A,Operations,Card,Mumbai,False
TX002652,EMP003,Kabir,2026-03-10,OfficeMart,Software,18108.65,Manager A,Finance,UPI,Varanasi,False
TX002653,EMP002,Meera,2026-06-10,OfficeMart,Software,22024.16,Manager B,Operations,Bank Transfer,Bengaluru,False
TX002654,EMP001,Aarav,2026-01-16,TechSupply,Equipment,18357.03,Manager A,Finance,UPI,Delhi,False
TX002655,EMP001,Aarav,2026-02-23,CloudWorks,Equipment,19509.53,Manager A,Engineering,UPI,Delhi,False
TX002656,EMP002,Meera,2026-03-07,TravelDesk,Equipment,21539.05,Manager B,Operations,Card,Delhi,False
TX002657,EMP002,Meera,2026-05-27,TravelDesk,Software,20550.62,Manager B,Operations,Card,Bengaluru,False
TX002658,EMP003,Kabir,2026-02-06,EquipHub,Software,22039.61,Manager A,Finance,UPI,Varanasi,False
TX002659,EMP005,Rohan,2026-07-29,TravelDesk,Software,17174.86,Manager B,Finance,UPI,Varanasi,False
TX002660,EMP002,Meera,2026-02-25,TechSupply,Software,27725.61,Manager A,Finance,Bank Transfer,Varanasi,False
TX002661,EMP001,Aarav,2026-02-04,TechSupply,Travel,16665.15,Manager A,Finance,Bank Transfer,Delhi,False
TX002662,EMP005,Rohan,2026-07-10,EquipHub,Software,9870.12,Manager A,Operations,Bank Transfer,Delhi,False
TX002663,EMP001,Aarav,2026-01-02,TechSupply,Office,15010.37,Manager B,Engineering,UPI,Delhi,False
TX002664,EMP003,Kabir,2026-05-13,CloudWorks,Office,20174.05,Manager B,Finance,Card,Bengaluru,False
TX002665,EMP004,Ishita,2026-01-26,TravelDesk,Software,23058.97,Manager B,Finance,Card,Varanasi,False
TX002666,EMP001,Aarav,2026-04-07,CloudWorks,Software,13450.13,Manager A,Operations,UPI,Delhi,False
TX002667,EMP003,Kabir,2026-05-20,TechSupply,Office,17738.91,Manager B,Engineering,Bank Transfer,Delhi,False
TX002668,EMP001,Aarav,2026-08-05,CloudWorks,Equipment,16507.8,Manager A,Finance,UPI,Mumbai,False
TX002669,EMP003,Kabir,2026-06-21,OfficeMart,Software,25162.14,Manager A,Engineering,UPI,Delhi,False
TX002670,EMP001,Aarav,2026-08-16,OfficeMart,Software,17697.86,Manager A,Engineering,Card,Delhi,False
TX002671,EMP002,Meera,2026-05-22,TravelDesk,Office,24823.34,Manager A,Operations,Bank Transfer,Delhi,False
TX002672,EMP004,Ishita,2026-08-02,CloudWorks,Office,23601.01,Manager A,Engineering,UPI,Delhi,False
TX002673,EMP003,Kabir,2026-04-22,OfficeMart,Software,29305.6,Manager A,Operations,Bank Transfer,Delhi,False
TX002674,EMP005,Rohan,2026-05-20,TechSupply,Software,24795.11,Manager A,Finance,UPI,Delhi,False
TX002675,EMP004,Ishita,2026-06-27,CloudWorks,Software,24817.99,Manager A,Finance,Card,Bengaluru,False
TX002676,EMP002,Meera,2026-08-16,TravelDesk,Software,23592.47,Manager A,Engineering,UPI,Delhi,False
TX002677,EMP003,Kabir,2026-02-21,OfficeMart,Travel,13473.53,Manager A,Finance,UPI,Mumbai,False
TX002678,EMP001,Aarav,2026-08-28,TravelDesk,Equipment,22940.07,Manager A,Finance,Card,Delhi,False
TX002679,EMP002,Meera,2026-01-22,TravelDesk,Software,19899.43,Manager B,Operations,UPI,Bengaluru,False
TX002680,EMP005,Rohan,2026-01-20,TechSupply,Office,24858.83,Manager B,Engineering,Card,Delhi,False
TX002681,EMP005,Rohan,2026-01-29,TechSupply,Software,20382.26,Manager A,Finance,UPI,Varanasi,False
TX002682,EMP002,Meera,2026-01-18,CloudWorks,Equipment,22877.14,Manager A,Finance,Card,Varanasi,False
TX002683,EMP004,Ishita,2026-07-19,CloudWorks,Office,20506.58,Manager B,Finance,Bank Transfer,Delhi,False
TX002684,EMP002,Meera,2026-05-07,TravelDesk,Equipment,23038.9,Manager B,Engineering,Card,Varanasi,False
TX002685,EMP003,Kabir,2026-05-14,TravelDesk,Travel,22164.59,Manager A,Engineering,Card,Mumbai,False
TX002686,EMP002,Meera,2026-05-12,OfficeMart,Equipment,27204.28,Manager A,Operations,UPI,Bengaluru,False
TX002687,EMP005,Rohan,2026-08-21,OfficeMart,Software,20887.07,Manager A,Finance,Bank Transfer,Delhi,False
TX002688,EMP005,Rohan,2026-06-29,TechSupply,Travel,22534.64,Manager A,Engineering,UPI,Mumbai,False
TX002689,EMP001,Aarav,2026-07-24,OfficeMart,Software,11131.04,Manager A,Operations,UPI,Delhi,False
TX002690,EMP003,Kabir,2026-07-18,CloudWorks,Software,23530.37,Manager A,Engineering,Bank Transfer,Varanasi,False
TX002691,EMP003,Kabir,2026-01-08,EquipHub,Travel,9826.97,Manager B,Finance,Bank Transfer,Delhi,False
TX002692,EMP004,Ishita,2026-02-04,TravelDesk,Software,27445.17,Manager A,Finance,Bank Transfer,Bengaluru,False
TX002693,EMP004,Ishita,2026-03-25,EquipHub,Software,18617.45,Manager A,Engineering,UPI,Delhi,False
TX002694,EMP005,Rohan,2026-02-24,EquipHub,Equipment,20988.69,Manager B,Finance,Card,Delhi,False
TX002695,EMP005,Rohan,2026-04-20,TechSupply,Travel,18985.38,Manager B,Finance,UPI,Bengaluru,False
TX002696,EMP004,Ishita,2026-04-21,EquipHub,Office,14558.91,Manager B,Finance,Card,Varanasi,False
TX002697,EMP003,Kabir,2026-04-17,CloudWorks,Office,19902.13,Manager B,Engineering,Card,Bengaluru,False
TX002698,EMP004,Ishita,2026-06-18,EquipHub,Travel,26967.96,Manager A,Engineering,Bank Transfer,Mumbai,False
TX002699,EMP003,Kabir,2026-08-24,OfficeMart,Travel,18066.69,Manager B,Engineering,Bank Transfer,Bengaluru,False
TX002700,EMP001,Aarav,2026-02-02,EquipHub,Equipment,24112.07,Manager A,Engineering,Card,Delhi,False
TX002701,EMP004,Ishita,2026-05-13,TechSupply,Travel,17627.29,Manager B,Operations,Card,Mumbai,False
TX002702,EMP002,Meera,2026-04-28,TravelDesk,Office,11188.25,Manager A,Finance,Bank Transfer,Mumbai,False
TX002703,EMP003,Kabir,2026-05-24,TechSupply,Office,12175.19,Manager A,Operations,Bank Transfer,Delhi,False
TX002704,EMP002,Meera,2026-02-05,TravelDesk,Software,6260.26,Manager B,Engineering,Bank Transfer,Varanasi,False
TX002705,EMP004,Ishita,2026-08-18,TechSupply,Travel,23528.38,Manager B,Finance,Bank Transfer,Bengaluru,False
TX002706,EMP001,Aarav,2026-02-12,OfficeMart,Office,12627.66,Manager B,Operations,UPI,Varanasi,False
TX002707,EMP004,Ishita,2026-05-16,OfficeMart,Software,26800.27,Manager A,Operations,UPI,Varanasi,False
TX002708,EMP002,Meera,2026-04-29,OfficeMart,Software,14967.34,Manager B,Finance,Card,Bengaluru,False
TX002709,EMP004,Ishita,2026-05-09,EquipHub,Equipment,15826.87,Manager B,Finance,UPI,Varanasi,False
TX002710,EMP002,Meera,2026-05-17,TravelDesk,Travel,28595.96,Manager A,Operations,Bank Transfer,Mumbai,False
TX002711,EMP001,Aarav,2026-07-26,CloudWorks,Travel,16357.2,Manager B,Operations,Bank Transfer,Varanasi,False
TX002712,EMP005,Rohan,2026-06-29,TechSupply,Office,15791.23,Manager A,Operations,UPI,Bengaluru,False
TX002713,EMP003,Kabir,2026-07-12,CloudWorks,Software,19868.43,Manager B,Operations,UPI,Delhi,False
TX002714,EMP003,Kabir,2026-03-14,TravelDesk,Office,14282.76,Manager B,Operations,UPI,Bengaluru,False
TX002715,EMP004,Ishita,2026-08-03,TechSupply,Software,26326.27,Manager B,Engineering,Bank Transfer,Delhi,False
TX002716,EMP001,Aarav,2026-07-23,EquipHub,Travel,13947.54,Manager B,Operations,Card,Mumbai,False
TX002717,EMP004,Ishita,2026-06-11,EquipHub,Software,23458.56,Manager B,Engineering,Bank Transfer,Mumbai,False
TX002718,EMP001,Aarav,2026-08-01,OfficeMart,Equipment,386205.9258867003,Manager A,Finance,UPI,Bengaluru,True
TX002719,EMP003,Kabir,2026-07-28,TechSupply,Equipment,21797.19,Manager B,Engineering,Card,Mumbai,False
TX002720,EMP003,Kabir,2026-08-14,TechSupply,Equipment,24834.4,Manager A,Engineering,Bank Transfer,Varanasi,False
TX002721,EMP002,Meera,2026-06-15,TravelDesk,Travel,20676.47,Manager A,Operations,Bank Transfer,Varanasi,False
TX002722,EMP004,Ishita,2026-06-21,OfficeMart,Office,14279.67,Manager B,Engineering,Card,Varanasi,False
TX002723,EMP002,Meera,2026-07-26,TravelDesk,Office,21183.31,Manager A,Operations,UPI,Mumbai,False
TX002724,EMP005,Rohan,2026-01-11,TechSupply,Office,23568.67,Manager B,Finance,Card,Mumbai,False
TX002725,EMP003,Kabir,2026-05-31,OfficeMart,Office,20852.82,Manager A,Finance,Card,Varanasi,False
TX002726,EMP004,Ishita,2026-05-10,OfficeMart,Software,18902.96,Manager A,Engineering,UPI,Varanasi,False
TX002727,EMP001,Aarav,2026-05-20,CloudWorks,Equipment,16270.69,Manager B,Engineering,UPI,Varanasi,False
TX002728,EMP002,Meera,2026-04-17,OfficeMart,Office,16378.95,Manager B,Engineering,UPI,Varanasi,False
TX002729,EMP002,Meera,2026-03-26,OfficeMart,Software,27698.96,Manager B,Engineering,Card,Bengaluru,False
TX002730,EMP005,Rohan,2026-05-31,OfficeMart,Equipment,22674.15,Manager B,Engineering,Bank Transfer,Bengaluru,False
TX002731,EMP001,Aarav,2026-02-10,TechSupply,Equipment,18923.01,Manager B,Finance,UPI,Mumbai,False
TX002732,EMP003,Kabir,2026-07-05,TravelDesk,Equipment,184219.86454078372,Manager A,Finance,UPI,Mumbai,True
TX002733,EMP005,Rohan,2026-07-22,TechSupply,Software,19993.25,Manager B,Finance,Bank Transfer,Varanasi,False
TX002734,EMP001,Aarav,2026-07-23,TechSupply,Office,15790.71,Manager B,Engineering,Bank Transfer,Mumbai,False
TX002735,EMP004,Ishita,2026-02-18,OfficeMart,Equipment,19681.76,Manager B,Engineering,UPI,Delhi,False
TX002736,EMP003,Kabir,2026-01-26,CloudWorks,Office,27115.0,Manager B,Finance,UPI,Mumbai,False
TX002737,EMP001,Aarav,2026-04-03,TechSupply,Office,24215.36,Manager B,Engineering,UPI,Bengaluru,False
TX002738,EMP002,Meera,2026-08-20,EquipHub,Software,12215.28,Manager B,Operations,UPI,Varanasi,False
TX002739,EMP005,Rohan,2026-06-25,EquipHub,Software,17709.63,Manager B,Operations,Bank Transfer,Bengaluru,False
TX002740,EMP004,Ishita,2026-08-27,OfficeMart,Software,20214.98,Manager B,Finance,Bank Transfer,Mumbai,False
TX002741,EMP004,Ishita,2026-01-20,TravelDesk,Equipment,27088.31,Manager A,Engineering,UPI,Varanasi,False
TX002742,EMP001,Aarav,2026-01-31,OfficeMart,Equipment,17637.87,Manager B,Engineering,UPI,Bengaluru,False
TX002743,EMP005,Rohan,2026-07-11,EquipHub,Office,26454.01,Manager B,Finance,Bank Transfer,Varanasi,False
TX002744,EMP002,Meera,2026-01-20,CloudWorks,Office,28716.74,Manager A,Engineering,UPI,Varanasi,False
TX002745,EMP004,Ishita,2026-06-18,OfficeMart,Software,18703.87,Manager A,Engineering,UPI,Delhi,False
TX002746,EMP003,Kabir,2026-04-26,CloudWorks,Office,16139.05,Manager A,Engineering,Bank Transfer,Delhi,False
TX002747,EMP004,Ishita,2026-01-04,TravelDesk,Software,23815.07,Manager B,Engineering,UPI,Varanasi,False
TX002748,EMP003,Kabir,2026-03-02,CloudWorks,Equipment,25946.23,Manager B,Finance,Bank Transfer,Delhi,False
TX002749,EMP004,Ishita,2026-01-04,OfficeMart,Office,23181.73,Manager A,Operations,Bank Transfer,Delhi,False
TX002750,EMP002,Meera,2026-07-24,OfficeMart,Travel,26061.27,Manager B,Finance,UPI,Varanasi,False
TX002751,EMP002,Meera,2026-06-13,EquipHub,Office,19743.34,Manager A,Finance,Card,Delhi,False
TX002752,EMP001,Aarav,2026-04-12,TechSupply,Travel,17498.83,Manager B,Operations,Card,Bengaluru,False
TX002753,EMP004,Ishita,2026-03-18,TechSupply,Equipment,21505.98,Manager A,Finance,UPI,Mumbai,False
TX002754,EMP005,Rohan,2026-03-06,TechSupply,Equipment,21825.1,Manager A,Operations,Bank Transfer,Delhi,False
TX002755,EMP004,Ishita,2026-03-25,CloudWorks,Equipment,25657.19,Manager A,Operations,Bank Transfer,Delhi,False
TX002756,EMP002,Meera,2026-08-24,CloudWorks,Travel,25015.66,Manager B,Finance,UPI,Bengaluru,False
TX002757,EMP003,Kabir,2026-05-09,TravelDesk,Travel,16176.75,Manager A,Engineering,Card,Delhi,False
TX002758,EMP003,Kabir,2026-01-10,TechSupply,Equipment,21988.26,Manager B,Operations,Card,Delhi,False
TX002759,EMP003,Kabir,2026-02-18,EquipHub,Office,25759.54,Manager B,Finance,UPI,Mumbai,False
TX002760,EMP004,Ishita,2026-01-13,TechSupply,Office,18291.11,Manager A,Engineering,UPI,Mumbai,False
TX002761,EMP001,Aarav,2026-05-17,CloudWorks,Travel,21807.92,Manager B,Operations,UPI,Mumbai,False
TX002762,EMP003,Kabir,2026-06-08,TechSupply,Travel,21452.45,Manager B,Finance,UPI,Mumbai,False
TX002763,EMP005,Rohan,2026-08-18,TravelDesk,Office,25319.89,Manager B,Engineering,Bank Transfer,Bengaluru,False
TX002764,EMP004,Ishita,2026-04-17,TechSupply,Travel,17076.24,Manager B,Engineering,UPI,Mumbai,False
TX002765,EMP005,Rohan,2026-01-30,CloudWorks,Equipment,24971.27,Manager B,Operations,Bank Transfer,Delhi,False
TX002766,EMP003,Kabir,2026-06-25,TravelDesk,Software,26461.39,Manager B,Engineering,UPI,Varanasi,False
TX002767,EMP003,Kabir,2026-05-02,EquipHub,Software,30209.12,Manager A,Operations,Card,Varanasi,False
TX002768,EMP001,Aarav,2026-06-28,CloudWorks,Office,22595.95,Manager A,Operations,UPI,Mumbai,False
TX002769,EMP005,Rohan,2026-04-09,OfficeMart,Office,21525.94,Manager A,Finance,Bank Transfer,Delhi,False
TX002770,EMP005,Rohan,2026-03-01,TravelDesk,Software,16705.27,Manager B,Engineering,Bank Transfer,Mumbai,False
TX002771,EMP004,Ishita,2026-06-07,TravelDesk,Office,10836.7,Manager A,Engineering,Card,Varanasi,False
TX002772,EMP002,Meera,2026-02-21,EquipHub,Travel,28861.65,Manager A,Finance,Card,Bengaluru,False
TX002773,EMP004,Ishita,2026-06-16,CloudWorks,Software,254805.92559801252,Manager A,Finance,Card,Bengaluru,True
TX002774,EMP004,Ishita,2026-05-24,EquipHub,Travel,22964.42,Manager A,Engineering,Bank Transfer,Mumbai,False
TX002775,EMP001,Aarav,2026-05-20,EquipHub,Office,17873.35,Manager A,Engineering,UPI,Delhi,False
TX002776,EMP004,Ishita,2026-05-23,EquipHub,Equipment,36221.82,Manager B,Finance,Card,Varanasi,False
TX002777,EMP001,Aarav,2026-04-26,EquipHub,Software,28466.59,Manager B,Engineering,Card,Varanasi,False
TX002778,EMP002,Meera,2026-02-13,TravelDesk,Travel,12831.79,Manager A,Finance,Card,Mumbai,False
TX002779,EMP005,Rohan,2026-06-03,CloudWorks,Equipment,31228.74,Manager B,Finance,UPI,Varanasi,False
TX002780,EMP003,Kabir,2026-08-07,TechSupply,Software,15604.05,Manager B,Finance,Bank Transfer,Varanasi,False
TX002781,EMP005,Rohan,2026-07-22,TravelDesk,Travel,25623.9,Manager B,Operations,Card,Delhi,False
TX002782,EMP004,Ishita,2026-08-11,CloudWorks,Software,14974.87,Manager B,Operations,Bank Transfer,Delhi,False
TX002783,EMP004,Ishita,2026-01-11,OfficeMart,Travel,17512.24,Manager A,Engineering,Card,Bengaluru,False
TX002784,EMP004,Ishita,2026-08-08,TechSupply,Office,24559.52,Manager B,Finance,Bank Transfer,Varanasi,False
TX002785,EMP003,Kabir,2026-08-16,TravelDesk,Software,18845.12,Manager B,Operations,Card,Bengaluru,False
TX002786,EMP005,Rohan,2026-04-29,TravelDesk,Travel,20798.47,Manager A,Finance,Card,Bengaluru,False
TX002787,EMP003,Kabir,2026-04-28,OfficeMart,Office,19445.76,Manager B,Engineering,UPI,Mumbai,False
TX002788,EMP001,Aarav,2026-02-18,EquipHub,Travel,23871.04,Manager A,Engineering,UPI,Delhi,False
TX002789,EMP001,Aarav,2026-01-23,TravelDesk,Office,21654.4,Manager B,Engineering,UPI,Bengaluru,False
TX002790,EMP002,Meera,2026-04-06,TechSupply,Office,29126.85,Manager B,Finance,Card,Varanasi,False
TX002791,EMP001,Aarav,2026-08-10,TechSupply,Office,11692.83,Manager A,Operations,Bank Transfer,Bengaluru,False
TX002792,EMP001,Aarav,2026-08-04,CloudWorks,Equipment,25411.61,Manager B,Operations,UPI,Delhi,False
TX002793,EMP005,Rohan,2026-03-15,EquipHub,Travel,13274.13,Manager A,Operations,Card,Mumbai,False
TX002794,EMP003,Kabir,2026-02-20,TravelDesk,Travel,22289.73,Manager B,Engineering,Card,Delhi,False
TX002795,EMP003,Kabir,2026-04-17,CloudWorks,Office,14516.2,Manager B,Engineering,UPI,Mumbai,False
TX002796,EMP003,Kabir,2026-07-27,OfficeMart,Travel,22591.8,Manager B,Engineering,Bank Transfer,Varanasi,False
TX002797,EMP004,Ishita,2026-02-27,TechSupply,Office,20577.01,Manager B,Finance,Card,Mumbai,False
TX002798,EMP001,Aarav,2026-03-29,TravelDesk,Travel,22831.36,Manager B,Engineering,Bank Transfer,Bengaluru,False
TX002799,EMP002,Meera,2026-06-16,TravelDesk,Travel,16584.84,Manager B,Operations,UPI,Mumbai,False
TX002800,EMP001,Aarav,2026-01-06,TravelDesk,Equipment,12634.12,Manager A,Operations,UPI,Bengaluru,False
TX002801,EMP001,Aarav,2026-03-15,TechSupply,Travel,21403.04,Manager A,Operations,Bank Transfer,Delhi,False
TX002802,EMP001,Aarav,2026-01-16,TravelDesk,Travel,9883.57,Manager B,Operations,UPI,Varanasi,False
TX002803,EMP002,Meera,2026-08-11,EquipHub,Equipment,30067.09,Manager B,Engineering,Card,Varanasi,False
TX002804,EMP002,Meera,2026-06-08,TravelDesk,Software,11163.05,Manager A,Engineering,Bank Transfer,Mumbai,False
TX002805,EMP003,Kabir,2026-07-08,CloudWorks,Equipment,26674.51,Manager A,Operations,UPI,Mumbai,False
TX002806,EMP004,Ishita,2026-07-10,EquipHub,Software,16487.87,Manager B,Operations,Bank Transfer,Mumbai,False
TX002807,EMP005,Rohan,2026-04-24,OfficeMart,Office,23333.76,Manager B,Operations,UPI,Bengaluru,False
TX002808,EMP005,Rohan,2026-01-30,TravelDesk,Software,20215.77,Manager B,Finance,Bank Transfer,Mumbai,False
TX002809,EMP001,Aarav,2026-03-21,TechSupply,Travel,23185.9,Manager A,Finance,UPI,Mumbai,False
TX002810,EMP004,Ishita,2026-03-17,OfficeMart,Equipment,24715.63,Manager A,Engineering,UPI,Mumbai,False
TX002811,EMP003,Kabir,2026-02-02,TechSupply,Software,19478.84,Manager A,Operations,Card,Mumbai,False
TX002812,EMP001,Aarav,2026-08-26,EquipHub,Equipment,4880.85,Manager B,Engineering,UPI,Mumbai,False
TX002813,EMP005,Rohan,2026-08-19,OfficeMart,Travel,13618.52,Manager B,Operations,Card,Varanasi,False
TX002814,EMP003,Kabir,2026-06-20,TravelDesk,Equipment,15587.05,Manager A,Engineering,Card,Mumbai,False
TX002815,EMP003,Kabir,2026-01-10,TravelDesk,Software,12995.46,Manager A,Engineering,UPI,Delhi,False
TX002816,EMP001,Aarav,2026-03-04,CloudWorks,Office,24207.05,Manager B,Finance,UPI,Delhi,False
TX002817,EMP005,Rohan,2026-02-22,TechSupply,Office,20403.93,Manager A,Finance,UPI,Varanasi,False
TX002818,EMP002,Meera,2026-02-24,TravelDesk,Equipment,30867.86,Manager A,Engineering,UPI,Varanasi,False
TX002819,EMP001,Aarav,2026-07-05,EquipHub,Software,15103.74,Manager B,Finance,Bank Transfer,Bengaluru,False
TX002820,EMP002,Meera,2026-08-21,TravelDesk,Equipment,21855.93,Manager B,Engineering,Card,Mumbai,False
TX002821,EMP003,Kabir,2026-05-28,OfficeMart,Office,13321.5,Manager A,Engineering,Bank Transfer,Bengaluru,False
TX002822,EMP002,Meera,2026-01-20,TravelDesk,Office,16622.43,Manager B,Finance,Bank Transfer,Varanasi,False
TX002823,EMP005,Rohan,2026-06-11,EquipHub,Office,19618.76,Manager A,Finance,Bank Transfer,Delhi,False
TX002824,EMP001,Aarav,2026-05-29,OfficeMart,Travel,16868.12,Manager A,Finance,Bank Transfer,Delhi,False
TX002825,EMP004,Ishita,2026-07-28,OfficeMart,Office,20098.23,Manager B,Operations,Bank Transfer,Delhi,False
TX002826,EMP004,Ishita,2026-08-21,EquipHub,Travel,19716.52,Manager A,Engineering,UPI,Bengaluru,False
TX002827,EMP002,Meera,2026-02-18,TravelDesk,Travel,11110.66,Manager A,Engineering,Card,Delhi,False
TX002828,EMP003,Kabir,2026-08-16,OfficeMart,Equipment,8904.65,Manager A,Operations,Bank Transfer,Mumbai,False
TX002829,EMP005,Rohan,2026-02-24,CloudWorks,Office,13074.2,Manager B,Operations,Card,Delhi,False
TX002830,EMP005,Rohan,2026-02-23,EquipHub,Travel,14025.37,Manager B,Engineering,UPI,Mumbai,False
TX002831,EMP004,Ishita,2026-01-08,TravelDesk,Travel,21957.33,Manager A,Operations,Bank Transfer,Mumbai,False
TX002832,EMP003,Kabir,2026-06-22,EquipHub,Travel,19135.78,Manager A,Finance,UPI,Delhi,False
TX002833,EMP004,Ishita,2026-03-14,EquipHub,Travel,12108.05,Manager B,Operations,Card,Bengaluru,False
TX002834,EMP002,Meera,2026-05-29,EquipHub,Software,29587.82,Manager A,Engineering,UPI,Mumbai,False
TX002835,EMP005,Rohan,2026-01-05,CloudWorks,Software,28891.74,Manager B,Operations,Card,Bengaluru,False
TX002836,EMP005,Rohan,2026-06-08,EquipHub,Office,22436.12,Manager B,Engineering,Card,Varanasi,False
TX002837,EMP005,Rohan,2026-05-09,OfficeMart,Office,15378.05,Manager B,Engineering,UPI,Mumbai,False
TX002838,EMP005,Rohan,2026-04-26,EquipHub,Software,23487.6,Manager A,Finance,Bank Transfer,Bengaluru,False
TX002839,EMP001,Aarav,2026-01-27,CloudWorks,Software,33416.13,Manager A,Finance,Bank Transfer,Mumbai,False
TX002840,EMP004,Ishita,2026-05-18,OfficeMart,Software,30383.07,Manager B,Finance,Card,Delhi,False
TX002841,EMP002,Meera,2026-02-06,CloudWorks,Travel,10516.02,Manager B,Finance,Bank Transfer,Delhi,False
TX002842,EMP004,Ishita,2026-01-24,OfficeMart,Equipment,15488.89,Manager A,Finance,Card,Bengaluru,False
TX002843,EMP001,Aarav,2026-06-15,CloudWorks,Travel,16393.55,Manager A,Finance,UPI,Varanasi,False
TX002844,EMP005,Rohan,2026-01-10,CloudWorks,Office,31136.04,Manager A,Finance,Card,Mumbai,False
TX002845,EMP005,Rohan,2026-02-11,TechSupply,Software,26697.17,Manager B,Operations,UPI,Bengaluru,False
TX002846,EMP003,Kabir,2026-08-22,TechSupply,Equipment,16469.65,Manager B,Engineering,Card,Mumbai,False
TX002847,EMP005,Rohan,2026-04-02,CloudWorks,Office,10775.73,Manager B,Operations,Bank Transfer,Mumbai,False
TX002848,EMP005,Rohan,2026-08-19,CloudWorks,Software,209972.6817364467,Manager B,Operations,UPI,Varanasi,True
TX002849,EMP001,Aarav,2026-02-01,TravelDesk,Software,27131.68,Manager B,Operations,Card,Varanasi,False
TX002850,EMP004,Ishita,2026-01-25,OfficeMart,Software,25967.09,Manager A,Operations,Card,Delhi,False
TX002851,EMP005,Rohan,2026-08-13,EquipHub,Travel,16176.05,Manager A,Engineering,UPI,Mumbai,False
TX002852,EMP001,Aarav,2026-04-12,OfficeMart,Travel,22553.88,Manager A,Engineering,Card,Delhi,False
TX002853,EMP001,Aarav,2026-06-27,EquipHub,Office,21723.44,Manager A,Operations,Card,Bengaluru,False
TX002854,EMP004,Ishita,2026-06-21,OfficeMart,Travel,19642.37,Manager A,Operations,Card,Delhi,False
TX002855,EMP002,Meera,2026-01-29,TechSupply,Travel,17608.62,Manager B,Finance,UPI,Bengaluru,False
TX002856,EMP004,Ishita,2026-06-19,CloudWorks,Travel,24825.34,Manager A,Finance,Card,Delhi,False
TX002857,EMP001,Aarav,2026-04-12,CloudWorks,Travel,16497.91,Manager A,Finance,Bank Transfer,Varanasi,False
TX002858,EMP004,Ishita,2026-02-25,EquipHub,Travel,21032.96,Manager B,Finance,Card,Mumbai,False
TX002859,EMP002,Meera,2026-08-04,OfficeMart,Office,9439.82,Manager A,Engineering,Card,Varanasi,False
TX002860,EMP001,Aarav,2026-04-13,TechSupply,Software,202493.9721362636,Manager A,Operations,Bank Transfer,Varanasi,True
TX002861,EMP001,Aarav,2026-03-09,EquipHub,Equipment,30206.08,Manager A,Finance,Card,Mumbai,False
TX002862,EMP005,Rohan,2026-07-01,TechSupply,Software,9579.41,Manager A,Engineering,UPI,Bengaluru,False
TX002863,EMP004,Ishita,2026-02-23,TechSupply,Travel,12229.43,Manager B,Finance,Bank Transfer,Delhi,False
TX002864,EMP005,Rohan,2026-08-07,TravelDesk,Office,7060.24,Manager A,Finance,UPI,Delhi,False
TX002865,EMP003,Kabir,2026-06-08,OfficeMart,Equipment,23101.84,Manager B,Operations,UPI,Mumbai,False
TX002866,EMP003,Kabir,2026-03-19,TravelDesk,Software,11114.27,Manager A,Finance,Card,Bengaluru,False
TX002867,EMP004,Ishita,2026-07-22,TravelDesk,Software,21210.14,Manager B,Engineering,Card,Delhi,False
TX002868,EMP001,Aarav,2026-07-15,TechSupply,Office,7915.5,Manager A,Operations,Card,Varanasi,False
TX002869,EMP005,Rohan,2026-01-26,CloudWorks,Equipment,21088.42,Manager A,Engineering,Bank Transfer,Varanasi,False
TX002870,EMP002,Meera,2026-01-06,OfficeMart,Travel,29633.22,Manager A,Finance,UPI,Varanasi,False
TX002871,EMP004,Ishita,2026-04-18,CloudWorks,Travel,17913.33,Manager B,Engineering,Bank Transfer,Delhi,False
TX002872,EMP003,Kabir,2026-04-18,CloudWorks,Travel,21954.46,Manager A,Finance,Bank Transfer,Bengaluru,False
TX002873,EMP001,Aarav,2026-05-09,TravelDesk,Software,15346.4,Manager B,Operations,UPI,Mumbai,False
TX002874,EMP004,Ishita,2026-03-26,CloudWorks,Equipment,19262.98,Manager B,Engineering,UPI,Varanasi,False
TX002875,EMP002,Meera,2026-01-04,CloudWorks,Equipment,10975.42,Manager B,Operations,Bank Transfer,Bengaluru,False
TX002876,EMP003,Kabir,2026-06-04,CloudWorks,Travel,21756.32,Manager A,Operations,Card,Delhi,False
TX002877,EMP003,Kabir,2026-03-24,CloudWorks,Travel,18358.9,Manager A,Operations,Card,Mumbai,False
TX002878,EMP001,Aarav,2026-04-10,TravelDesk,Office,17531.46,Manager B,Finance,UPI,Mumbai,False
TX002879,EMP002,Meera,2026-08-27,TechSupply,Equipment,14114.18,Manager A,Engineering,Card,Varanasi,False
TX002880,EMP003,Kabir,2026-03-30,TechSupply,Equipment,27029.47,Manager A,Operations,Card,Mumbai,False
TX002881,EMP003,Kabir,2026-03-11,EquipHub,Travel,394597.5904813039,Manager A,Finance,Card,Bengaluru,True
TX002882,EMP005,Rohan,2026-05-27,TravelDesk,Travel,24364.34,Manager A,Finance,Card,Delhi,False
TX002883,EMP001,Aarav,2026-02-02,OfficeMart,Software,20283.48,Manager B,Finance,UPI,Delhi,False
TX002884,EMP001,Aarav,2026-04-03,CloudWorks,Software,25411.15,Manager A,Engineering,Bank Transfer,Bengaluru,False
TX002885,EMP005,Rohan,2026-08-20,EquipHub,Office,16623.69,Manager B,Finance,Bank Transfer,Delhi,False
TX002886,EMP001,Aarav,2026-01-13,EquipHub,Travel,26319.01,Manager A,Engineering,Card,Delhi,False
TX002887,EMP001,Aarav,2026-06-01,OfficeMart,Travel,18004.64,Manager A,Engineering,UPI,Mumbai,False
TX002888,EMP005,Rohan,2026-05-26,EquipHub,Software,5708.14,Manager A,Operations,Bank Transfer,Delhi,False
TX002889,EMP004,Ishita,2026-01-16,EquipHub,Software,16665.55,Manager A,Operations,Card,Varanasi,False
TX002890,EMP004,Ishita,2026-05-06,TechSupply,Software,15382.38,Manager A,Finance,Bank Transfer,Delhi,False
TX002891,EMP003,Kabir,2026-06-25,CloudWorks,Office,20085.31,Manager B,Engineering,UPI,Bengaluru,False
TX002892,EMP004,Ishita,2026-02-27,CloudWorks,Software,28303.78,Manager A,Finance,UPI,Varanasi,False
TX002893,EMP005,Rohan,2026-08-26,TechSupply,Travel,30091.07,Manager A,Engineering,Bank Transfer,Delhi,False
TX002894,EMP005,Rohan,2026-01-08,TravelDesk,Equipment,39925.24,Manager A,Operations,Bank Transfer,Mumbai,False
TX002895,EMP003,Kabir,2026-01-31,TravelDesk,Software,21541.45,Manager A,Finance,Card,Varanasi,False
TX002896,EMP001,Aarav,2026-01-17,OfficeMart,Travel,33824.03,Manager A,Engineering,UPI,Varanasi,False
TX002897,EMP001,Aarav,2026-01-25,CloudWorks,Office,37304.05,Manager A,Operations,Card,Bengaluru,False
TX002898,EMP003,Kabir,2026-03-10,EquipHub,Equipment,22689.14,Manager A,Operations,Bank Transfer,Mumbai,False
TX002899,EMP002,Meera,2026-05-28,CloudWorks,Software,16029.67,Manager A,Finance,UPI,Delhi,False
TX002900,EMP003,Kabir,2026-07-03,OfficeMart,Software,24594.9,Manager B,Engineering,Card,Bengaluru,False
TX002901,EMP005,Rohan,2026-02-11,OfficeMart,Office,12563.76,Manager A,Operations,Card,Mumbai,False
TX002902,EMP001,Aarav,2026-06-23,EquipHub,Equipment,18735.83,Manager B,Finance,Bank Transfer,Mumbai,False
TX002903,EMP002,Meera,2026-06-20,EquipHub,Equipment,17938.46,Manager A,Finance,UPI,Bengaluru,False
TX002904,EMP005,Rohan,2026-07-23,TravelDesk,Equipment,6999.34,Manager A,Operations,Card,Bengaluru,False
TX002905,EMP002,Meera,2026-02-20,TechSupply,Office,18606.16,Manager B,Finance,UPI,Varanasi,False
TX002906,EMP003,Kabir,2026-04-26,CloudWorks,Software,25420.43,Manager A,Operations,UPI,Mumbai,False
TX002907,EMP003,Kabir,2026-02-07,OfficeMart,Equipment,23720.93,Manager B,Operations,Card,Delhi,False
TX002908,EMP001,Aarav,2026-08-16,TechSupply,Equipment,10364.55,Manager A,Engineering,Card,Mumbai,False
TX002909,EMP004,Ishita,2026-04-08,OfficeMart,Office,7271.02,Manager A,Engineering,Bank Transfer,Bengaluru,False
TX002910,EMP003,Kabir,2026-04-26,TravelDesk,Equipment,21988.05,Manager B,Finance,Bank Transfer,Delhi,False
TX002911,EMP004,Ishita,2026-07-13,TravelDesk,Office,27316.8,Manager B,Operations,Card,Varanasi,False
TX002912,EMP002,Meera,2026-07-10,OfficeMart,Software,220256.87283300408,Manager B,Engineering,Card,Varanasi,True
TX002913,EMP003,Kabir,2026-07-28,CloudWorks,Travel,9283.71,Manager B,Operations,Bank Transfer,Varanasi,False
TX002914,EMP003,Kabir,2026-04-07,TravelDesk,Office,22639.5,Manager B,Finance,Card,Varanasi,False
TX002915,EMP002,Meera,2026-01-18,EquipHub,Office,18919.11,Manager B,Engineering,Bank Transfer,Bengaluru,False
TX002916,EMP003,Kabir,2026-05-26,TravelDesk,Software,37605.57,Manager A,Operations,Bank Transfer,Varanasi,False
TX002917,EMP004,Ishita,2026-03-25,OfficeMart,Travel,14161.17,Manager B,Operations,Card,Bengaluru,False
TX002918,EMP005,Rohan,2026-08-15,TechSupply,Travel,12493.58,Manager A,Finance,UPI,Varanasi,False
TX002919,EMP003,Kabir,2026-03-04,OfficeMart,Equipment,25811.38,Manager A,Engineering,Card,Bengaluru,False
TX002920,EMP002,Meera,2026-06-27,TravelDesk,Equipment,11649.93,Manager B,Operations,Card,Bengaluru,False
TX002921,EMP001,Aarav,2026-07-21,EquipHub,Equipment,17962.11,Manager A,Finance,UPI,Bengaluru,False
TX002922,EMP002,Meera,2026-05-05,CloudWorks,Office,21375.51,Manager A,Engineering,Bank Transfer,Bengaluru,False
TX002923,EMP004,Ishita,2026-07-04,OfficeMart,Office,17742.89,Manager A,Operations,UPI,Delhi,False
TX002924,EMP005,Rohan,2026-02-18,TechSupply,Equipment,23399.91,Manager A,Finance,Card,Varanasi,False
TX002925,EMP002,Meera,2026-01-28,OfficeMart,Software,26055.93,Manager B,Finance,Bank Transfer,Mumbai,False
TX002926,EMP002,Meera,2026-08-06,TravelDesk,Software,23225.55,Manager B,Finance,UPI,Bengaluru,False
TX002927,EMP003,Kabir,2026-08-20,CloudWorks,Office,24782.9,Manager A,Operations,Card,Bengaluru,False
TX002928,EMP004,Ishita,2026-08-14,EquipHub,Travel,23780.21,Manager A,Finance,Card,Delhi,False
TX002929,EMP001,Aarav,2026-07-14,TechSupply,Travel,22081.49,Manager B,Engineering,Card,Delhi,False
TX002930,EMP002,Meera,2026-08-21,EquipHub,Office,19801.53,Manager A,Finance,Card,Delhi,False
TX002931,EMP001,Aarav,2026-03-16,EquipHub,Equipment,33309.65,Manager B,Finance,Card,Bengaluru,False
TX002932,EMP004,Ishita,2026-03-12,TravelDesk,Software,23932.14,Manager B,Engineering,Bank Transfer,Bengaluru,False
TX002933,EMP002,Meera,2026-05-22,CloudWorks,Travel,24817.64,Manager A,Operations,UPI,Delhi,False
TX002934,EMP004,Ishita,2026-07-20,TechSupply,Software,11708.77,Manager A,Finance,Card,Varanasi,False
TX002935,EMP001,Aarav,2026-03-17,TravelDesk,Software,29506.24,Manager A,Operations,Bank Transfer,Bengaluru,False
TX002936,EMP002,Meera,2026-02-23,EquipHub,Travel,21945.74,Manager B,Engineering,Bank Transfer,Bengaluru,False
TX002937,EMP001,Aarav,2026-04-29,CloudWorks,Software,19566.1,Manager B,Finance,Bank Transfer,Delhi,False
TX002938,EMP002,Meera,2026-06-22,TravelDesk,Office,23605.8,Manager B,Finance,Card,Bengaluru,False
TX002939,EMP003,Kabir,2026-01-07,TechSupply,Software,23224.39,Manager B,Engineering,UPI,Mumbai,False
TX002940,EMP005,Rohan,2026-08-27,EquipHub,Equipment,29715.18,Manager B,Operations,Card,Delhi,False
TX002941,EMP005,Rohan,2026-04-18,OfficeMart,Travel,32075.93,Manager A,Operations,Bank Transfer,Mumbai,False
TX002942,EMP001,Aarav,2026-03-12,OfficeMart,Equipment,19099.88,Manager A,Engineering,UPI,Varanasi,False
TX002943,EMP005,Rohan,2026-05-24,OfficeMart,Equipment,21790.81,Manager A,Engineering,Bank Transfer,Delhi,False
TX002944,EMP003,Kabir,2026-01-18,TravelDesk,Office,24477.65,Manager A,Engineering,Bank Transfer,Mumbai,False
TX002945,EMP003,Kabir,2026-02-14,CloudWorks,Office,15315.64,Manager B,Finance,Card,Mumbai,False
TX002946,EMP005,Rohan,2026-01-25,CloudWorks,Travel,17420.89,Manager B,Operations,UPI,Mumbai,False
TX002947,EMP002,Meera,2026-03-05,OfficeMart,Office,18003.89,Manager B,Finance,UPI,Delhi,False
TX002948,EMP004,Ishita,2026-01-31,EquipHub,Software,21529.54,Manager A,Engineering,Card,Varanasi,False
TX002949,EMP005,Rohan,2026-01-26,TravelDesk,Travel,27734.54,Manager A,Engineering,Bank Transfer,Bengaluru,False
TX002950,EMP003,Kabir,2026-01-03,OfficeMart,Equipment,21209.62,Manager A,Finance,Card,Delhi,False
TX002951,EMP002,Meera,2026-02-16,EquipHub,Equipment,22811.76,Manager A,Operations,UPI,Bengaluru,False
TX002952,EMP001,Aarav,2026-07-14,TechSupply,Software,20302.32,Manager A,Finance,Card,Mumbai,False
TX002953,EMP001,Aarav,2026-07-12,TravelDesk,Equipment,31990.82,Manager B,Operations,UPI,Delhi,False
TX002954,EMP001,Aarav,2026-04-29,EquipHub,Equipment,23868.66,Manager A,Operations,Card,Delhi,False
TX002955,EMP002,Meera,2026-01-03,OfficeMart,Office,9083.96,Manager A,Operations,UPI,Bengaluru,False
TX002956,EMP003,Kabir,2026-05-10,CloudWorks,Office,22584.38,Manager A,Finance,Bank Transfer,Varanasi,False
TX002957,EMP002,Meera,2026-02-25,OfficeMart,Software,27366.02,Manager A,Engineering,UPI,Varanasi,False
TX002958,EMP005,Rohan,2026-02-25,CloudWorks,Equipment,16541.75,Manager A,Engineering,Card,Delhi,False
TX002959,EMP001,Aarav,2026-06-11,EquipHub,Office,25419.67,Manager B,Engineering,UPI,Delhi,False
TX002960,EMP003,Kabir,2026-08-26,EquipHub,Equipment,22953.33,Manager B,Operations,UPI,Bengaluru,False
TX002961,EMP004,Ishita,2026-07-16,TravelDesk,Equipment,26976.24,Manager A,Operations,UPI,Varanasi,False
TX002962,EMP004,Ishita,2026-05-11,CloudWorks,Software,13637.28,Manager B,Operations,Card,Delhi,False
TX002963,EMP004,Ishita,2026-03-15,EquipHub,Office,18522.2,Manager A,Finance,Card,Varanasi,False
TX002964,EMP002,Meera,2026-04-28,TechSupply,Travel,12799.74,Manager A,Operations,Bank Transfer,Varanasi,False
TX002965,EMP001,Aarav,2026-05-18,EquipHub,Office,25715.32,Manager B,Operations,Card,Delhi,False
TX002966,EMP004,Ishita,2026-02-25,EquipHub,Office,20473.67,Manager A,Operations,UPI,Bengaluru,False
TX002967,EMP002,Meera,2026-07-01,EquipHub,Travel,21444.47,Manager B,Engineering,Card,Delhi,False
TX002968,EMP002,Meera,2026-03-30,EquipHub,Office,21325.75,Manager A,Engineering,Card,Delhi,False
TX002969,EMP003,Kabir,2026-02-02,OfficeMart,Software,15770.92,Manager B,Operations,Bank Transfer,Bengaluru,False
TX002970,EMP001,Aarav,2026-04-05,TechSupply,Travel,8709.27,Manager A,Engineering,Card,Mumbai,False
TX002971,EMP002,Meera,2026-04-19,TechSupply,Software,20717.32,Manager B,Finance,Bank Transfer,Delhi,False
TX002972,EMP001,Aarav,2026-02-16,TechSupply,Equipment,12145.61,Manager A,Operations,UPI,Bengaluru,False
TX002973,EMP003,Kabir,2026-08-16,EquipHub,Travel,20504.82,Manager A,Engineering,UPI,Delhi,False
TX002974,EMP003,Kabir,2026-07-01,EquipHub,Equipment,18683.8,Manager A,Finance,UPI,Varanasi,False
TX002975,EMP003,Kabir,2026-02-11,EquipHub,Office,21795.8,Manager A,Finance,Bank Transfer,Bengaluru,False
TX002976,EMP005,Rohan,2026-08-24,TechSupply,Office,29431.42,Manager B,Engineering,UPI,Delhi,False
TX002977,EMP001,Aarav,2026-04-16,OfficeMart,Office,18739.44,Manager A,Finance,UPI,Mumbai,False
TX002978,EMP003,Kabir,2026-07-09,EquipHub,Software,25486.15,Manager A,Finance,Card,Delhi,False
TX002979,EMP001,Aarav,2026-08-27,OfficeMart,Software,17129.79,Manager A,Engineering,Card,Mumbai,False
TX002980,EMP002,Meera,2026-02-23,EquipHub,Equipment,14047.31,Manager B,Finance,Bank Transfer,Varanasi,False
TX002981,EMP001,Aarav,2026-06-04,TechSupply,Equipment,22708.18,Manager B,Engineering,Bank Transfer,Varanasi,False
TX002982,EMP001,Aarav,2026-08-08,TechSupply,Equipment,17833.69,Manager B,Engineering,Card,Mumbai,False
TX002983,EMP001,Aarav,2026-07-13,TechSupply,Office,19279.81,Manager B,Operations,UPI,Bengaluru,False
TX002984,EMP005,Rohan,2026-05-04,CloudWorks,Office,14520.84,Manager A,Operations,Bank Transfer,Mumbai,False
TX002985,EMP001,Aarav,2026-03-01,TechSupply,Equipment,21536.49,Manager A,Engineering,UPI,Mumbai,False
TX002986,EMP003,Kabir,2026-01-07,TravelDesk,Travel,22510.06,Manager B,Engineering,Bank Transfer,Delhi,False
TX002987,EMP005,Rohan,2026-07-08,CloudWorks,Travel,9612.84,Manager B,Operations,UPI,Mumbai,False
TX002988,EMP005,Rohan,2026-05-11,CloudWorks,Equipment,22266.59,Manager B,Finance,Card,Mumbai,False
TX002989,EMP001,Aarav,2026-02-09,TechSupply,Software,17643.77,Manager B,Operations,UPI,Varanasi,False
TX002990,EMP004,Ishita,2026-07-17,TravelDesk,Equipment,17114.46,Manager B,Finance,Bank Transfer,Delhi,False
TX002991,EMP003,Kabir,2026-06-30,EquipHub,Office,13196.17,Manager A,Operations,Bank Transfer,Delhi,False
TX002992,EMP001,Aarav,2026-07-09,TravelDesk,Office,34329.48,Manager A,Engineering,Card,Bengaluru,False
TX002993,EMP002,Meera,2026-06-22,EquipHub,Office,29370.28,Manager A,Engineering,Card,Mumbai,False
TX002994,EMP005,Rohan,2026-07-13,OfficeMart,Software,13319.72,Manager B,Finance,Card,Bengaluru,False
TX002995,EMP005,Rohan,2026-03-28,TravelDesk,Travel,7652.77,Manager B,Finance,UPI,Delhi,False
TX002996,EMP001,Aarav,2026-04-10,CloudWorks,Office,24671.05,Manager A,Engineering,UPI,Mumbai,False
TX002997,EMP003,Kabir,2026-04-01,CloudWorks,Travel,6556.58,Manager B,Operations,UPI,Mumbai,False
TX002998,EMP004,Ishita,2026-03-26,OfficeMart,Software,18846.03,Manager B,Operations,UPI,Mumbai,False
TX002999,EMP001,Aarav,2026-01-02,OfficeMart,Travel,26213.85,Manager B,Operations,UPI,Varanasi,False
TX003000,EMP004,Ishita,2026-04-05,EquipHub,Office,13087.66,Manager B,Engineering,Bank Transfer,Varanasi,False
TX003001,EMP004,Ishita,2026-06-26,CloudWorks,Equipment,14459.04,Manager B,Finance,Bank Transfer,Bengaluru,False
TX003002,EMP002,Meera,2026-02-15,OfficeMart,Software,8397.24,Manager A,Engineering,Bank Transfer,Mumbai,False
TX003003,EMP003,Kabir,2026-04-11,TravelDesk,Travel,12849.64,Manager B,Engineering,Bank Transfer,Delhi,False
TX003004,EMP005,Rohan,2026-08-26,TravelDesk,Office,6157.87,Manager B,Finance,Bank Transfer,Mumbai,False
TX003005,EMP002,Meera,2026-07-16,EquipHub,Office,29761.08,Manager A,Operations,Bank Transfer,Bengaluru,False
TX003006,EMP002,Meera,2026-05-07,TechSupply,Software,19673.42,Manager A,Engineering,Bank Transfer,Mumbai,False
TX003007,EMP001,Aarav,2026-03-22,EquipHub,Office,17771.56,Manager A,Finance,UPI,Bengaluru,False
TX003008,EMP005,Rohan,2026-06-24,EquipHub,Office,16649.98,Manager B,Finance,Card,Bengaluru,False
TX003009,EMP003,Kabir,2026-03-20,EquipHub,Office,29608.7,Manager B,Engineering,Bank Transfer,Mumbai,False
TX003010,EMP002,Meera,2026-07-19,TravelDesk,Equipment,24747.95,Manager B,Finance,Bank Transfer,Delhi,False
TX003011,EMP002,Meera,2026-05-24,EquipHub,Equipment,20807.19,Manager B,Finance,UPI,Bengaluru,False
TX003012,EMP002,Meera,2026-04-20,OfficeMart,Office,24124.64,Manager A,Finance,UPI,Mumbai,False
TX003013,EMP005,Rohan,2026-07-04,OfficeMart,Equipment,14234.31,Manager B,Finance,Card,Varanasi,False
TX003014,EMP002,Meera,2026-04-12,CloudWorks,Equipment,26748.49,Manager B,Engineering,UPI,Mumbai,False
TX003015,EMP002,Meera,2026-02-26,OfficeMart,Office,26513.7,Manager B,Finance,UPI,Bengaluru,False
TX003016,EMP004,Ishita,2026-01-22,EquipHub,Equipment,20604.71,Manager B,Operations,Card,Delhi,False
TX003017,EMP001,Aarav,2026-05-21,CloudWorks,Office,24455.46,Manager B,Operations,Bank Transfer,Delhi,False
TX003018,EMP005,Rohan,2026-03-06,TravelDesk,Office,15037.25,Manager A,Operations,Card,Delhi,False
TX003019,EMP005,Rohan,2026-01-18,EquipHub,Software,23012.7,Manager B,Finance,Card,Varanasi,False
TX003020,EMP004,Ishita,2026-03-18,CloudWorks,Travel,31245.69,Manager B,Finance,Card,Bengaluru,False
TX003021,EMP002,Meera,2026-05-18,TechSupply,Office,18477.91,Manager A,Operations,UPI,Delhi,False
TX003022,EMP003,Kabir,2026-05-19,TechSupply,Equipment,15147.5,Manager B,Engineering,Card,Varanasi,False
TX003023,EMP003,Kabir,2026-08-05,TechSupply,Equipment,23968.26,Manager B,Finance,Card,Mumbai,False
TX003024,EMP003,Kabir,2026-05-14,OfficeMart,Office,13086.56,Manager A,Engineering,Bank Transfer,Mumbai,False
TX003025,EMP005,Rohan,2026-07-06,TechSupply,Travel,21040.42,Manager B,Operations,UPI,Bengaluru,False
TX003026,EMP005,Rohan,2026-07-25,EquipHub,Office,27289.52,Manager A,Engineering,Bank Transfer,Delhi,False
TX003027,EMP005,Rohan,2026-03-24,CloudWorks,Travel,29015.91,Manager A,Finance,UPI,Varanasi,False
TX003028,EMP003,Kabir,2026-03-23,TechSupply,Equipment,14897.17,Manager A,Operations,Bank Transfer,Delhi,False
TX003029,EMP001,Aarav,2026-04-13,OfficeMart,Travel,10699.52,Manager B,Operations,UPI,Mumbai,False
TX003030,EMP003,Kabir,2026-08-10,TechSupply,Software,21259.62,Manager A,Operations,Bank Transfer,Bengaluru,False
TX003031,EMP004,Ishita,2026-03-23,TechSupply,Travel,19991.51,Manager B,Operations,Bank Transfer,Mumbai,False
TX003032,EMP001,Aarav,2026-06-03,TravelDesk,Equipment,23732.66,Manager B,Operations,Card,Bengaluru,False
TX003033,EMP005,Rohan,2026-06-28,TechSupply,Travel,31886.53,Manager B,Finance,Card,Bengaluru,False
TX003034,EMP003,Kabir,2026-02-16,OfficeMart,Equipment,25611.15,Manager B,Engineering,Card,Delhi,False
TX003035,EMP004,Ishita,2026-08-09,EquipHub,Software,21306.31,Manager A,Engineering,UPI,Varanasi,False
TX003036,EMP004,Ishita,2026-08-04,EquipHub,Office,27613.06,Manager B,Operations,Card,Delhi,False
TX003037,EMP005,Rohan,2026-04-21,CloudWorks,Travel,26637.12,Manager B,Operations,Card,Bengaluru,False
TX003038,EMP004,Ishita,2026-07-10,CloudWorks,Equipment,9875.14,Manager B,Finance,Card,Varanasi,False
TX003039,EMP002,Meera,2026-02-18,OfficeMart,Office,12516.31,Manager B,Engineering,Bank Transfer,Delhi,False
TX003040,EMP002,Meera,2026-05-14,TechSupply,Equipment,13411.28,Manager A,Finance,Card,Delhi,False
TX003041,EMP005,Rohan,2026-04-21,OfficeMart,Equipment,20337.91,Manager A,Engineering,Card,Varanasi,False
TX003042,EMP001,Aarav,2026-03-24,EquipHub,Software,15689.84,Manager B,Finance,Bank Transfer,Mumbai,False
TX003043,EMP004,Ishita,2026-06-13,TechSupply,Travel,19104.45,Manager B,Engineering,Card,Varanasi,False
TX003044,EMP004,Ishita,2026-05-23,TravelDesk,Software,35165.6,Manager B,Operations,Card,Delhi,False
TX003045,EMP004,Ishita,2026-01-02,TravelDesk,Office,19168.55,Manager B,Engineering,Bank Transfer,Delhi,False
TX003046,EMP004,Ishita,2026-01-20,TravelDesk,Software,23544.37,Manager A,Operations,UPI,Delhi,False
TX003047,EMP003,Kabir,2026-08-08,OfficeMart,Travel,10962.17,Manager B,Finance,UPI,Mumbai,False
TX003048,EMP004,Ishita,2026-07-01,TechSupply,Software,20801.02,Manager A,Finance,UPI,Mumbai,False
TX003049,EMP004,Ishita,2026-07-03,EquipHub,Travel,18781.3,Manager B,Engineering,UPI,Bengaluru,False
TX003050,EMP001,Aarav,2026-05-27,OfficeMart,Office,18670.55,Manager B,Finance,Bank Transfer,Delhi,False
TX003051,EMP003,Kabir,2026-03-07,TravelDesk,Equipment,17733.94,Manager B,Engineering,UPI,Mumbai,False
TX003052,EMP001,Aarav,2026-03-28,EquipHub,Software,21894.38,Manager A,Engineering,Card,Bengaluru,False
TX003053,EMP002,Meera,2026-03-12,TravelDesk,Equipment,22226.82,Manager A,Operations,Bank Transfer,Bengaluru,False
TX003054,EMP005,Rohan,2026-04-01,EquipHub,Travel,15236.93,Manager B,Operations,Bank Transfer,Bengaluru,False
TX003055,EMP002,Meera,2026-03-11,EquipHub,Software,15863.06,Manager B,Engineering,UPI,Varanasi,False
TX003056,EMP002,Meera,2026-01-23,EquipHub,Equipment,21208.3,Manager A,Engineering,UPI,Bengaluru,False
TX003057,EMP002,Meera,2026-04-05,CloudWorks,Software,20945.05,Manager A,Operations,Card,Bengaluru,False
TX003058,EMP002,Meera,2026-07-14,TravelDesk,Office,27740.8,Manager B,Engineering,Bank Transfer,Bengaluru,False
TX003059,EMP005,Rohan,2026-08-05,EquipHub,Equipment,16293.18,Manager A,Operations,UPI,Bengaluru,False
TX003060,EMP002,Meera,2026-03-23,TravelDesk,Travel,14018.32,Manager B,Operations,UPI,Delhi,False
TX003061,EMP002,Meera,2026-05-19,EquipHub,Office,19979.55,Manager A,Operations,Card,Varanasi,False
TX003062,EMP005,Rohan,2026-01-14,TravelDesk,Travel,16438.16,Manager A,Operations,Card,Mumbai,False
TX003063,EMP004,Ishita,2026-04-18,EquipHub,Travel,11645.84,Manager B,Finance,Card,Delhi,False
TX003064,EMP001,Aarav,2026-05-07,OfficeMart,Travel,22299.69,Manager B,Finance,UPI,Mumbai,False
TX003065,EMP004,Ishita,2026-07-27,CloudWorks,Software,13638.97,Manager B,Operations,UPI,Bengaluru,False
TX003066,EMP004,Ishita,2026-08-07,OfficeMart,Travel,3976.44,Manager B,Engineering,Bank Transfer,Bengaluru,False
TX003067,EMP004,Ishita,2026-08-18,EquipHub,Equipment,27334.55,Manager A,Engineering,UPI,Varanasi,False
TX003068,EMP003,Kabir,2026-06-29,TechSupply,Equipment,27283.97,Manager B,Finance,UPI,Varanasi,False
TX003069,EMP005,Rohan,2026-02-14,CloudWorks,Travel,310956.3829102838,Manager A,Engineering,Bank Transfer,Mumbai,True
TX003070,EMP002,Meera,2026-04-17,CloudWorks,Software,19143.09,Manager B,Finance,UPI,Bengaluru,False
TX003071,EMP004,Ishita,2026-02-18,TechSupply,Software,8071.23,Manager A,Finance,Bank Transfer,Mumbai,False
TX003072,EMP003,Kabir,2026-07-21,OfficeMart,Software,15134.1,Manager B,Finance,Bank Transfer,Mumbai,False
TX003073,EMP003,Kabir,2026-06-10,EquipHub,Software,23660.88,Manager A,Engineering,UPI,Delhi,False
TX003074,EMP001,Aarav,2026-05-23,TravelDesk,Software,19160.94,Manager B,Engineering,UPI,Bengaluru,False
TX003075,EMP002,Meera,2026-03-21,CloudWorks,Software,12793.53,Manager B,Operations,UPI,Bengaluru,False
TX003076,EMP003,Kabir,2026-03-05,OfficeMart,Office,35001.59,Manager A,Finance,Bank Transfer,Mumbai,False
TX003077,EMP003,Kabir,2026-08-17,TravelDesk,Equipment,18302.36,Manager B,Engineering,Card,Varanasi,False
TX003078,EMP005,Rohan,2026-02-24,OfficeMart,Equipment,18377.77,Manager A,Engineering,UPI,Delhi,False
TX003079,EMP004,Ishita,2026-04-30,EquipHub,Equipment,26689.91,Manager B,Operations,Bank Transfer,Bengaluru,False
TX003080,EMP004,Ishita,2026-01-09,TravelDesk,Equipment,20014.57,Manager A,Engineering,Bank Transfer,Mumbai,False
TX003081,EMP005,Rohan,2026-07-20,TechSupply,Software,12428.76,Manager A,Operations,Bank Transfer,Varanasi,False
TX003082,EMP003,Kabir,2026-01-17,CloudWorks,Equipment,10978.96,Manager B,Engineering,Bank Transfer,Varanasi,False
TX003083,EMP005,Rohan,2026-08-17,TechSupply,Office,22973.26,Manager A,Finance,UPI,Delhi,False
TX003084,EMP005,Rohan,2026-04-26,EquipHub,Software,25368.23,Manager A,Finance,Card,Varanasi,False
TX003085,EMP002,Meera,2026-06-07,CloudWorks,Software,23455.28,Manager A,Engineering,Card,Bengaluru,False
TX003086,EMP005,Rohan,2026-06-10,TechSupply,Office,15726.19,Manager B,Engineering,UPI,Mumbai,False
TX003087,EMP002,Meera,2026-05-30,CloudWorks,Equipment,16517.93,Manager B,Engineering,Bank Transfer,Bengaluru,False
TX003088,EMP004,Ishita,2026-08-08,OfficeMart,Software,17380.06,Manager B,Operations,UPI,Varanasi,False
TX003089,EMP005,Rohan,2026-01-15,TechSupply,Office,275055.0140603849,Manager B,Operations,Card,Mumbai,True
TX003090,EMP002,Meera,2026-07-06,TechSupply,Equipment,13270.22,Manager B,Engineering,Bank Transfer,Mumbai,False
TX003091,EMP005,Rohan,2026-01-10,CloudWorks,Travel,11153.47,Manager A,Finance,UPI,Mumbai,False
TX003092,EMP003,Kabir,2026-08-07,TravelDesk,Office,27481.68,Manager A,Finance,Card,Varanasi,False
TX003093,EMP005,Rohan,2026-04-14,CloudWorks,Office,30847.83,Manager A,Engineering,UPI,Mumbai,False
TX003094,EMP002,Meera,2026-04-29,OfficeMart,Equipment,12626.71,Manager B,Operations,Bank Transfer,Bengaluru,False
TX003095,EMP005,Rohan,2026-05-29,CloudWorks,Office,34431.48,Manager A,Finance,UPI,Delhi,False
TX003096,EMP004,Ishita,2026-02-26,TechSupply,Office,13825.99,Manager B,Finance,Bank Transfer,Delhi,False
TX003097,EMP004,Ishita,2026-03-17,TechSupply,Equipment,11995.56,Manager A,Engineering,Bank Transfer,Bengaluru,False
TX003098,EMP003,Kabir,2026-01-06,CloudWorks,Equipment,22321.97,Manager A,Operations,Bank Transfer,Mumbai,False
TX003099,EMP002,Meera,2026-07-14,TechSupply,Software,11364.66,Manager B,Operations,Card,Mumbai,False
TX003100,EMP002,Meera,2026-03-14,TravelDesk,Software,20519.43,Manager B,Operations,UPI,Mumbai,False
TX003101,EMP005,Rohan,2026-03-19,CloudWorks,Equipment,15862.82,Manager A,Finance,UPI,Varanasi,False
TX003102,EMP001,Aarav,2026-08-20,EquipHub,Travel,16469.1,Manager A,Finance,Bank Transfer,Varanasi,False
TX003103,EMP002,Meera,2026-07-10,EquipHub,Travel,261.94,Manager B,Engineering,Bank Transfer,Varanasi,False
TX003104,EMP001,Aarav,2026-05-10,OfficeMart,Software,21453.21,Manager A,Finance,Bank Transfer,Bengaluru,False
TX003105,EMP004,Ishita,2026-01-10,EquipHub,Office,14068.08,Manager A,Finance,Card,Varanasi,False
TX003106,EMP004,Ishita,2026-04-21,TechSupply,Software,28471.52,Manager A,Operations,Bank Transfer,Bengaluru,False
TX003107,EMP003,Kabir,2026-01-25,TravelDesk,Software,26311.51,Manager B,Engineering,Bank Transfer,Bengaluru,False
TX003108,EMP003,Kabir,2026-08-17,EquipHub,Equipment,21395.43,Manager B,Operations,UPI,Mumbai,False
TX003109,EMP003,Kabir,2026-08-24,TravelDesk,Travel,11585.2,Manager A,Engineering,Bank Transfer,Delhi,False
TX003110,EMP003,Kabir,2026-08-09,OfficeMart,Software,19449.17,Manager A,Finance,UPI,Bengaluru,False
TX003111,EMP002,Meera,2026-08-19,EquipHub,Software,23110.19,Manager A,Finance,Bank Transfer,Varanasi,False
TX003112,EMP004,Ishita,2026-03-02,OfficeMart,Travel,20905.83,Manager A,Operations,UPI,Delhi,False
TX003113,EMP002,Meera,2026-04-29,CloudWorks,Travel,29825.59,Manager A,Engineering,Card,Bengaluru,False
TX003114,EMP003,Kabir,2026-07-14,TravelDesk,Software,14642.91,Manager A,Engineering,UPI,Varanasi,False
TX003115,EMP001,Aarav,2026-01-11,CloudWorks,Travel,26856.51,Manager A,Engineering,Card,Varanasi,False
TX003116,EMP003,Kabir,2026-07-18,OfficeMart,Office,20805.19,Manager B,Engineering,Card,Delhi,False
TX003117,EMP005,Rohan,2026-03-13,EquipHub,Office,15571.71,Manager B,Engineering,Bank Transfer,Mumbai,False
TX003118,EMP003,Kabir,2026-05-05,TechSupply,Equipment,21663.29,Manager A,Operations,UPI,Delhi,False
TX003119,EMP001,Aarav,2026-04-07,EquipHub,Office,18988.21,Manager B,Operations,Card,Bengaluru,False
TX003120,EMP005,Rohan,2026-03-09,CloudWorks,Equipment,6381.68,Manager A,Finance,Bank Transfer,Varanasi,False
TX003121,EMP005,Rohan,2026-03-23,TravelDesk,Office,21099.64,Manager B,Finance,UPI,Varanasi,False
TX003122,EMP004,Ishita,2026-03-03,EquipHub,Software,20037.82,Manager A,Engineering,Card,Bengaluru,False
TX003123,EMP002,Meera,2026-06-12,OfficeMart,Travel,19040.34,Manager B,Operations,UPI,Bengaluru,False
TX003124,EMP003,Kabir,2026-03-09,TravelDesk,Office,26708.3,Manager B,Engineering,Bank Transfer,Mumbai,False
TX003125,EMP002,Meera,2026-08-10,OfficeMart,Software,19819.94,Manager B,Finance,Bank Transfer,Varanasi,False
TX003126,EMP003,Kabir,2026-01-09,OfficeMart,Travel,20758.78,Manager B,Engineering,Card,Bengaluru,False
TX003127,EMP003,Kabir,2026-08-27,OfficeMart,Office,22527.85,Manager A,Engineering,Bank Transfer,Delhi,False
TX003128,EMP001,Aarav,2026-04-23,EquipHub,Software,13119.28,Manager B,Engineering,UPI,Varanasi,False
TX003129,EMP003,Kabir,2026-02-13,OfficeMart,Travel,21274.85,Manager A,Engineering,UPI,Varanasi,False
TX003130,EMP004,Ishita,2026-06-06,EquipHub,Equipment,21648.64,Manager B,Engineering,Card,Varanasi,False
TX003131,EMP004,Ishita,2026-05-17,OfficeMart,Equipment,16100.83,Manager B,Operations,Card,Varanasi,False
TX003132,EMP005,Rohan,2026-04-28,TechSupply,Software,18683.61,Manager A,Operations,Bank Transfer,Varanasi,False
TX003133,EMP002,Meera,2026-03-22,TechSupply,Office,21940.2,Manager A,Finance,Bank Transfer,Mumbai,False
TX003134,EMP003,Kabir,2026-06-18,TravelDesk,Equipment,18191.43,Manager B,Engineering,UPI,Bengaluru,False
TX003135,EMP004,Ishita,2026-04-20,TechSupply,Software,37937.77,Manager A,Operations,Card,Mumbai,False
TX003136,EMP001,Aarav,2026-02-15,OfficeMart,Software,17774.8,Manager B,Finance,Bank Transfer,Varanasi,False
TX003137,EMP003,Kabir,2026-07-26,TechSupply,Travel,20207.4,Manager A,Finance,UPI,Bengaluru,False
TX003138,EMP003,Kabir,2026-08-25,OfficeMart,Travel,15122.33,Manager A,Engineering,Card,Varanasi,False
TX003139,EMP003,Kabir,2026-01-12,EquipHub,Software,22642.65,Manager A,Finance,UPI,Bengaluru,False
TX003140,EMP004,Ishita,2026-03-31,OfficeMart,Travel,6018.01,Manager A,Operations,UPI,Mumbai,False
TX003141,EMP004,Ishita,2026-08-19,CloudWorks,Office,11065.0,Manager A,Operations,Bank Transfer,Mumbai,False
TX003142,EMP005,Rohan,2026-05-05,CloudWorks,Office,17344.77,Manager B,Finance,UPI,Delhi,False
TX003143,EMP003,Kabir,2026-07-11,OfficeMart,Travel,10746.07,Manager A,Finance,Bank Transfer,Mumbai,False
TX003144,EMP003,Kabir,2026-08-13,EquipHub,Equipment,15738.88,Manager B,Finance,UPI,Delhi,False
TX003145,EMP002,Meera,2026-01-23,CloudWorks,Travel,26698.95,Manager B,Engineering,UPI,Mumbai,False
TX003146,EMP002,Meera,2026-08-05,EquipHub,Software,22473.94,Manager B,Engineering,Bank Transfer,Bengaluru,False
TX003147,EMP004,Ishita,2026-08-13,CloudWorks,Equipment,21478.21,Manager A,Engineering,Bank Transfer,Bengaluru,False
TX003148,EMP005,Rohan,2026-07-27,OfficeMart,Office,17090.53,Manager B,Engineering,Card,Delhi,False
TX003149,EMP005,Rohan,2026-04-29,EquipHub,Equipment,17052.16,Manager A,Engineering,Card,Delhi,False
TX003150,EMP003,Kabir,2026-02-18,EquipHub,Equipment,25877.69,Manager A,Engineering,UPI,Delhi,False
TX003151,EMP003,Kabir,2026-02-15,EquipHub,Office,22347.05,Manager A,Finance,Bank Transfer,Mumbai,False
TX003152,EMP004,Ishita,2026-06-02,EquipHub,Travel,17114.86,Manager B,Finance,Card,Varanasi,False
TX003153,EMP001,Aarav,2026-03-08,TechSupply,Equipment,22601.39,Manager A,Engineering,Card,Varanasi,False
TX003154,EMP005,Rohan,2026-01-19,CloudWorks,Office,20857.58,Manager A,Operations,Card,Bengaluru,False
TX003155,EMP003,Kabir,2026-08-21,EquipHub,Office,26941.13,Manager B,Operations,UPI,Varanasi,False
TX003156,EMP003,Kabir,2026-03-05,OfficeMart,Equipment,17548.62,Manager B,Engineering,Card,Mumbai,False
TX003157,EMP003,Kabir,2026-05-15,TravelDesk,Travel,17522.5,Manager B,Operations,UPI,Bengaluru,False
TX003158,EMP003,Kabir,2026-01-25,EquipHub,Office,21201.07,Manager B,Finance,Bank Transfer,Varanasi,False
TX003159,EMP004,Ishita,2026-01-26,TechSupply,Equipment,14467.24,Manager A,Operations,Card,Delhi,False
TX003160,EMP003,Kabir,2026-04-15,EquipHub,Office,30892.24,Manager A,Engineering,UPI,Delhi,False
TX003161,EMP003,Kabir,2026-06-12,TravelDesk,Travel,8613.71,Manager A,Operations,Card,Varanasi,False
TX003162,EMP001,Aarav,2026-07-17,EquipHub,Travel,13999.32,Manager A,Operations,UPI,Varanasi,False
TX003163,EMP005,Rohan,2026-06-16,TravelDesk,Software,6098.19,Manager A,Operations,Card,Delhi,False
TX003164,EMP003,Kabir,2026-03-11,EquipHub,Travel,14011.29,Manager B,Finance,Card,Bengaluru,False
TX003165,EMP005,Rohan,2026-05-20,OfficeMart,Equipment,25808.59,Manager B,Operations,Bank Transfer,Mumbai,False
TX003166,EMP004,Ishita,2026-01-03,TravelDesk,Equipment,19146.41,Manager A,Operations,Bank Transfer,Delhi,False
TX003167,EMP004,Ishita,2026-05-27,EquipHub,Software,14582.93,Manager B,Operations,Card,Varanasi,False
TX003168,EMP005,Rohan,2026-08-06,CloudWorks,Office,6800.43,Manager B,Engineering,Bank Transfer,Delhi,False
TX003169,EMP001,Aarav,2026-06-17,EquipHub,Travel,24620.12,Manager A,Finance,Card,Mumbai,False
TX003170,EMP005,Rohan,2026-06-03,OfficeMart,Software,25746.61,Manager B,Finance,Card,Mumbai,False
TX003171,EMP004,Ishita,2026-04-05,OfficeMart,Travel,13793.65,Manager B,Operations,Card,Mumbai,False
TX003172,EMP005,Rohan,2026-03-19,CloudWorks,Equipment,25371.19,Manager B,Engineering,Bank Transfer,Delhi,False
TX003173,EMP002,Meera,2026-04-24,TravelDesk,Office,33056.43,Manager B,Engineering,UPI,Delhi,False
TX003174,EMP003,Kabir,2026-02-09,CloudWorks,Travel,23386.55,Manager B,Operations,Card,Delhi,False
TX003175,EMP001,Aarav,2026-03-01,EquipHub,Equipment,23826.98,Manager B,Operations,Card,Bengaluru,False
TX003176,EMP005,Rohan,2026-07-07,TechSupply,Travel,15516.79,Manager A,Finance,Bank Transfer,Delhi,False
TX003177,EMP003,Kabir,2026-01-20,CloudWorks,Software,22214.64,Manager B,Operations,Card,Bengaluru,False
TX003178,EMP003,Kabir,2026-04-23,OfficeMart,Software,13667.62,Manager A,Operations,UPI,Varanasi,False
TX003179,EMP002,Meera,2026-02-04,TechSupply,Software,261528.85229853712,Manager B,Operations,Bank Transfer,Mumbai,True
TX003180,EMP001,Aarav,2026-03-25,TechSupply,Equipment,31621.23,Manager A,Finance,Card,Bengaluru,False
TX003181,EMP001,Aarav,2026-08-23,CloudWorks,Software,20832.87,Manager B,Engineering,Bank Transfer,Varanasi,False
TX003182,EMP004,Ishita,2026-07-25,CloudWorks,Travel,14360.51,Manager B,Engineering,Card,Varanasi,False
TX003183,EMP001,Aarav,2026-05-19,TechSupply,Office,28105.21,Manager B,Operations,Bank Transfer,Varanasi,False
TX003184,EMP001,Aarav,2026-07-27,CloudWorks,Travel,16065.27,Manager B,Engineering,Card,Mumbai,False
TX003185,EMP004,Ishita,2026-04-28,EquipHub,Equipment,29662.37,Manager B,Operations,UPI,Mumbai,False
TX003186,EMP004,Ishita,2026-03-13,CloudWorks,Travel,26454.89,Manager A,Engineering,Bank Transfer,Mumbai,False
TX003187,EMP002,Meera,2026-04-27,EquipHub,Office,16613.83,Manager B,Finance,UPI,Bengaluru,False
TX003188,EMP005,Rohan,2026-02-23,OfficeMart,Office,23741.41,Manager A,Engineering,UPI,Delhi,False
TX003189,EMP001,Aarav,2026-02-21,EquipHub,Equipment,23134.83,Manager A,Finance,Card,Bengaluru,False
TX003190,EMP005,Rohan,2026-05-11,EquipHub,Software,9929.59,Manager B,Operations,Card,Mumbai,False
TX003191,EMP005,Rohan,2026-05-10,EquipHub,Equipment,18135.74,Manager A,Operations,Card,Varanasi,False
TX003192,EMP005,Rohan,2026-06-12,OfficeMart,Travel,15852.25,Manager B,Finance,Card,Varanasi,False
TX003193,EMP001,Aarav,2026-05-21,TechSupply,Office,6968.3,Manager A,Operations,Bank Transfer,Bengaluru,False
TX003194,EMP005,Rohan,2026-06-04,TechSupply,Office,24856.91,Manager B,Operations,Card,Bengaluru,False
TX003195,EMP005,Rohan,2026-01-09,CloudWorks,Equipment,19613.51,Manager B,Operations,UPI,Mumbai,False
TX003196,EMP004,Ishita,2026-06-08,TechSupply,Software,32410.36,Manager A,Operations,Bank Transfer,Bengaluru,False
TX003197,EMP005,Rohan,2026-01-17,OfficeMart,Office,22861.26,Manager B,Finance,UPI,Varanasi,False
TX003198,EMP002,Meera,2026-04-13,EquipHub,Software,15320.82,Manager B,Finance,UPI,Bengaluru,False
TX003199,EMP001,Aarav,2026-04-24,TechSupply,Equipment,21206.09,Manager A,Engineering,Card,Varanasi,False
TX003200,EMP003,Kabir,2026-03-26,OfficeMart,Travel,20735.36,Manager B,Engineering,Bank Transfer,Bengaluru,False
TX003201,EMP002,Meera,2026-06-07,TechSupply,Travel,23502.16,Manager B,Engineering,Card,Varanasi,False
TX003202,EMP004,Ishita,2026-02-09,TravelDesk,Travel,24634.11,Manager B,Finance,UPI,Varanasi,False
TX003203,EMP003,Kabir,2026-02-25,OfficeMart,Software,20273.68,Manager B,Operations,UPI,Varanasi,False
TX003204,EMP002,Meera,2026-08-01,TravelDesk,Software,22544.26,Manager B,Operations,Bank Transfer,Varanasi,False
TX003205,EMP003,Kabir,2026-04-24,CloudWorks,Software,12176.27,Manager A,Engineering,UPI,Mumbai,False
TX003206,EMP005,Rohan,2026-02-28,TravelDesk,Software,32826.43,Manager A,Finance,UPI,Delhi,False
TX003207,EMP005,Rohan,2026-05-07,TravelDesk,Equipment,25160.64,Manager A,Finance,Bank Transfer,Mumbai,False
TX003208,EMP001,Aarav,2026-02-07,EquipHub,Equipment,11757.15,Manager A,Operations,Bank Transfer,Mumbai,False
TX003209,EMP001,Aarav,2026-02-28,TravelDesk,Office,22908.38,Manager A,Finance,UPI,Varanasi,False
TX003210,EMP001,Aarav,2026-04-28,TravelDesk,Travel,13531.17,Manager A,Finance,UPI,Varanasi,False
TX003211,EMP003,Kabir,2026-07-15,TechSupply,Software,20391.6,Manager B,Operations,UPI,Mumbai,False
TX003212,EMP004,Ishita,2026-02-19,OfficeMart,Software,15781.39,Manager B,Engineering,Bank Transfer,Delhi,False
TX003213,EMP004,Ishita,2026-04-30,CloudWorks,Software,23129.76,Manager A,Finance,Card,Mumbai,False
TX003214,EMP003,Kabir,2026-05-22,EquipHub,Software,23748.26,Manager A,Operations,Card,Varanasi,False
TX003215,EMP001,Aarav,2026-06-09,OfficeMart,Travel,27983.5,Manager A,Finance,Bank Transfer,Delhi,False
TX003216,EMP005,Rohan,2026-05-29,CloudWorks,Travel,22042.47,Manager A,Engineering,Card,Varanasi,False
TX003217,EMP005,Rohan,2026-01-09,CloudWorks,Equipment,14082.82,Manager B,Engineering,Bank Transfer,Mumbai,False
TX003218,EMP002,Meera,2026-03-22,EquipHub,Software,16530.93,Manager B,Finance,UPI,Bengaluru,False
TX003219,EMP004,Ishita,2026-07-30,CloudWorks,Software,26558.59,Manager B,Operations,Card,Mumbai,False
TX003220,EMP002,Meera,2026-08-20,TravelDesk,Equipment,12943.47,Manager A,Engineering,Card,Mumbai,False
TX003221,EMP005,Rohan,2026-08-15,TechSupply,Equipment,31324.43,Manager A,Operations,UPI,Delhi,False
TX003222,EMP001,Aarav,2026-06-13,TravelDesk,Equipment,15324.41,Manager A,Engineering,Bank Transfer,Mumbai,False
TX003223,EMP004,Ishita,2026-01-28,OfficeMart,Travel,22744.0,Manager B,Engineering,Card,Mumbai,False
TX003224,EMP003,Kabir,2026-05-18,CloudWorks,Software,11540.18,Manager B,Finance,UPI,Varanasi,False
TX003225,EMP001,Aarav,2026-03-18,CloudWorks,Office,15563.7,Manager A,Engineering,UPI,Bengaluru,False
TX003226,EMP001,Aarav,2026-03-31,OfficeMart,Travel,27957.67,Manager B,Engineering,Card,Mumbai,False
TX003227,EMP004,Ishita,2026-05-07,OfficeMart,Equipment,23606.92,Manager B,Operations,UPI,Mumbai,False
TX003228,EMP003,Kabir,2026-04-18,TravelDesk,Software,20216.19,Manager A,Operations,Bank Transfer,Mumbai,False
TX003229,EMP003,Kabir,2026-01-30,OfficeMart,Software,32829.2,Manager A,Finance,UPI,Mumbai,False
TX003230,EMP003,Kabir,2026-03-04,TravelDesk,Travel,15274.52,Manager A,Finance,Card,Delhi,False
TX003231,EMP001,Aarav,2026-08-08,OfficeMart,Travel,11185.67,Manager A,Finance,UPI,Bengaluru,False
TX003232,EMP004,Ishita,2026-06-20,TravelDesk,Travel,21717.85,Manager B,Engineering,Bank Transfer,Mumbai,False
TX003233,EMP005,Rohan,2026-06-17,TechSupply,Equipment,22672.78,Manager A,Engineering,Bank Transfer,Mumbai,False
TX003234,EMP004,Ishita,2026-05-21,EquipHub,Equipment,18831.63,Manager A,Finance,Bank Transfer,Mumbai,False
TX003235,EMP005,Rohan,2026-07-08,CloudWorks,Equipment,14935.12,Manager B,Operations,Bank Transfer,Delhi,False
TX003236,EMP004,Ishita,2026-01-09,OfficeMart,Travel,21703.13,Manager A,Operations,Bank Transfer,Mumbai,False
TX003237,EMP002,Meera,2026-08-03,OfficeMart,Equipment,20860.66,Manager B,Engineering,Card,Delhi,False
TX003238,EMP004,Ishita,2026-06-22,TravelDesk,Equipment,8242.16,Manager B,Finance,Bank Transfer,Bengaluru,False
TX003239,EMP003,Kabir,2026-05-17,TravelDesk,Travel,24738.38,Manager B,Operations,Bank Transfer,Varanasi,False
TX003240,EMP004,Ishita,2026-05-30,OfficeMart,Software,23430.48,Manager A,Engineering,UPI,Varanasi,False
TX003241,EMP002,Meera,2026-06-26,EquipHub,Software,21822.27,Manager A,Operations,UPI,Mumbai,False
TX003242,EMP003,Kabir,2026-05-06,TechSupply,Software,15237.45,Manager B,Engineering,Card,Varanasi,False
TX003243,EMP004,Ishita,2026-03-26,OfficeMart,Travel,9189.36,Manager A,Operations,Card,Mumbai,False
TX003244,EMP001,Aarav,2026-02-27,TechSupply,Software,21379.51,Manager B,Finance,Bank Transfer,Varanasi,False
TX003245,EMP003,Kabir,2026-08-26,TechSupply,Office,92004.27182103267,Manager B,Operations,UPI,Mumbai,True
TX003246,EMP002,Meera,2026-08-07,CloudWorks,Software,20243.33,Manager B,Engineering,Card,Delhi,False
TX003247,EMP001,Aarav,2026-04-19,CloudWorks,Office,22529.65,Manager A,Finance,UPI,Bengaluru,False
TX003248,EMP005,Rohan,2026-05-23,TravelDesk,Equipment,19275.53,Manager A,Engineering,Card,Bengaluru,False
TX003249,EMP002,Meera,2026-01-30,CloudWorks,Office,18214.13,Manager A,Finance,Bank Transfer,Bengaluru,False
TX003250,EMP003,Kabir,2026-01-14,CloudWorks,Software,16323.28,Manager B,Operations,Card,Varanasi,False
TX003251,EMP005,Rohan,2026-02-24,CloudWorks,Office,17475.97,Manager A,Finance,UPI,Mumbai,False
TX003252,EMP003,Kabir,2026-06-07,CloudWorks,Travel,27348.81,Manager B,Operations,Bank Transfer,Varanasi,False
TX003253,EMP004,Ishita,2026-05-01,EquipHub,Office,19889.62,Manager B,Finance,Card,Bengaluru,False
TX003254,EMP004,Ishita,2026-07-24,TechSupply,Software,16451.72,Manager B,Finance,Card,Bengaluru,False
TX003255,EMP002,Meera,2026-02-05,CloudWorks,Travel,20479.39,Manager B,Operations,UPI,Delhi,False
TX003256,EMP004,Ishita,2026-06-29,TravelDesk,Travel,26251.16,Manager B,Operations,UPI,Bengaluru,False
TX003257,EMP004,Ishita,2026-01-24,EquipHub,Travel,27583.58,Manager A,Engineering,UPI,Bengaluru,False
TX003258,EMP001,Aarav,2026-03-17,EquipHub,Travel,10852.04,Manager A,Operations,Card,Mumbai,False
TX003259,EMP005,Rohan,2026-02-26,EquipHub,Equipment,17266.89,Manager B,Finance,UPI,Mumbai,False
TX003260,EMP001,Aarav,2026-01-18,TravelDesk,Travel,20506.39,Manager A,Engineering,UPI,Varanasi,False
TX003261,EMP004,Ishita,2026-08-27,EquipHub,Equipment,22869.87,Manager B,Operations,UPI,Varanasi,False
TX003262,EMP001,Aarav,2026-02-19,OfficeMart,Travel,17229.6,Manager B,Engineering,Bank Transfer,Bengaluru,False
TX003263,EMP001,Aarav,2026-03-16,EquipHub,Travel,16628.86,Manager A,Finance,UPI,Varanasi,False
TX003264,EMP002,Meera,2026-03-24,TechSupply,Software,28045.15,Manager B,Operations,Card,Bengaluru,False
TX003265,EMP005,Rohan,2026-07-07,OfficeMart,Equipment,16394.72,Manager A,Operations,Card,Delhi,False
TX003266,EMP002,Meera,2026-04-26,CloudWorks,Software,27869.01,Manager B,Finance,Card,Delhi,False
TX003267,EMP001,Aarav,2026-06-21,TravelDesk,Office,21060.83,Manager B,Finance,UPI,Bengaluru,False
TX003268,EMP003,Kabir,2026-07-30,TechSupply,Equipment,22279.12,Manager B,Finance,Card,Bengaluru,False
TX003269,EMP001,Aarav,2026-06-14,CloudWorks,Travel,14616.74,Manager B,Finance,Bank Transfer,Bengaluru,False
TX003270,EMP002,Meera,2026-02-05,TechSupply,Office,313461.2469778702,Manager B,Engineering,UPI,Delhi,True
TX003271,EMP002,Meera,2026-07-26,OfficeMart,Travel,21580.17,Manager B,Finance,UPI,Bengaluru,False
TX003272,EMP005,Rohan,2026-06-13,TechSupply,Travel,11928.71,Manager A,Engineering,Card,Bengaluru,False
TX003273,EMP002,Meera,2026-05-27,TechSupply,Software,21516.71,Manager A,Finance,Card,Mumbai,False
TX003274,EMP004,Ishita,2026-03-05,TechSupply,Office,11963.55,Manager A,Operations,UPI,Delhi,False
TX003275,EMP004,Ishita,2026-04-29,CloudWorks,Office,30207.71,Manager B,Operations,Card,Mumbai,False
TX003276,EMP002,Meera,2026-07-12,TechSupply,Office,22723.75,Manager B,Engineering,UPI,Mumbai,False
TX003277,EMP001,Aarav,2026-04-13,OfficeMart,Software,36350.16,Manager B,Finance,Card,Mumbai,False
TX003278,EMP002,Meera,2026-02-21,TravelDesk,Software,15270.32,Manager A,Finance,Card,Delhi,False
TX003279,EMP003,Kabir,2026-02-07,TravelDesk,Equipment,27619.23,Manager B,Finance,Bank Transfer,Delhi,False
TX003280,EMP004,Ishita,2026-04-11,CloudWorks,Equipment,26545.37,Manager B,Engineering,Bank Transfer,Delhi,False
TX003281,EMP004,Ishita,2026-04-06,OfficeMart,Travel,20901.73,Manager B,Operations,Bank Transfer,Delhi,False
TX003282,EMP002,Meera,2026-08-11,OfficeMart,Software,19497.76,Manager A,Engineering,Card,Varanasi,False
TX003283,EMP002,Meera,2026-07-07,EquipHub,Equipment,19914.68,Manager A,Finance,Bank Transfer,Mumbai,False
TX003284,EMP001,Aarav,2026-05-22,EquipHub,Software,22127.26,Manager B,Finance,Card,Delhi,False
TX003285,EMP004,Ishita,2026-02-23,TechSupply,Software,22829.11,Manager A,Operations,UPI,Mumbai,False
TX003286,EMP003,Kabir,2026-08-26,CloudWorks,Travel,15330.98,Manager B,Finance,UPI,Delhi,False
TX003287,EMP002,Meera,2026-03-26,TravelDesk,Equipment,12208.74,Manager A,Engineering,UPI,Varanasi,False
TX003288,EMP005,Rohan,2026-07-18,CloudWorks,Equipment,27614.65,Manager B,Operations,Card,Delhi,False
TX003289,EMP002,Meera,2026-03-05,TechSupply,Office,19028.38,Manager B,Operations,Card,Varanasi,False
TX003290,EMP004,Ishita,2026-06-13,EquipHub,Equipment,20079.97,Manager A,Finance,UPI,Delhi,False
TX003291,EMP002,Meera,2026-03-21,TechSupply,Software,25200.22,Manager B,Engineering,UPI,Bengaluru,False
TX003292,EMP003,Kabir,2026-04-23,EquipHub,Equipment,13018.68,Manager B,Finance,Card,Varanasi,False
TX003293,EMP004,Ishita,2026-08-27,OfficeMart,Travel,14529.08,Manager A,Finance,Bank Transfer,Mumbai,False
TX003294,EMP005,Rohan,2026-07-27,TechSupply,Office,10636.89,Manager A,Finance,Bank Transfer,Mumbai,False
TX003295,EMP001,Aarav,2026-05-22,TravelDesk,Software,24875.44,Manager B,Engineering,Card,Bengaluru,False
TX003296,EMP004,Ishita,2026-07-13,EquipHub,Office,21170.73,Manager A,Engineering,UPI,Mumbai,False
TX003297,EMP003,Kabir,2026-03-18,TravelDesk,Equipment,19291.2,Manager A,Finance,Card,Mumbai,False
TX003298,EMP002,Meera,2026-02-13,TechSupply,Equipment,11551.77,Manager B,Finance,Card,Varanasi,False
TX003299,EMP003,Kabir,2026-03-26,TechSupply,Office,27553.11,Manager A,Finance,UPI,Delhi,False
TX003300,EMP002,Meera,2026-06-12,OfficeMart,Travel,21087.29,Manager B,Finance,UPI,Mumbai,False
TX003301,EMP003,Kabir,2026-03-06,EquipHub,Office,18411.42,Manager B,Engineering,Card,Varanasi,False
TX003302,EMP001,Aarav,2026-08-09,OfficeMart,Office,17102.37,Manager B,Engineering,Bank Transfer,Bengaluru,False
TX003303,EMP002,Meera,2026-07-05,CloudWorks,Software,22084.32,Manager A,Operations,Bank Transfer,Mumbai,False
TX003304,EMP005,Rohan,2026-03-11,TechSupply,Office,23675.18,Manager A,Engineering,Bank Transfer,Delhi,False
TX003305,EMP003,Kabir,2026-06-12,CloudWorks,Office,20998.01,Manager B,Engineering,Card,Varanasi,False
TX003306,EMP003,Kabir,2026-08-15,OfficeMart,Equipment,17655.45,Manager A,Finance,UPI,Mumbai,False
TX003307,EMP002,Meera,2026-01-06,TravelDesk,Equipment,25137.44,Manager B,Engineering,UPI,Bengaluru,False
TX003308,EMP005,Rohan,2026-07-11,OfficeMart,Equipment,18995.43,Manager A,Finance,UPI,Mumbai,False
TX003309,EMP001,Aarav,2026-07-23,OfficeMart,Software,30191.29,Manager B,Finance,Bank Transfer,Varanasi,False
TX003310,EMP005,Rohan,2026-01-09,CloudWorks,Travel,28085.42,Manager B,Operations,Bank Transfer,Varanasi,False
TX003311,EMP003,Kabir,2026-03-07,EquipHub,Software,24974.34,Manager B,Finance,Card,Mumbai,False
TX003312,EMP005,Rohan,2026-05-04,TravelDesk,Office,10265.58,Manager B,Finance,UPI,Mumbai,False
TX003313,EMP004,Ishita,2026-05-22,OfficeMart,Equipment,18280.19,Manager B,Operations,UPI,Mumbai,False
TX003314,EMP005,Rohan,2026-05-25,TravelDesk,Office,10502.77,Manager B,Engineering,UPI,Mumbai,False
TX003315,EMP002,Meera,2026-05-12,TravelDesk,Office,26034.17,Manager B,Finance,Bank Transfer,Mumbai,False
TX003316,EMP005,Rohan,2026-08-12,OfficeMart,Office,23237.0,Manager B,Finance,UPI,Delhi,False
TX003317,EMP003,Kabir,2026-08-10,TravelDesk,Software,13701.05,Manager B,Finance,Bank Transfer,Delhi,False
TX003318,EMP001,Aarav,2026-02-05,TravelDesk,Equipment,13874.97,Manager A,Engineering,Card,Mumbai,False
TX003319,EMP001,Aarav,2026-02-26,TechSupply,Travel,17563.55,Manager A,Finance,Bank Transfer,Mumbai,False
TX003320,EMP005,Rohan,2026-04-05,CloudWorks,Travel,19894.15,Manager A,Engineering,UPI,Delhi,False
TX003321,EMP005,Rohan,2026-05-24,TravelDesk,Software,13983.38,Manager B,Operations,Card,Delhi,False
TX003322,EMP005,Rohan,2026-05-05,CloudWorks,Software,18604.88,Manager B,Engineering,Card,Bengaluru,False
TX003323,EMP001,Aarav,2026-06-01,TechSupply,Travel,13237.76,Manager A,Operations,Card,Bengaluru,False
TX003324,EMP004,Ishita,2026-04-18,EquipHub,Travel,16829.45,Manager A,Engineering,Bank Transfer,Delhi,False
TX003325,EMP005,Rohan,2026-03-22,CloudWorks,Software,20929.46,Manager B,Finance,UPI,Mumbai,False
TX003326,EMP002,Meera,2026-03-03,TechSupply,Software,22384.22,Manager B,Operations,Card,Delhi,False
TX003327,EMP002,Meera,2026-08-11,TechSupply,Office,17143.62,Manager A,Engineering,UPI,Varanasi,False
TX003328,EMP004,Ishita,2026-01-16,OfficeMart,Software,18405.66,Manager B,Operations,UPI,Bengaluru,False
TX003329,EMP003,Kabir,2026-02-06,TravelDesk,Equipment,19295.97,Manager A,Operations,Card,Varanasi,False
TX003330,EMP004,Ishita,2026-03-13,OfficeMart,Equipment,19253.03,Manager A,Finance,Card,Delhi,False
TX003331,EMP002,Meera,2026-05-08,EquipHub,Software,13353.02,Manager B,Finance,Card,Mumbai,False
TX003332,EMP002,Meera,2026-04-03,TravelDesk,Office,18533.68,Manager B,Operations,Bank Transfer,Mumbai,False
TX003333,EMP005,Rohan,2026-07-30,TechSupply,Equipment,12588.24,Manager A,Operations,Bank Transfer,Varanasi,False
TX003334,EMP004,Ishita,2026-03-10,OfficeMart,Travel,17490.33,Manager B,Operations,Bank Transfer,Delhi,False
TX003335,EMP002,Meera,2026-02-24,TechSupply,Equipment,18842.62,Manager B,Engineering,UPI,Varanasi,False
TX003336,EMP004,Ishita,2026-08-28,EquipHub,Equipment,25881.09,Manager A,Finance,UPI,Mumbai,False
TX003337,EMP005,Rohan,2026-02-25,TechSupply,Software,25930.62,Manager A,Engineering,Bank Transfer,Mumbai,False
TX003338,EMP003,Kabir,2026-06-08,TravelDesk,Travel,17713.94,Manager B,Finance,Card,Varanasi,False
TX003339,EMP005,Rohan,2026-08-07,TechSupply,Equipment,27187.44,Manager B,Operations,UPI,Delhi,False
TX003340,EMP003,Kabir,2026-03-10,TravelDesk,Software,25534.66,Manager A,Engineering,Card,Varanasi,False
TX003341,EMP002,Meera,2026-07-04,TravelDesk,Equipment,24664.45,Manager B,Finance,Bank Transfer,Delhi,False
TX003342,EMP004,Ishita,2026-08-21,TechSupply,Equipment,25845.71,Manager B,Finance,Bank Transfer,Delhi,False
TX003343,EMP002,Meera,2026-08-15,CloudWorks,Software,23658.13,Manager B,Finance,Bank Transfer,Bengaluru,False
TX003344,EMP005,Rohan,2026-07-16,TravelDesk,Travel,24191.16,Manager B,Engineering,Bank Transfer,Mumbai,False
TX003345,EMP002,Meera,2026-03-22,TechSupply,Office,28613.84,Manager A,Finance,Card,Mumbai,False
TX003346,EMP005,Rohan,2026-03-12,TravelDesk,Software,17220.93,Manager B,Operations,Bank Transfer,Varanasi,False
TX003347,EMP003,Kabir,2026-08-02,TechSupply,Equipment,25766.3,Manager B,Operations,Bank Transfer,Delhi,False
TX003348,EMP005,Rohan,2026-07-08,CloudWorks,Travel,21436.68,Manager B,Finance,Bank Transfer,Varanasi,False
TX003349,EMP004,Ishita,2026-08-18,TravelDesk,Travel,29535.0,Manager A,Finance,Card,Mumbai,False
TX003350,EMP004,Ishita,2026-04-22,TravelDesk,Software,23405.38,Manager A,Operations,Bank Transfer,Bengaluru,False
TX003351,EMP005,Rohan,2026-07-09,TravelDesk,Software,19243.04,Manager A,Finance,Card,Varanasi,False
TX003352,EMP002,Meera,2026-06-25,CloudWorks,Office,13434.09,Manager A,Operations,Bank Transfer,Mumbai,False
TX003353,EMP004,Ishita,2026-07-10,CloudWorks,Office,30574.44,Manager A,Finance,Card,Bengaluru,False
TX003354,EMP004,Ishita,2026-05-15,TravelDesk,Travel,10085.38,Manager A,Operations,Bank Transfer,Delhi,False
TX003355,EMP001,Aarav,2026-02-20,TravelDesk,Software,21108.54,Manager B,Engineering,Card,Bengaluru,False
TX003356,EMP003,Kabir,2026-05-09,TravelDesk,Travel,18095.94,Manager A,Finance,Bank Transfer,Mumbai,False
TX003357,EMP005,Rohan,2026-06-27,EquipHub,Travel,17230.38,Manager A,Operations,Bank Transfer,Mumbai,False
TX003358,EMP005,Rohan,2026-03-15,CloudWorks,Software,11638.52,Manager A,Finance,UPI,Bengaluru,False
TX003359,EMP001,Aarav,2026-07-20,EquipHub,Office,22982.77,Manager A,Finance,Card,Varanasi,False
TX003360,EMP002,Meera,2026-06-27,CloudWorks,Equipment,27436.12,Manager B,Finance,UPI,Mumbai,False
TX003361,EMP003,Kabir,2026-03-30,CloudWorks,Office,11977.03,Manager A,Finance,UPI,Mumbai,False
TX003362,EMP004,Ishita,2026-04-28,EquipHub,Equipment,25504.05,Manager A,Engineering,UPI,Delhi,False
TX003363,EMP002,Meera,2026-03-19,TechSupply,Equipment,27187.13,Manager A,Engineering,Bank Transfer,Bengaluru,False
TX003364,EMP002,Meera,2026-07-04,CloudWorks,Travel,19231.25,Manager A,Operations,Bank Transfer,Varanasi,False
TX003365,EMP004,Ishita,2026-04-24,OfficeMart,Equipment,8713.49,Manager A,Engineering,Card,Bengaluru,False
TX003366,EMP005,Rohan,2026-04-22,CloudWorks,Equipment,17453.41,Manager A,Engineering,Bank Transfer,Varanasi,False
TX003367,EMP005,Rohan,2026-03-25,TechSupply,Office,26668.08,Manager B,Operations,Card,Bengaluru,False
TX003368,EMP003,Kabir,2026-08-05,CloudWorks,Equipment,21736.6,Manager B,Operations,Bank Transfer,Delhi,False
TX003369,EMP001,Aarav,2026-01-21,EquipHub,Software,3675.29,Manager B,Finance,Bank Transfer,Mumbai,False
TX003370,EMP004,Ishita,2026-05-07,EquipHub,Office,16721.38,Manager B,Operations,Card,Varanasi,False
TX003371,EMP005,Rohan,2026-02-27,EquipHub,Travel,357076.9193878312,Manager A,Finance,Card,Mumbai,True
TX003372,EMP004,Ishita,2026-05-28,OfficeMart,Software,13485.24,Manager A,Engineering,Bank Transfer,Delhi,False
TX003373,EMP003,Kabir,2026-07-16,TechSupply,Travel,26705.7,Manager A,Engineering,UPI,Delhi,False
TX003374,EMP004,Ishita,2026-05-25,TechSupply,Equipment,26040.16,Manager B,Finance,Bank Transfer,Mumbai,False
TX003375,EMP001,Aarav,2026-05-19,EquipHub,Equipment,21790.25,Manager A,Engineering,Bank Transfer,Delhi,False
TX003376,EMP003,Kabir,2026-02-25,TravelDesk,Office,18724.69,Manager B,Operations,Card,Delhi,False
TX003377,EMP003,Kabir,2026-05-25,TechSupply,Equipment,18018.46,Manager B,Engineering,UPI,Delhi,False
TX003378,EMP001,Aarav,2026-04-19,CloudWorks,Equipment,20273.91,Manager A,Operations,UPI,Delhi,False
TX003379,EMP003,Kabir,2026-04-11,TechSupply,Software,24443.2,Manager B,Engineering,Bank Transfer,Bengaluru,False
TX003380,EMP004,Ishita,2026-03-31,CloudWorks,Travel,16294.88,Manager A,Finance,Card,Delhi,False
TX003381,EMP003,Kabir,2026-07-01,OfficeMart,Software,39849.39,Manager A,Finance,UPI,Mumbai,False
TX003382,EMP005,Rohan,2026-04-06,TechSupply,Software,9703.03,Manager B,Finance,UPI,Bengaluru,False
TX003383,EMP002,Meera,2026-01-20,TechSupply,Office,13786.08,Manager B,Engineering,Card,Mumbai,False
TX003384,EMP002,Meera,2026-07-24,OfficeMart,Equipment,23494.66,Manager B,Engineering,Card,Delhi,False
TX003385,EMP002,Meera,2026-05-03,TravelDesk,Office,13749.72,Manager A,Engineering,Bank Transfer,Bengaluru,False
TX003386,EMP005,Rohan,2026-05-08,TechSupply,Software,14522.71,Manager A,Engineering,UPI,Varanasi,False
TX003387,EMP001,Aarav,2026-06-14,EquipHub,Office,13534.69,Manager A,Finance,Bank Transfer,Mumbai,False
TX003388,EMP004,Ishita,2026-01-13,CloudWorks,Office,10896.19,Manager A,Finance,Card,Varanasi,False
TX003389,EMP003,Kabir,2026-06-18,CloudWorks,Travel,16853.54,Manager A,Operations,Bank Transfer,Delhi,False
TX003390,EMP002,Meera,2026-07-08,CloudWorks,Travel,29379.48,Manager B,Engineering,UPI,Delhi,False
TX003391,EMP005,Rohan,2026-07-14,TravelDesk,Travel,19365.64,Manager B,Finance,UPI,Mumbai,False
TX003392,EMP001,Aarav,2026-06-02,CloudWorks,Software,16386.48,Manager A,Engineering,Card,Mumbai,False
TX003393,EMP004,Ishita,2026-01-27,TravelDesk,Software,33885.54,Manager B,Operations,Card,Varanasi,False
TX003394,EMP004,Ishita,2026-07-22,CloudWorks,Equipment,29150.18,Manager B,Operations,Bank Transfer,Varanasi,False
TX003395,EMP005,Rohan,2026-04-04,TechSupply,Software,13196.43,Manager B,Operations,Bank Transfer,Varanasi,False
TX003396,EMP001,Aarav,2026-06-16,TechSupply,Software,18614.85,Manager A,Finance,UPI,Bengaluru,False
TX003397,EMP001,Aarav,2026-05-31,CloudWorks,Travel,11602.61,Manager A,Finance,Card,Bengaluru,False
TX003398,EMP005,Rohan,2026-05-13,TravelDesk,Travel,15139.58,Manager A,Finance,Card,Delhi,False
TX003399,EMP001,Aarav,2026-05-14,CloudWorks,Office,20383.76,Manager A,Operations,Card,Mumbai,False
TX003400,EMP002,Meera,2026-04-05,TechSupply,Travel,19254.57,Manager A,Operations,UPI,Mumbai,False
TX003401,EMP003,Kabir,2026-03-11,EquipHub,Equipment,28857.53,Manager B,Engineering,Card,Varanasi,False
TX003402,EMP003,Kabir,2026-01-08,CloudWorks,Equipment,24840.04,Manager B,Engineering,Bank Transfer,Bengaluru,False
TX003403,EMP002,Meera,2026-04-10,EquipHub,Travel,6000.3,Manager B,Finance,Card,Varanasi,False
TX003404,EMP002,Meera,2026-08-02,OfficeMart,Equipment,31151.51,Manager B,Finance,Bank Transfer,Mumbai,False
TX003405,EMP001,Aarav,2026-02-19,OfficeMart,Equipment,16020.0,Manager A,Operations,Bank Transfer,Varanasi,False
TX003406,EMP005,Rohan,2026-05-29,TechSupply,Equipment,25103.63,Manager A,Operations,UPI,Bengaluru,False
TX003407,EMP004,Ishita,2026-06-02,TechSupply,Software,11471.98,Manager A,Engineering,UPI,Delhi,False
TX003408,EMP003,Kabir,2026-02-13,TechSupply,Office,23048.07,Manager A,Engineering,Card,Bengaluru,False
TX003409,EMP005,Rohan,2026-04-25,TravelDesk,Travel,17003.19,Manager B,Finance,UPI,Bengaluru,False
TX003410,EMP004,Ishita,2026-08-08,TravelDesk,Travel,24692.1,Manager B,Finance,Card,Mumbai,False
TX003411,EMP004,Ishita,2026-03-14,OfficeMart,Software,27913.15,Manager B,Operations,Bank Transfer,Varanasi,False
TX003412,EMP005,Rohan,2026-01-12,OfficeMart,Office,22796.28,Manager A,Finance,UPI,Varanasi,False
TX003413,EMP001,Aarav,2026-06-24,EquipHub,Office,24588.52,Manager B,Engineering,Card,Bengaluru,False
TX003414,EMP004,Ishita,2026-06-24,TravelDesk,Equipment,11956.66,Manager A,Operations,UPI,Delhi,False
TX003415,EMP002,Meera,2026-04-04,TravelDesk,Equipment,19718.93,Manager B,Operations,Card,Varanasi,False
TX003416,EMP005,Rohan,2026-02-01,EquipHub,Software,22416.61,Manager A,Operations,Card,Bengaluru,False
TX003417,EMP003,Kabir,2026-07-12,TechSupply,Software,25882.47,Manager B,Engineering,Card,Mumbai,False
TX003418,EMP004,Ishita,2026-05-14,OfficeMart,Office,21295.2,Manager A,Engineering,Bank Transfer,Bengaluru,False
TX003419,EMP003,Kabir,2026-05-10,CloudWorks,Travel,22352.9,Manager A,Finance,Card,Mumbai,False
TX003420,EMP005,Rohan,2026-02-24,EquipHub,Software,23940.05,Manager B,Engineering,Card,Bengaluru,False
TX003421,EMP004,Ishita,2026-01-01,TechSupply,Software,27541.49,Manager A,Operations,Bank Transfer,Mumbai,False
TX003422,EMP005,Rohan,2026-08-21,EquipHub,Equipment,26971.11,Manager A,Engineering,Bank Transfer,Varanasi,False
TX003423,EMP005,Rohan,2026-06-11,TechSupply,Office,10365.32,Manager B,Finance,Card,Varanasi,False
TX003424,EMP003,Kabir,2026-02-03,OfficeMart,Travel,23797.51,Manager B,Finance,UPI,Bengaluru,False
TX003425,EMP001,Aarav,2026-02-20,TravelDesk,Software,13686.29,Manager A,Operations,UPI,Bengaluru,False
TX003426,EMP003,Kabir,2026-01-15,CloudWorks,Software,17309.82,Manager A,Finance,Bank Transfer,Delhi,False
TX003427,EMP003,Kabir,2026-05-17,OfficeMart,Software,12657.04,Manager A,Finance,Card,Varanasi,False
TX003428,EMP001,Aarav,2026-06-09,TechSupply,Travel,30705.18,Manager B,Finance,Card,Delhi,False
TX003429,EMP005,Rohan,2026-08-28,TechSupply,Equipment,25130.44,Manager B,Operations,Bank Transfer,Bengaluru,False
TX003430,EMP003,Kabir,2026-05-10,TechSupply,Software,18604.01,Manager B,Finance,UPI,Varanasi,False
TX003431,EMP003,Kabir,2026-01-23,TravelDesk,Office,28393.82,Manager A,Operations,Card,Mumbai,False
TX003432,EMP005,Rohan,2026-06-02,EquipHub,Travel,19005.99,Manager B,Operations,UPI,Varanasi,False
TX003433,EMP005,Rohan,2026-05-20,TechSupply,Software,139982.69731867439,Manager A,Engineering,Card,Delhi,True
TX003434,EMP004,Ishita,2026-05-21,EquipHub,Travel,18762.47,Manager B,Engineering,Bank Transfer,Delhi,False
TX003435,EMP005,Rohan,2026-01-21,EquipHub,Office,21014.56,Manager B,Finance,Card,Bengaluru,False
TX003436,EMP003,Kabir,2026-05-16,OfficeMart,Travel,20564.84,Manager A,Engineering,Card,Mumbai,False
TX003437,EMP004,Ishita,2026-01-24,OfficeMart,Equipment,34652.98,Manager B,Operations,UPI,Mumbai,False
TX003438,EMP005,Rohan,2026-04-06,EquipHub,Software,23885.79,Manager A,Finance,Card,Bengaluru,False
TX003439,EMP004,Ishita,2026-08-09,TechSupply,Travel,17457.08,Manager B,Finance,Card,Mumbai,False
TX003440,EMP004,Ishita,2026-06-02,OfficeMart,Equipment,23237.55,Manager A,Finance,Card,Bengaluru,False
TX003441,EMP002,Meera,2026-07-24,CloudWorks,Equipment,25511.86,Manager B,Engineering,Card,Delhi,False
TX003442,EMP004,Ishita,2026-08-28,CloudWorks,Software,16679.99,Manager B,Engineering,UPI,Varanasi,False
TX003443,EMP002,Meera,2026-04-23,TravelDesk,Software,32895.85,Manager B,Engineering,Card,Varanasi,False
TX003444,EMP004,Ishita,2026-05-29,OfficeMart,Office,17869.39,Manager A,Finance,Bank Transfer,Mumbai,False
TX003445,EMP004,Ishita,2026-01-16,TravelDesk,Software,10975.56,Manager B,Engineering,Card,Mumbai,False
TX003446,EMP002,Meera,2026-03-22,CloudWorks,Equipment,13079.52,Manager B,Finance,Bank Transfer,Delhi,False
TX003447,EMP003,Kabir,2026-05-08,EquipHub,Equipment,23282.63,Manager A,Finance,Bank Transfer,Mumbai,False
TX003448,EMP004,Ishita,2026-06-18,TravelDesk,Travel,11611.34,Manager B,Finance,Card,Delhi,False
TX003449,EMP001,Aarav,2026-03-07,TravelDesk,Travel,18428.57,Manager B,Operations,Card,Bengaluru,False
TX003450,EMP001,Aarav,2026-05-23,CloudWorks,Equipment,25773.7,Manager A,Finance,Bank Transfer,Delhi,False
TX003451,EMP003,Kabir,2026-03-03,OfficeMart,Software,23777.29,Manager A,Operations,Card,Bengaluru,False
TX003452,EMP004,Ishita,2026-02-04,EquipHub,Office,18860.13,Manager A,Operations,Bank Transfer,Delhi,False
TX003453,EMP004,Ishita,2026-07-30,TechSupply,Travel,20658.45,Manager B,Finance,Bank Transfer,Mumbai,False
TX003454,EMP002,Meera,2026-06-16,TravelDesk,Travel,16435.52,Manager B,Operations,Bank Transfer,Bengaluru,False
TX003455,EMP005,Rohan,2026-01-30,OfficeMart,Travel,33064.84,Manager A,Operations,Bank Transfer,Bengaluru,False
TX003456,EMP005,Rohan,2026-08-23,TechSupply,Travel,12324.08,Manager B,Operations,Card,Delhi,False
TX003457,EMP003,Kabir,2026-05-17,OfficeMart,Office,22315.88,Manager A,Finance,Card,Delhi,False
TX003458,EMP005,Rohan,2026-02-16,CloudWorks,Software,25080.97,Manager A,Operations,Card,Mumbai,False
TX003459,EMP004,Ishita,2026-06-06,TravelDesk,Software,16483.18,Manager A,Operations,Bank Transfer,Bengaluru,False
TX003460,EMP002,Meera,2026-06-18,OfficeMart,Travel,12373.06,Manager A,Engineering,Bank Transfer,Mumbai,False
TX003461,EMP002,Meera,2026-01-27,TechSupply,Software,8905.16,Manager B,Finance,Bank Transfer,Delhi,False
TX003462,EMP002,Meera,2026-08-03,OfficeMart,Office,17805.92,Manager B,Operations,Card,Mumbai,False
TX003463,EMP004,Ishita,2026-01-15,OfficeMart,Travel,10664.71,Manager B,Operations,Card,Bengaluru,False
TX003464,EMP002,Meera,2026-01-23,TravelDesk,Software,30023.78,Manager B,Finance,Card,Varanasi,False
TX003465,EMP002,Meera,2026-08-25,TravelDesk,Equipment,20339.69,Manager B,Operations,UPI,Delhi,False
TX003466,EMP001,Aarav,2026-02-23,CloudWorks,Equipment,33161.58,Manager A,Finance,Bank Transfer,Varanasi,False
TX003467,EMP005,Rohan,2026-01-24,EquipHub,Equipment,26806.93,Manager B,Operations,Card,Delhi,False
TX003468,EMP003,Kabir,2026-01-13,CloudWorks,Travel,21579.47,Manager B,Finance,Bank Transfer,Bengaluru,False
TX003469,EMP005,Rohan,2026-08-10,EquipHub,Office,19950.98,Manager B,Engineering,Card,Varanasi,False
TX003470,EMP002,Meera,2026-01-27,EquipHub,Software,26615.32,Manager A,Engineering,UPI,Delhi,False
TX003471,EMP002,Meera,2026-02-15,CloudWorks,Travel,15156.34,Manager A,Finance,Card,Bengaluru,False
TX003472,EMP005,Rohan,2026-01-28,OfficeMart,Travel,10682.3,Manager A,Operations,Bank Transfer,Mumbai,False
TX003473,EMP003,Kabir,2026-04-08,CloudWorks,Equipment,310268.0598192696,Manager B,Operations,Card,Varanasi,True
TX003474,EMP003,Kabir,2026-08-13,CloudWorks,Equipment,18523.39,Manager B,Engineering,Card,Mumbai,False
TX003475,EMP003,Kabir,2026-05-27,TechSupply,Office,16696.08,Manager A,Operations,Card,Varanasi,False
TX003476,EMP004,Ishita,2026-01-27,OfficeMart,Travel,10824.59,Manager A,Operations,UPI,Delhi,False
TX003477,EMP004,Ishita,2026-01-20,EquipHub,Travel,14057.28,Manager A,Finance,Bank Transfer,Bengaluru,False
TX003478,EMP005,Rohan,2026-08-06,TravelDesk,Travel,15478.37,Manager A,Finance,Card,Varanasi,False
TX003479,EMP004,Ishita,2026-08-16,TechSupply,Travel,18913.29,Manager A,Engineering,Bank Transfer,Mumbai,False
TX003480,EMP002,Meera,2026-05-14,TechSupply,Equipment,31028.67,Manager B,Engineering,Bank Transfer,Varanasi,False
TX003481,EMP002,Meera,2026-05-20,TechSupply,Travel,21605.75,Manager A,Engineering,Card,Delhi,False
TX003482,EMP004,Ishita,2026-04-23,OfficeMart,Travel,26168.56,Manager B,Engineering,UPI,Varanasi,False
TX003483,EMP005,Rohan,2026-07-25,TechSupply,Equipment,16410.25,Manager A,Finance,UPI,Bengaluru,False
TX003484,EMP002,Meera,2026-01-07,TechSupply,Software,20003.15,Manager B,Finance,Card,Bengaluru,False
TX003485,EMP003,Kabir,2026-02-17,CloudWorks,Travel,21519.6,Manager B,Operations,Card,Bengaluru,False
TX003486,EMP005,Rohan,2026-01-05,OfficeMart,Travel,29123.99,Manager B,Finance,Bank Transfer,Mumbai,False
TX003487,EMP004,Ishita,2026-07-27,TravelDesk,Software,10454.82,Manager A,Finance,UPI,Mumbai,False
TX003488,EMP003,Kabir,2026-03-16,EquipHub,Software,23241.08,Manager B,Finance,UPI,Bengaluru,False
TX003489,EMP004,Ishita,2026-03-21,TechSupply,Office,21787.94,Manager A,Engineering,Card,Delhi,False
TX003490,EMP002,Meera,2026-04-13,EquipHub,Equipment,28030.73,Manager A,Finance,Bank Transfer,Mumbai,False
TX003491,EMP001,Aarav,2026-05-05,CloudWorks,Office,21390.72,Manager B,Finance,UPI,Varanasi,False
TX003492,EMP004,Ishita,2026-02-07,CloudWorks,Office,17703.43,Manager A,Operations,Card,Delhi,False
TX003493,EMP001,Aarav,2026-08-07,OfficeMart,Software,26833.17,Manager B,Engineering,UPI,Delhi,False
TX003494,EMP005,Rohan,2026-03-15,TechSupply,Software,32725.74,Manager A,Engineering,UPI,Delhi,False
TX003495,EMP003,Kabir,2026-02-23,EquipHub,Travel,17996.85,Manager A,Engineering,UPI,Bengaluru,False
TX003496,EMP004,Ishita,2026-05-28,CloudWorks,Office,27742.0,Manager A,Engineering,Bank Transfer,Delhi,False
TX003497,EMP005,Rohan,2026-03-23,EquipHub,Equipment,11511.6,Manager B,Engineering,UPI,Varanasi,False
TX003498,EMP005,Rohan,2026-02-04,CloudWorks,Travel,100.0,Manager B,Finance,Card,Bengaluru,False
TX003499,EMP003,Kabir,2026-07-15,TechSupply,Office,16572.38,Manager A,Operations,Card,Mumbai,False
TX003500,EMP005,Rohan,2026-01-09,TechSupply,Software,12487.08,Manager A,Finance,Bank Transfer,Delhi,False
TX003501,EMP004,Ishita,2026-03-14,EquipHub,Office,14277.95,Manager A,Operations,Bank Transfer,Mumbai,False
TX003502,EMP003,Kabir,2026-01-22,CloudWorks,Software,20254.34,Manager B,Finance,UPI,Delhi,False
TX003503,EMP001,Aarav,2026-04-02,TechSupply,Equipment,16673.26,Manager A,Operations,Card,Bengaluru,False
TX003504,EMP003,Kabir,2026-08-27,TechSupply,Equipment,24933.22,Manager B,Operations,UPI,Delhi,False
TX003505,EMP004,Ishita,2026-08-11,TravelDesk,Software,14094.4,Manager B,Engineering,Card,Varanasi,False
TX003506,EMP001,Aarav,2026-08-26,OfficeMart,Office,22074.17,Manager B,Engineering,Bank Transfer,Varanasi,False
TX003507,EMP001,Aarav,2026-02-16,TechSupply,Travel,23000.23,Manager B,Finance,Card,Delhi,False
TX003508,EMP005,Rohan,2026-05-19,EquipHub,Travel,10449.67,Manager A,Operations,Card,Varanasi,False
TX003509,EMP002,Meera,2026-03-14,TravelDesk,Software,14262.8,Manager B,Engineering,UPI,Varanasi,False
TX003510,EMP005,Rohan,2026-06-03,CloudWorks,Travel,32963.72,Manager B,Finance,Card,Varanasi,False
TX003511,EMP001,Aarav,2026-03-31,TechSupply,Travel,23077.97,Manager B,Finance,Card,Delhi,False
TX003512,EMP002,Meera,2026-08-13,OfficeMart,Office,17451.04,Manager A,Operations,UPI,Mumbai,False
TX003513,EMP004,Ishita,2026-03-03,OfficeMart,Equipment,24026.95,Manager A,Finance,Bank Transfer,Varanasi,False
TX003514,EMP004,Ishita,2026-07-04,OfficeMart,Software,10155.16,Manager A,Operations,Card,Delhi,False
TX003515,EMP001,Aarav,2026-02-22,OfficeMart,Office,16805.39,Manager A,Operations,Card,Delhi,False
TX003516,EMP003,Kabir,2026-01-05,EquipHub,Office,20950.01,Manager B,Operations,Card,Bengaluru,False
TX003517,EMP004,Ishita,2026-02-01,CloudWorks,Travel,26704.58,Manager A,Operations,Card,Mumbai,False
TX003518,EMP003,Kabir,2026-08-26,TravelDesk,Office,20202.38,Manager B,Engineering,UPI,Bengaluru,False
TX003519,EMP004,Ishita,2026-08-18,CloudWorks,Travel,20624.77,Manager B,Finance,Bank Transfer,Bengaluru,False
TX003520,EMP003,Kabir,2026-05-29,TechSupply,Travel,17034.43,Manager B,Finance,Bank Transfer,Delhi,False
TX003521,EMP003,Kabir,2026-06-10,OfficeMart,Equipment,11507.32,Manager B,Operations,Card,Mumbai,False
TX003522,EMP003,Kabir,2026-01-11,CloudWorks,Office,484731.918040845,Manager A,Operations,UPI,Varanasi,True
TX003523,EMP001,Aarav,2026-07-08,EquipHub,Office,23183.67,Manager B,Operations,Card,Bengaluru,False
TX003524,EMP004,Ishita,2026-05-08,CloudWorks,Office,22623.58,Manager B,Engineering,Card,Delhi,False
TX003525,EMP005,Rohan,2026-04-06,CloudWorks,Software,30057.43,Manager B,Operations,UPI,Varanasi,False
TX003526,EMP005,Rohan,2026-02-05,CloudWorks,Travel,14247.68,Manager B,Engineering,Card,Bengaluru,False
TX003527,EMP002,Meera,2026-05-27,EquipHub,Office,16659.42,Manager A,Operations,Bank Transfer,Varanasi,False
TX003528,EMP005,Rohan,2026-01-24,TravelDesk,Travel,15859.33,Manager B,Engineering,Bank Transfer,Delhi,False
TX003529,EMP002,Meera,2026-01-05,EquipHub,Equipment,26712.41,Manager B,Engineering,Bank Transfer,Bengaluru,False
TX003530,EMP005,Rohan,2026-03-10,TechSupply,Equipment,22674.33,Manager A,Operations,UPI,Delhi,False
TX003531,EMP001,Aarav,2026-04-03,TravelDesk,Office,25026.13,Manager A,Finance,Bank Transfer,Varanasi,False
TX003532,EMP001,Aarav,2026-07-07,TechSupply,Travel,15404.86,Manager A,Engineering,UPI,Mumbai,False
TX003533,EMP002,Meera,2026-03-31,TravelDesk,Office,18067.31,Manager B,Operations,Card,Varanasi,False
TX003534,EMP001,Aarav,2026-05-24,TravelDesk,Travel,20147.65,Manager A,Operations,UPI,Bengaluru,False
TX003535,EMP002,Meera,2026-02-07,OfficeMart,Travel,22091.76,Manager A,Finance,Card,Bengaluru,False
TX003536,EMP002,Meera,2026-01-20,TechSupply,Equipment,21375.92,Manager A,Operations,Bank Transfer,Varanasi,False
TX003537,EMP001,Aarav,2026-02-05,OfficeMart,Office,12865.09,Manager A,Engineering,Card,Delhi,False
TX003538,EMP005,Rohan,2026-07-18,TechSupply,Software,29954.68,Manager A,Finance,Card,Delhi,False
TX003539,EMP002,Meera,2026-06-28,EquipHub,Travel,15275.47,Manager B,Operations,Bank Transfer,Bengaluru,False
TX003540,EMP002,Meera,2026-03-21,OfficeMart,Equipment,22014.6,Manager A,Engineering,Bank Transfer,Mumbai,False
TX003541,EMP004,Ishita,2026-03-07,TravelDesk,Office,10869.23,Manager A,Engineering,Card,Bengaluru,False
TX003542,EMP004,Ishita,2026-05-26,OfficeMart,Equipment,25333.22,Manager B,Engineering,Bank Transfer,Mumbai,False
TX003543,EMP003,Kabir,2026-08-13,OfficeMart,Equipment,18666.04,Manager A,Finance,UPI,Varanasi,False
TX003544,EMP002,Meera,2026-01-01,OfficeMart,Equipment,15368.25,Manager A,Engineering,Bank Transfer,Delhi,False
TX003545,EMP002,Meera,2026-05-27,TravelDesk,Equipment,9258.21,Manager A,Finance,UPI,Mumbai,False
TX003546,EMP004,Ishita,2026-07-30,EquipHub,Office,17142.32,Manager A,Finance,Bank Transfer,Varanasi,False
TX003547,EMP002,Meera,2026-03-18,TechSupply,Travel,20050.18,Manager B,Operations,UPI,Bengaluru,False
TX003548,EMP001,Aarav,2026-07-23,OfficeMart,Office,21943.03,Manager A,Finance,Bank Transfer,Delhi,False
TX003549,EMP001,Aarav,2026-07-11,TechSupply,Equipment,20601.95,Manager B,Engineering,Bank Transfer,Mumbai,False
TX003550,EMP004,Ishita,2026-04-20,OfficeMart,Software,19374.86,Manager B,Engineering,Card,Delhi,False
TX003551,EMP005,Rohan,2026-01-20,TechSupply,Office,19069.27,Manager B,Engineering,UPI,Mumbai,False
TX003552,EMP004,Ishita,2026-01-05,TravelDesk,Equipment,25945.92,Manager A,Finance,Card,Mumbai,False
TX003553,EMP002,Meera,2026-05-27,TechSupply,Travel,28014.98,Manager A,Engineering,Card,Bengaluru,False
TX003554,EMP005,Rohan,2026-01-14,EquipHub,Equipment,17719.03,Manager B,Operations,UPI,Mumbai,False
TX003555,EMP003,Kabir,2026-06-02,CloudWorks,Software,22223.33,Manager B,Engineering,Card,Delhi,False
TX003556,EMP005,Rohan,2026-02-27,EquipHub,Software,26469.1,Manager B,Finance,Card,Varanasi,False
TX003557,EMP001,Aarav,2026-07-11,EquipHub,Office,18848.25,Manager B,Operations,Card,Bengaluru,False
TX003558,EMP005,Rohan,2026-08-09,CloudWorks,Software,22939.52,Manager B,Finance,UPI,Varanasi,False
TX003559,EMP002,Meera,2026-02-09,TechSupply,Software,15704.55,Manager B,Engineering,Card,Mumbai,False
TX003560,EMP002,Meera,2026-03-26,OfficeMart,Software,22906.27,Manager A,Finance,Bank Transfer,Mumbai,False
TX003561,EMP003,Kabir,2026-06-10,EquipHub,Travel,15228.93,Manager A,Finance,Bank Transfer,Delhi,False
TX003562,EMP004,Ishita,2026-01-30,TravelDesk,Equipment,13457.17,Manager B,Operations,UPI,Bengaluru,False
TX003563,EMP002,Meera,2026-07-22,TravelDesk,Travel,24622.3,Manager B,Operations,Bank Transfer,Varanasi,False
TX003564,EMP003,Kabir,2026-02-28,TravelDesk,Office,17705.48,Manager B,Finance,Bank Transfer,Bengaluru,False
TX003565,EMP005,Rohan,2026-02-20,OfficeMart,Software,27656.33,Manager A,Finance,UPI,Delhi,False
TX003566,EMP001,Aarav,2026-08-28,EquipHub,Equipment,19557.68,Manager A,Engineering,Bank Transfer,Varanasi,False
TX003567,EMP003,Kabir,2026-06-28,TravelDesk,Office,14285.21,Manager B,Engineering,Bank Transfer,Mumbai,False
TX003568,EMP003,Kabir,2026-01-22,TechSupply,Office,26947.92,Manager B,Operations,UPI,Bengaluru,False
TX003569,EMP002,Meera,2026-07-17,TechSupply,Office,17938.34,Manager B,Operations,Bank Transfer,Delhi,False
TX003570,EMP003,Kabir,2026-04-01,CloudWorks,Office,15603.52,Manager B,Operations,Bank Transfer,Mumbai,False
TX003571,EMP005,Rohan,2026-05-19,OfficeMart,Travel,25469.4,Manager A,Finance,Card,Bengaluru,False
TX003572,EMP004,Ishita,2026-05-10,CloudWorks,Software,28392.03,Manager B,Operations,UPI,Mumbai,False
TX003573,EMP005,Rohan,2026-01-01,TravelDesk,Equipment,16891.54,Manager A,Finance,Card,Delhi,False
TX003574,EMP001,Aarav,2026-04-02,TechSupply,Office,17726.59,Manager B,Engineering,Bank Transfer,Varanasi,False
TX003575,EMP002,Meera,2026-04-10,TravelDesk,Travel,20027.67,Manager A,Engineering,Bank Transfer,Delhi,False
TX003576,EMP001,Aarav,2026-04-08,CloudWorks,Office,21122.47,Manager A,Engineering,Card,Mumbai,False
TX003577,EMP003,Kabir,2026-07-16,CloudWorks,Software,23057.27,Manager B,Finance,UPI,Varanasi,False
TX003578,EMP004,Ishita,2026-04-04,CloudWorks,Office,21832.8,Manager B,Finance,Bank Transfer,Delhi,False
TX003579,EMP003,Kabir,2026-03-10,EquipHub,Equipment,25357.88,Manager A,Finance,Bank Transfer,Delhi,False
TX003580,EMP003,Kabir,2026-02-27,TechSupply,Software,15047.23,Manager B,Finance,UPI,Mumbai,False
TX003581,EMP002,Meera,2026-08-19,EquipHub,Travel,18757.24,Manager B,Operations,Bank Transfer,Bengaluru,False
TX003582,EMP001,Aarav,2026-04-27,TechSupply,Office,17440.33,Manager A,Finance,Bank Transfer,Varanasi,False
TX003583,EMP002,Meera,2026-01-01,CloudWorks,Software,22528.72,Manager A,Engineering,Card,Bengaluru,False
TX003584,EMP005,Rohan,2026-04-27,EquipHub,Office,21713.59,Manager A,Operations,UPI,Delhi,False
TX003585,EMP004,Ishita,2026-05-29,EquipHub,Equipment,19319.42,Manager B,Operations,Bank Transfer,Delhi,False
TX003586,EMP004,Ishita,2026-03-21,CloudWorks,Software,19859.59,Manager A,Engineering,UPI,Delhi,False
TX003587,EMP002,Meera,2026-04-25,TechSupply,Equipment,24826.59,Manager B,Finance,UPI,Mumbai,False
TX003588,EMP005,Rohan,2026-05-16,EquipHub,Software,23069.76,Manager B,Finance,UPI,Mumbai,False
TX003589,EMP003,Kabir,2026-08-05,TechSupply,Equipment,16018.63,Manager A,Operations,Card,Delhi,False
TX003590,EMP005,Rohan,2026-01-01,TravelDesk,Travel,12631.3,Manager A,Engineering,UPI,Mumbai,False
TX003591,EMP002,Meera,2026-06-12,OfficeMart,Office,36032.52,Manager B,Finance,UPI,Varanasi,False
TX003592,EMP003,Kabir,2026-07-06,OfficeMart,Office,15042.72,Manager B,Finance,Bank Transfer,Delhi,False
TX003593,EMP005,Rohan,2026-05-22,EquipHub,Equipment,7514.42,Manager B,Finance,Card,Varanasi,False
TX003594,EMP003,Kabir,2026-08-11,TechSupply,Office,21279.07,Manager B,Engineering,Card,Varanasi,False
TX003595,EMP001,Aarav,2026-01-29,CloudWorks,Travel,24210.63,Manager A,Finance,UPI,Mumbai,False
TX003596,EMP005,Rohan,2026-06-17,TravelDesk,Software,17631.65,Manager B,Finance,UPI,Mumbai,False
TX003597,EMP005,Rohan,2026-05-04,TravelDesk,Equipment,17123.62,Manager B,Finance,Card,Bengaluru,False
TX003598,EMP001,Aarav,2026-01-07,TravelDesk,Office,14254.21,Manager B,Operations,UPI,Mumbai,False
TX003599,EMP001,Aarav,2026-05-26,EquipHub,Software,25084.09,Manager A,Operations,Card,Varanasi,False
TX003600,EMP004,Ishita,2026-02-21,CloudWorks,Office,21364.94,Manager B,Operations,Bank Transfer,Varanasi,False
TX003601,EMP002,Meera,2026-08-23,EquipHub,Travel,18375.88,Manager B,Engineering,Bank Transfer,Mumbai,False
TX003602,EMP001,Aarav,2026-06-27,EquipHub,Software,16977.38,Manager B,Operations,Bank Transfer,Varanasi,False
TX003603,EMP003,Kabir,2026-06-02,TravelDesk,Software,17192.11,Manager B,Finance,Bank Transfer,Bengaluru,False
TX003604,EMP004,Ishita,2026-01-20,TravelDesk,Software,19800.09,Manager B,Engineering,Bank Transfer,Varanasi,False
TX003605,EMP001,Aarav,2026-06-13,TechSupply,Software,13916.88,Manager B,Engineering,UPI,Delhi,False
TX003606,EMP001,Aarav,2026-03-01,EquipHub,Travel,27117.78,Manager A,Operations,Bank Transfer,Mumbai,False
TX003607,EMP003,Kabir,2026-08-20,OfficeMart,Travel,9228.42,Manager A,Engineering,UPI,Mumbai,False
TX003608,EMP002,Meera,2026-02-15,TechSupply,Software,25739.12,Manager B,Operations,Card,Varanasi,False
TX003609,EMP004,Ishita,2026-08-23,CloudWorks,Equipment,22909.9,Manager A,Operations,Card,Varanasi,False
TX003610,EMP001,Aarav,2026-01-24,TechSupply,Travel,28752.74,Manager A,Engineering,UPI,Mumbai,False
TX003611,EMP002,Meera,2026-03-27,EquipHub,Equipment,15170.86,Manager A,Operations,Bank Transfer,Delhi,False
TX003612,EMP001,Aarav,2026-04-25,TravelDesk,Office,16923.21,Manager B,Engineering,Bank Transfer,Varanasi,False
TX003613,EMP005,Rohan,2026-08-05,OfficeMart,Office,23613.81,Manager A,Engineering,Card,Varanasi,False
TX003614,EMP002,Meera,2026-04-26,TechSupply,Office,19440.21,Manager A,Engineering,Bank Transfer,Mumbai,False
TX003615,EMP001,Aarav,2026-04-11,OfficeMart,Office,16817.02,Manager B,Engineering,Bank Transfer,Mumbai,False
TX003616,EMP003,Kabir,2026-02-05,OfficeMart,Office,23478.49,Manager A,Engineering,Bank Transfer,Mumbai,False
TX003617,EMP002,Meera,2026-06-04,TravelDesk,Equipment,32261.99,Manager B,Finance,Bank Transfer,Bengaluru,False
TX003618,EMP003,Kabir,2026-08-14,CloudWorks,Software,14553.33,Manager A,Finance,Bank Transfer,Mumbai,False
TX003619,EMP003,Kabir,2026-05-08,EquipHub,Software,29573.46,Manager B,Engineering,Bank Transfer,Varanasi,False
TX003620,EMP005,Rohan,2026-04-23,CloudWorks,Office,23234.33,Manager B,Operations,Card,Delhi,False
TX003621,EMP004,Ishita,2026-06-02,OfficeMart,Software,27787.09,Manager A,Operations,Bank Transfer,Mumbai,False
TX003622,EMP004,Ishita,2026-07-05,OfficeMart,Travel,24594.93,Manager A,Engineering,Card,Varanasi,False
TX003623,EMP002,Meera,2026-04-20,CloudWorks,Equipment,212960.80586121354,Manager B,Engineering,Bank Transfer,Mumbai,True
TX003624,EMP003,Kabir,2026-01-17,EquipHub,Travel,13736.05,Manager A,Engineering,Bank Transfer,Delhi,False
TX003625,EMP005,Rohan,2026-02-28,OfficeMart,Software,16696.01,Manager B,Operations,Card,Mumbai,False
TX003626,EMP002,Meera,2026-04-05,TravelDesk,Office,16424.16,Manager A,Engineering,Card,Varanasi,False
TX003627,EMP005,Rohan,2026-01-12,EquipHub,Travel,20037.79,Manager A,Engineering,Card,Bengaluru,False
TX003628,EMP005,Rohan,2026-07-29,OfficeMart,Equipment,12897.59,Manager B,Finance,Bank Transfer,Bengaluru,False
TX003629,EMP002,Meera,2026-03-04,EquipHub,Office,18781.45,Manager B,Engineering,Bank Transfer,Bengaluru,False
TX003630,EMP003,Kabir,2026-08-13,EquipHub,Travel,30087.7,Manager A,Finance,Card,Bengaluru,False
TX003631,EMP002,Meera,2026-02-19,EquipHub,Travel,14832.23,Manager B,Operations,Card,Varanasi,False
TX003632,EMP005,Rohan,2026-06-15,TravelDesk,Office,16014.11,Manager A,Finance,Bank Transfer,Delhi,False
TX003633,EMP002,Meera,2026-08-06,TechSupply,Office,23728.77,Manager A,Operations,Card,Varanasi,False
TX003634,EMP004,Ishita,2026-04-01,OfficeMart,Office,18420.32,Manager A,Operations,UPI,Mumbai,False
TX003635,EMP005,Rohan,2026-05-12,TravelDesk,Travel,19325.03,Manager A,Finance,UPI,Delhi,False
TX003636,EMP004,Ishita,2026-02-04,TravelDesk,Travel,19427.11,Manager A,Operations,Bank Transfer,Bengaluru,False
TX003637,EMP002,Meera,2026-01-26,OfficeMart,Equipment,25846.47,Manager A,Engineering,Card,Mumbai,False
TX003638,EMP001,Aarav,2026-01-29,OfficeMart,Office,12014.62,Manager B,Engineering,UPI,Mumbai,False
TX003639,EMP001,Aarav,2026-08-27,CloudWorks,Equipment,17852.34,Manager B,Operations,Bank Transfer,Delhi,False
TX003640,EMP001,Aarav,2026-02-19,CloudWorks,Travel,16216.36,Manager B,Finance,Card,Delhi,False
TX003641,EMP003,Kabir,2026-07-05,TravelDesk,Equipment,19399.55,Manager A,Finance,Bank Transfer,Mumbai,False
TX003642,EMP004,Ishita,2026-03-07,TravelDesk,Software,16319.0,Manager B,Engineering,Card,Delhi,False
TX003643,EMP003,Kabir,2026-06-27,EquipHub,Office,344361.3263913794,Manager B,Operations,Bank Transfer,Delhi,True
TX003644,EMP005,Rohan,2026-07-26,CloudWorks,Equipment,28869.29,Manager B,Finance,Bank Transfer,Bengaluru,False
TX003645,EMP001,Aarav,2026-02-06,OfficeMart,Equipment,26051.21,Manager B,Finance,UPI,Varanasi,False
TX003646,EMP005,Rohan,2026-01-21,EquipHub,Office,19322.87,Manager A,Operations,UPI,Delhi,False
TX003647,EMP001,Aarav,2026-06-18,CloudWorks,Software,24599.05,Manager A,Engineering,Bank Transfer,Bengaluru,False
TX003648,EMP001,Aarav,2026-02-13,CloudWorks,Equipment,22600.77,Manager A,Operations,UPI,Varanasi,False
TX003649,EMP001,Aarav,2026-02-03,EquipHub,Office,7995.04,Manager B,Engineering,Card,Delhi,False
TX003650,EMP004,Ishita,2026-02-04,TechSupply,Equipment,21798.53,Manager A,Finance,Card,Mumbai,False
TX003651,EMP002,Meera,2026-03-19,OfficeMart,Equipment,22880.51,Manager A,Finance,Bank Transfer,Delhi,False
TX003652,EMP001,Aarav,2026-01-18,CloudWorks,Software,31494.31,Manager B,Operations,Bank Transfer,Mumbai,False
TX003653,EMP002,Meera,2026-08-05,EquipHub,Software,26664.75,Manager A,Operations,Card,Bengaluru,False
TX003654,EMP002,Meera,2026-06-26,OfficeMart,Software,20381.3,Manager B,Finance,Card,Mumbai,False
TX003655,EMP003,Kabir,2026-01-14,TechSupply,Travel,16840.41,Manager B,Finance,Bank Transfer,Bengaluru,False
TX003656,EMP005,Rohan,2026-03-05,TravelDesk,Office,12368.81,Manager B,Finance,Card,Delhi,False
TX003657,EMP003,Kabir,2026-04-13,CloudWorks,Equipment,12589.47,Manager A,Operations,UPI,Varanasi,False
TX003658,EMP004,Ishita,2026-02-06,CloudWorks,Travel,29998.3,Manager A,Finance,UPI,Delhi,False
TX003659,EMP001,Aarav,2026-07-18,TechSupply,Software,21973.81,Manager B,Operations,UPI,Mumbai,False
TX003660,EMP002,Meera,2026-01-04,TravelDesk,Office,16675.64,Manager A,Finance,Bank Transfer,Delhi,False
TX003661,EMP002,Meera,2026-01-03,CloudWorks,Software,13483.74,Manager B,Engineering,UPI,Mumbai,False
TX003662,EMP001,Aarav,2026-07-19,CloudWorks,Office,12284.45,Manager A,Engineering,Bank Transfer,Varanasi,False
TX003663,EMP003,Kabir,2026-06-26,CloudWorks,Travel,19993.17,Manager A,Operations,Card,Bengaluru,False
TX003664,EMP004,Ishita,2026-02-27,OfficeMart,Travel,31325.16,Manager A,Engineering,Bank Transfer,Bengaluru,False
TX003665,EMP001,Aarav,2026-04-21,CloudWorks,Equipment,11613.28,Manager B,Engineering,Bank Transfer,Delhi,False
TX003666,EMP005,Rohan,2026-04-04,EquipHub,Equipment,18418.09,Manager A,Engineering,UPI,Delhi,False
TX003667,EMP004,Ishita,2026-05-18,EquipHub,Travel,18640.67,Manager A,Finance,Card,Mumbai,False
TX003668,EMP005,Rohan,2026-01-08,TechSupply,Travel,21599.36,Manager B,Operations,Bank Transfer,Mumbai,False
TX003669,EMP004,Ishita,2026-04-28,TravelDesk,Office,17788.48,Manager A,Finance,Card,Mumbai,False
TX003670,EMP004,Ishita,2026-06-29,EquipHub,Software,254173.27865717094,Manager A,Operations,UPI,Delhi,True
TX003671,EMP003,Kabir,2026-08-09,OfficeMart,Office,15093.2,Manager A,Finance,Bank Transfer,Varanasi,False
TX003672,EMP004,Ishita,2026-03-15,OfficeMart,Software,9151.24,Manager B,Engineering,Card,Bengaluru,False
TX003673,EMP001,Aarav,2026-01-04,TravelDesk,Travel,21062.02,Manager A,Finance,UPI,Delhi,False
TX003674,EMP004,Ishita,2026-04-30,EquipHub,Equipment,14273.05,Manager B,Operations,Bank Transfer,Delhi,False
TX003675,EMP005,Rohan,2026-05-03,EquipHub,Equipment,9006.24,Manager A,Finance,Card,Varanasi,False
TX003676,EMP001,Aarav,2026-01-09,EquipHub,Software,26702.04,Manager A,Operations,UPI,Bengaluru,False
TX003677,EMP001,Aarav,2026-07-06,TravelDesk,Equipment,21323.48,Manager A,Operations,UPI,Bengaluru,False
TX003678,EMP005,Rohan,2026-01-17,EquipHub,Equipment,21500.59,Manager B,Engineering,UPI,Varanasi,False
TX003679,EMP002,Meera,2026-03-21,CloudWorks,Office,16117.61,Manager A,Operations,Card,Bengaluru,False
TX003680,EMP002,Meera,2026-03-26,EquipHub,Software,18383.39,Manager B,Operations,UPI,Bengaluru,False
TX003681,EMP002,Meera,2026-02-21,TechSupply,Software,25192.19,Manager B,Operations,Card,Mumbai,False
TX003682,EMP002,Meera,2026-05-07,TechSupply,Equipment,17938.67,Manager A,Finance,UPI,Delhi,False
TX003683,EMP004,Ishita,2026-06-20,TechSupply,Travel,25749.42,Manager B,Finance,UPI,Mumbai,False
TX003684,EMP002,Meera,2026-01-26,TravelDesk,Travel,31256.12,Manager B,Engineering,Bank Transfer,Mumbai,False
TX003685,EMP001,Aarav,2026-05-05,TravelDesk,Equipment,13202.15,Manager A,Finance,Card,Bengaluru,False
TX003686,EMP001,Aarav,2026-04-26,CloudWorks,Office,21807.22,Manager B,Operations,Bank Transfer,Varanasi,False
TX003687,EMP003,Kabir,2026-02-21,EquipHub,Office,17183.48,Manager A,Engineering,Bank Transfer,Varanasi,False
TX003688,EMP005,Rohan,2026-06-15,OfficeMart,Software,10148.42,Manager B,Finance,Card,Varanasi,False
TX003689,EMP002,Meera,2026-03-20,CloudWorks,Software,22520.52,Manager B,Finance,UPI,Varanasi,False
TX003690,EMP001,Aarav,2026-07-08,TechSupply,Equipment,4890.78,Manager A,Operations,Card,Bengaluru,False
TX003691,EMP001,Aarav,2026-07-10,EquipHub,Equipment,20398.93,Manager B,Engineering,Bank Transfer,Mumbai,False
TX003692,EMP001,Aarav,2026-07-31,CloudWorks,Office,22855.48,Manager B,Engineering,Card,Bengaluru,False
TX003693,EMP004,Ishita,2026-02-24,OfficeMart,Travel,19999.55,Manager A,Engineering,Card,Delhi,False
TX003694,EMP003,Kabir,2026-01-25,OfficeMart,Equipment,14149.81,Manager A,Finance,Card,Delhi,False
TX003695,EMP004,Ishita,2026-05-20,OfficeMart,Office,15807.67,Manager B,Finance,Card,Mumbai,False
TX003696,EMP005,Rohan,2026-06-20,TravelDesk,Travel,16007.76,Manager B,Engineering,Card,Bengaluru,False
TX003697,EMP001,Aarav,2026-07-01,OfficeMart,Software,20017.21,Manager A,Operations,Card,Varanasi,False
TX003698,EMP003,Kabir,2026-08-06,TechSupply,Travel,21198.92,Manager B,Operations,Bank Transfer,Mumbai,False
TX003699,EMP001,Aarav,2026-03-24,TechSupply,Software,33583.59,Manager A,Finance,Card,Delhi,False
TX003700,EMP002,Meera,2026-08-15,TravelDesk,Travel,19294.21,Manager A,Engineering,Bank Transfer,Delhi,False
TX003701,EMP001,Aarav,2026-05-03,OfficeMart,Software,24579.28,Manager A,Engineering,UPI,Mumbai,False
TX003702,EMP001,Aarav,2026-01-21,OfficeMart,Office,39163.27,Manager B,Engineering,Bank Transfer,Varanasi,False
TX003703,EMP004,Ishita,2026-04-09,TechSupply,Equipment,18969.54,Manager B,Engineering,Bank Transfer,Delhi,False
TX003704,EMP001,Aarav,2026-05-10,OfficeMart,Office,12704.56,Manager A,Finance,Card,Varanasi,False
TX003705,EMP001,Aarav,2026-01-29,OfficeMart,Software,25006.82,Manager A,Engineering,Bank Transfer,Delhi,False
TX003706,EMP004,Ishita,2026-08-06,TechSupply,Software,26515.75,Manager A,Engineering,UPI,Varanasi,False
TX003707,EMP005,Rohan,2026-04-05,TechSupply,Travel,23181.1,Manager B,Engineering,Card,Varanasi,False
TX003708,EMP004,Ishita,2026-03-25,CloudWorks,Software,7401.7,Manager A,Operations,UPI,Mumbai,False
TX003709,EMP005,Rohan,2026-05-01,CloudWorks,Equipment,16728.61,Manager B,Engineering,Bank Transfer,Delhi,False
TX003710,EMP002,Meera,2026-02-03,OfficeMart,Travel,19839.72,Manager B,Engineering,Card,Mumbai,False
TX003711,EMP004,Ishita,2026-05-25,CloudWorks,Travel,26718.4,Manager B,Operations,Card,Delhi,False
TX003712,EMP001,Aarav,2026-08-17,OfficeMart,Software,16174.13,Manager B,Operations,Card,Mumbai,False
TX003713,EMP001,Aarav,2026-04-19,EquipHub,Equipment,22513.44,Manager B,Operations,Bank Transfer,Bengaluru,False
TX003714,EMP005,Rohan,2026-03-08,EquipHub,Travel,24002.29,Manager B,Finance,Card,Delhi,False
TX003715,EMP004,Ishita,2026-05-15,EquipHub,Travel,18317.67,Manager B,Engineering,UPI,Mumbai,False
TX003716,EMP005,Rohan,2026-06-05,CloudWorks,Equipment,17649.85,Manager A,Operations,Bank Transfer,Varanasi,False
TX003717,EMP001,Aarav,2026-07-22,CloudWorks,Travel,19514.58,Manager A,Engineering,UPI,Varanasi,False
TX003718,EMP003,Kabir,2026-07-11,CloudWorks,Software,21004.66,Manager A,Engineering,UPI,Delhi,False
TX003719,EMP002,Meera,2026-03-12,OfficeMart,Equipment,21234.8,Manager A,Finance,Bank Transfer,Bengaluru,False
TX003720,EMP003,Kabir,2026-04-16,TravelDesk,Travel,25598.64,Manager B,Operations,Card,Bengaluru,False
TX003721,EMP004,Ishita,2026-01-22,EquipHub,Travel,24296.99,Manager A,Finance,Card,Delhi,False
TX003722,EMP001,Aarav,2026-03-03,TechSupply,Software,19958.4,Manager A,Engineering,Card,Mumbai,False
TX003723,EMP005,Rohan,2026-03-09,CloudWorks,Travel,19506.99,Manager B,Engineering,Bank Transfer,Delhi,False
TX003724,EMP002,Meera,2026-06-01,CloudWorks,Travel,13775.56,Manager A,Finance,UPI,Delhi,False
TX003725,EMP002,Meera,2026-08-14,CloudWorks,Equipment,11568.28,Manager B,Engineering,Card,Bengaluru,False
TX003726,EMP003,Kabir,2026-04-21,TravelDesk,Equipment,11535.63,Manager B,Finance,UPI,Mumbai,False
TX003727,EMP001,Aarav,2026-01-05,TechSupply,Travel,22017.51,Manager B,Operations,UPI,Delhi,False
TX003728,EMP001,Aarav,2026-03-07,OfficeMart,Equipment,23203.44,Manager B,Finance,UPI,Varanasi,False
TX003729,EMP002,Meera,2026-02-04,TravelDesk,Equipment,21186.47,Manager A,Engineering,Card,Delhi,False
TX003730,EMP002,Meera,2026-01-31,TravelDesk,Software,22790.31,Manager B,Finance,Bank Transfer,Delhi,False
TX003731,EMP005,Rohan,2026-07-20,TravelDesk,Office,17592.73,Manager A,Operations,UPI,Bengaluru,False
TX003732,EMP001,Aarav,2026-05-01,CloudWorks,Travel,25069.69,Manager B,Engineering,Bank Transfer,Mumbai,False
TX003733,EMP005,Rohan,2026-07-22,EquipHub,Travel,10873.72,Manager B,Operations,Bank Transfer,Bengaluru,False
TX003734,EMP002,Meera,2026-02-11,TechSupply,Office,18686.04,Manager A,Operations,UPI,Bengaluru,False
TX003735,EMP002,Meera,2026-03-17,CloudWorks,Equipment,24952.55,Manager B,Engineering,Bank Transfer,Varanasi,False
TX003736,EMP003,Kabir,2026-04-23,CloudWorks,Travel,24454.53,Manager B,Engineering,Bank Transfer,Mumbai,False
TX003737,EMP001,Aarav,2026-08-05,EquipHub,Office,12467.31,Manager B,Engineering,Bank Transfer,Delhi,False
TX003738,EMP003,Kabir,2026-06-08,EquipHub,Software,18598.93,Manager A,Operations,Bank Transfer,Mumbai,False
TX003739,EMP005,Rohan,2026-02-10,CloudWorks,Software,20825.78,Manager B,Operations,Card,Delhi,False
TX003740,EMP001,Aarav,2026-02-13,EquipHub,Equipment,20989.81,Manager B,Operations,UPI,Bengaluru,False
TX003741,EMP001,Aarav,2026-06-02,EquipHub,Office,17269.61,Manager B,Engineering,Bank Transfer,Mumbai,False
TX003742,EMP005,Rohan,2026-02-26,TravelDesk,Equipment,12882.21,Manager B,Engineering,Card,Bengaluru,False
TX003743,EMP002,Meera,2026-04-07,OfficeMart,Software,23018.78,Manager B,Engineering,Card,Delhi,False
TX003744,EMP004,Ishita,2026-04-25,EquipHub,Office,20629.88,Manager A,Operations,Bank Transfer,Delhi,False
TX003745,EMP001,Aarav,2026-08-11,OfficeMart,Software,23387.74,Manager A,Operations,UPI,Varanasi,False
TX003746,EMP002,Meera,2026-02-08,OfficeMart,Travel,12236.97,Manager A,Finance,Bank Transfer,Varanasi,False
TX003747,EMP005,Rohan,2026-02-01,TechSupply,Software,15720.21,Manager B,Finance,Card,Mumbai,False
TX003748,EMP004,Ishita,2026-05-02,CloudWorks,Software,12941.19,Manager A,Finance,UPI,Bengaluru,False
TX003749,EMP002,Meera,2026-07-05,EquipHub,Software,25234.62,Manager B,Engineering,Card,Varanasi,False
TX003750,EMP003,Kabir,2026-02-18,CloudWorks,Travel,12175.59,Manager A,Finance,Card,Bengaluru,False
TX003751,EMP004,Ishita,2026-01-18,OfficeMart,Travel,26137.15,Manager B,Operations,UPI,Bengaluru,False
TX003752,EMP003,Kabir,2026-03-12,EquipHub,Equipment,24807.95,Manager B,Operations,UPI,Varanasi,False
TX003753,EMP001,Aarav,2026-01-09,EquipHub,Equipment,25473.65,Manager A,Engineering,Card,Mumbai,False
TX003754,EMP001,Aarav,2026-02-12,OfficeMart,Office,16093.62,Manager A,Engineering,Bank Transfer,Bengaluru,False
TX003755,EMP002,Meera,2026-07-01,EquipHub,Equipment,17346.77,Manager A,Engineering,Bank Transfer,Bengaluru,False
TX003756,EMP002,Meera,2026-05-13,CloudWorks,Office,8129.3,Manager B,Operations,UPI,Bengaluru,False
TX003757,EMP001,Aarav,2026-07-12,EquipHub,Software,21869.17,Manager B,Engineering,UPI,Mumbai,False
TX003758,EMP005,Rohan,2026-04-22,TravelDesk,Travel,27013.28,Manager B,Finance,Bank Transfer,Delhi,False
TX003759,EMP003,Kabir,2026-03-29,EquipHub,Equipment,31901.73,Manager B,Finance,Bank Transfer,Mumbai,False
TX003760,EMP002,Meera,2026-08-27,OfficeMart,Software,15240.69,Manager B,Engineering,UPI,Bengaluru,False
TX003761,EMP005,Rohan,2026-06-15,EquipHub,Software,18013.47,Manager A,Operations,UPI,Mumbai,False
TX003762,EMP004,Ishita,2026-03-11,TravelDesk,Equipment,14856.65,Manager A,Engineering,UPI,Varanasi,False
TX003763,EMP005,Rohan,2026-08-26,TravelDesk,Equipment,17805.84,Manager A,Finance,UPI,Bengaluru,False
TX003764,EMP005,Rohan,2026-08-12,TechSupply,Travel,24488.64,Manager B,Finance,Bank Transfer,Varanasi,False
TX003765,EMP003,Kabir,2026-04-27,TechSupply,Travel,20423.75,Manager A,Engineering,Bank Transfer,Bengaluru,False
TX003766,EMP005,Rohan,2026-08-10,EquipHub,Equipment,15205.34,Manager B,Operations,UPI,Varanasi,False
TX003767,EMP003,Kabir,2026-04-10,TravelDesk,Office,17134.31,Manager B,Engineering,Card,Mumbai,False
TX003768,EMP004,Ishita,2026-06-17,CloudWorks,Equipment,9293.32,Manager B,Finance,Bank Transfer,Delhi,False
TX003769,EMP001,Aarav,2026-03-31,OfficeMart,Travel,13362.81,Manager A,Engineering,UPI,Delhi,False
TX003770,EMP004,Ishita,2026-07-07,EquipHub,Travel,16365.7,Manager A,Engineering,UPI,Varanasi,False
TX003771,EMP003,Kabir,2026-05-09,EquipHub,Office,14368.28,Manager B,Finance,Card,Bengaluru,False
TX003772,EMP004,Ishita,2026-06-13,TechSupply,Equipment,21714.38,Manager A,Finance,Card,Varanasi,False
TX003773,EMP004,Ishita,2026-02-02,TechSupply,Software,20979.42,Manager A,Finance,UPI,Varanasi,False
TX003774,EMP003,Kabir,2026-08-11,TravelDesk,Software,28412.45,Manager A,Finance,Bank Transfer,Mumbai,False
TX003775,EMP003,Kabir,2026-07-10,TravelDesk,Travel,20495.94,Manager B,Finance,UPI,Delhi,False
TX003776,EMP004,Ishita,2026-04-30,TechSupply,Travel,26588.99,Manager B,Finance,Card,Delhi,False
TX003777,EMP005,Rohan,2026-04-30,CloudWorks,Office,12055.91,Manager B,Operations,Card,Varanasi,False
TX003778,EMP005,Rohan,2026-02-25,OfficeMart,Travel,27112.3,Manager A,Engineering,UPI,Delhi,False
TX003779,EMP005,Rohan,2026-08-28,TravelDesk,Travel,17294.38,Manager A,Operations,Bank Transfer,Varanasi,False
TX003780,EMP003,Kabir,2026-03-02,OfficeMart,Office,18285.85,Manager B,Operations,Bank Transfer,Varanasi,False
TX003781,EMP001,Aarav,2026-07-20,TechSupply,Travel,23874.11,Manager B,Finance,Card,Varanasi,False
TX003782,EMP005,Rohan,2026-04-29,EquipHub,Equipment,11408.59,Manager A,Finance,Bank Transfer,Delhi,False
TX003783,EMP002,Meera,2026-01-18,CloudWorks,Travel,26379.9,Manager B,Finance,Card,Bengaluru,False
TX003784,EMP005,Rohan,2026-04-02,EquipHub,Equipment,15910.48,Manager B,Operations,Bank Transfer,Varanasi,False
TX003785,EMP004,Ishita,2026-01-23,OfficeMart,Travel,28104.46,Manager A,Engineering,UPI,Varanasi,False
TX003786,EMP001,Aarav,2026-06-01,OfficeMart,Equipment,12260.47,Manager B,Engineering,Card,Delhi,False
TX003787,EMP002,Meera,2026-01-30,OfficeMart,Software,27216.34,Manager B,Finance,UPI,Varanasi,False
TX003788,EMP005,Rohan,2026-01-17,TechSupply,Software,8826.92,Manager A,Engineering,UPI,Mumbai,False
TX003789,EMP003,Kabir,2026-02-05,TravelDesk,Office,17110.06,Manager B,Operations,Card,Mumbai,False
TX003790,EMP004,Ishita,2026-03-27,EquipHub,Travel,20402.73,Manager A,Engineering,Card,Mumbai,False
TX003791,EMP005,Rohan,2026-04-19,TechSupply,Office,24433.14,Manager A,Operations,Card,Varanasi,False
TX003792,EMP005,Rohan,2026-08-07,EquipHub,Software,23902.0,Manager A,Engineering,Bank Transfer,Bengaluru,False
TX003793,EMP003,Kabir,2026-03-07,TravelDesk,Office,19386.67,Manager B,Operations,UPI,Varanasi,False
TX003794,EMP004,Ishita,2026-06-15,TechSupply,Software,23210.71,Manager B,Operations,Card,Mumbai,False
TX003795,EMP005,Rohan,2026-08-27,TechSupply,Equipment,25925.61,Manager A,Engineering,Card,Delhi,False
TX003796,EMP003,Kabir,2026-02-26,TravelDesk,Office,19719.97,Manager B,Finance,UPI,Mumbai,False
TX003797,EMP003,Kabir,2026-06-04,EquipHub,Software,19488.75,Manager B,Finance,UPI,Delhi,False
TX003798,EMP003,Kabir,2026-04-27,OfficeMart,Travel,19164.96,Manager A,Engineering,UPI,Bengaluru,False
TX003799,EMP002,Meera,2026-04-05,OfficeMart,Travel,15561.98,Manager B,Engineering,Bank Transfer,Delhi,False
TX003800,EMP002,Meera,2026-07-30,TravelDesk,Office,8860.96,Manager B,Finance,Card,Mumbai,False
TX003801,EMP003,Kabir,2026-08-04,TechSupply,Equipment,23471.56,Manager A,Engineering,Card,Mumbai,False
TX003802,EMP001,Aarav,2026-07-17,OfficeMart,Travel,21058.4,Manager B,Finance,UPI,Bengaluru,False
TX003803,EMP004,Ishita,2026-07-28,TravelDesk,Software,15803.95,Manager B,Operations,UPI,Delhi,False
TX003804,EMP004,Ishita,2026-01-07,CloudWorks,Equipment,20509.91,Manager B,Finance,UPI,Varanasi,False
TX003805,EMP003,Kabir,2026-08-18,TravelDesk,Office,17014.4,Manager A,Finance,UPI,Mumbai,False
TX003806,EMP002,Meera,2026-03-31,EquipHub,Equipment,12968.69,Manager A,Engineering,Bank Transfer,Bengaluru,False
TX003807,EMP001,Aarav,2026-06-08,EquipHub,Software,12134.33,Manager B,Finance,Bank Transfer,Delhi,False
TX003808,EMP005,Rohan,2026-06-10,CloudWorks,Equipment,107990.04333742216,Manager A,Engineering,Card,Mumbai,True
TX003809,EMP003,Kabir,2026-02-25,TechSupply,Travel,23833.93,Manager B,Finance,Bank Transfer,Mumbai,False
TX003810,EMP005,Rohan,2026-08-15,TechSupply,Travel,20250.21,Manager A,Operations,Bank Transfer,Bengaluru,False
TX003811,EMP005,Rohan,2026-03-23,EquipHub,Software,33027.56,Manager B,Engineering,UPI,Delhi,False
TX003812,EMP005,Rohan,2026-01-27,EquipHub,Equipment,25946.36,Manager B,Operations,Card,Delhi,False
TX003813,EMP003,Kabir,2026-07-22,TechSupply,Equipment,28735.39,Manager B,Engineering,UPI,Bengaluru,False
TX003814,EMP005,Rohan,2026-04-23,CloudWorks,Equipment,21641.58,Manager A,Finance,Card,Bengaluru,False
TX003815,EMP004,Ishita,2026-05-02,OfficeMart,Software,12807.13,Manager B,Operations,UPI,Bengaluru,False
TX003816,EMP003,Kabir,2026-02-08,OfficeMart,Equipment,18988.27,Manager B,Operations,Bank Transfer,Mumbai,False
TX003817,EMP002,Meera,2026-02-09,TechSupply,Equipment,17317.09,Manager B,Engineering,Card,Delhi,False
TX003818,EMP002,Meera,2026-08-16,OfficeMart,Office,30698.73,Manager A,Finance,Bank Transfer,Varanasi,False
TX003819,EMP003,Kabir,2026-01-30,OfficeMart,Office,12538.01,Manager B,Finance,Bank Transfer,Varanasi,False
TX003820,EMP004,Ishita,2026-08-05,TravelDesk,Equipment,20587.39,Manager A,Finance,Card,Delhi,False
TX003821,EMP001,Aarav,2026-02-20,CloudWorks,Equipment,16395.83,Manager B,Operations,Card,Mumbai,False
TX003822,EMP004,Ishita,2026-07-30,EquipHub,Equipment,4480.1,Manager A,Operations,UPI,Bengaluru,False
TX003823,EMP004,Ishita,2026-02-27,CloudWorks,Office,22462.2,Manager A,Engineering,UPI,Bengaluru,False
TX003824,EMP002,Meera,2026-05-06,TravelDesk,Travel,25421.21,Manager B,Engineering,UPI,Delhi,False
TX003825,EMP001,Aarav,2026-06-15,EquipHub,Travel,26340.39,Manager B,Finance,Card,Mumbai,False
TX003826,EMP002,Meera,2026-01-03,EquipHub,Office,24590.47,Manager B,Operations,Card,Bengaluru,False
TX003827,EMP001,Aarav,2026-01-25,EquipHub,Software,22866.75,Manager B,Operations,UPI,Delhi,False
TX003828,EMP002,Meera,2026-05-05,EquipHub,Equipment,19489.98,Manager B,Finance,UPI,Delhi,False
TX003829,EMP005,Rohan,2026-08-01,TechSupply,Travel,31674.16,Manager A,Engineering,Card,Mumbai,False
TX003830,EMP005,Rohan,2026-07-06,OfficeMart,Office,16331.41,Manager B,Engineering,UPI,Delhi,False
TX003831,EMP004,Ishita,2026-01-27,EquipHub,Software,23679.73,Manager B,Finance,UPI,Varanasi,False
TX003832,EMP004,Ishita,2026-06-21,TechSupply,Office,14469.54,Manager A,Finance,Card,Delhi,False
TX003833,EMP005,Rohan,2026-06-26,CloudWorks,Office,34456.38,Manager A,Finance,Bank Transfer,Varanasi,False
TX003834,EMP005,Rohan,2026-05-25,TravelDesk,Software,26295.35,Manager A,Engineering,Card,Mumbai,False
TX003835,EMP002,Meera,2026-01-07,TravelDesk,Office,22829.54,Manager B,Engineering,Card,Mumbai,False
TX003836,EMP004,Ishita,2026-03-03,TravelDesk,Travel,23248.44,Manager B,Finance,Bank Transfer,Bengaluru,False
TX003837,EMP002,Meera,2026-08-21,TechSupply,Software,23943.05,Manager B,Engineering,Bank Transfer,Varanasi,False
TX003838,EMP003,Kabir,2026-05-21,CloudWorks,Travel,34791.81,Manager A,Engineering,Bank Transfer,Varanasi,False
TX003839,EMP004,Ishita,2026-07-21,TravelDesk,Equipment,20385.58,Manager A,Finance,Card,Bengaluru,False
TX003840,EMP005,Rohan,2026-06-14,OfficeMart,Office,17270.93,Manager B,Operations,Card,Delhi,False
TX003841,EMP004,Ishita,2026-02-01,CloudWorks,Travel,19676.35,Manager A,Finance,Bank Transfer,Mumbai,False
TX003842,EMP003,Kabir,2026-01-15,EquipHub,Equipment,16233.18,Manager A,Engineering,Bank Transfer,Bengaluru,False
TX003843,EMP004,Ishita,2026-06-09,CloudWorks,Office,27503.56,Manager B,Engineering,Card,Delhi,False
TX003844,EMP003,Kabir,2026-07-09,OfficeMart,Equipment,21338.99,Manager B,Operations,UPI,Varanasi,False
TX003845,EMP003,Kabir,2026-03-07,OfficeMart,Software,19810.46,Manager A,Finance,UPI,Bengaluru,False
TX003846,EMP002,Meera,2026-06-18,CloudWorks,Software,15563.07,Manager B,Finance,Card,Mumbai,False
TX003847,EMP003,Kabir,2026-05-26,OfficeMart,Software,17055.76,Manager A,Engineering,Bank Transfer,Varanasi,False
TX003848,EMP003,Kabir,2026-01-11,TravelDesk,Travel,17971.6,Manager B,Finance,Card,Mumbai,False
TX003849,EMP002,Meera,2026-05-12,TravelDesk,Office,21508.33,Manager B,Engineering,Bank Transfer,Bengaluru,False
TX003850,EMP002,Meera,2026-07-20,EquipHub,Equipment,7783.76,Manager B,Finance,UPI,Bengaluru,False
TX003851,EMP003,Kabir,2026-04-05,TechSupply,Travel,11392.26,Manager A,Finance,UPI,Delhi,False
TX003852,EMP003,Kabir,2026-01-21,TravelDesk,Travel,14454.88,Manager B,Finance,Card,Bengaluru,False
TX003853,EMP004,Ishita,2026-05-31,OfficeMart,Travel,24329.64,Manager A,Engineering,Card,Bengaluru,False
TX003854,EMP002,Meera,2026-05-11,TravelDesk,Travel,20246.21,Manager B,Operations,Bank Transfer,Bengaluru,False
TX003855,EMP003,Kabir,2026-08-13,TravelDesk,Office,15293.61,Manager B,Finance,Bank Transfer,Mumbai,False
TX003856,EMP005,Rohan,2026-03-22,OfficeMart,Office,24692.63,Manager A,Finance,UPI,Bengaluru,False
TX003857,EMP003,Kabir,2026-06-05,TravelDesk,Office,15753.3,Manager A,Finance,Bank Transfer,Bengaluru,False
TX003858,EMP005,Rohan,2026-08-11,EquipHub,Software,18350.53,Manager B,Operations,Bank Transfer,Mumbai,False
TX003859,EMP002,Meera,2026-08-27,OfficeMart,Equipment,16261.69,Manager A,Finance,UPI,Delhi,False
TX003860,EMP005,Rohan,2026-01-06,TravelDesk,Travel,26705.41,Manager B,Operations,Bank Transfer,Delhi,False
TX003861,EMP001,Aarav,2026-07-30,TechSupply,Software,21617.22,Manager B,Operations,Bank Transfer,Varanasi,False
TX003862,EMP004,Ishita,2026-06-29,TechSupply,Software,16687.24,Manager B,Engineering,Bank Transfer,Delhi,False
TX003863,EMP005,Rohan,2026-01-14,CloudWorks,Office,23814.25,Manager B,Engineering,Bank Transfer,Varanasi,False
TX003864,EMP002,Meera,2026-05-21,OfficeMart,Travel,21699.69,Manager A,Engineering,Card,Bengaluru,False
TX003865,EMP001,Aarav,2026-04-29,EquipHub,Travel,35248.23,Manager B,Finance,Card,Varanasi,False
TX003866,EMP002,Meera,2026-07-02,TravelDesk,Travel,15160.8,Manager A,Operations,UPI,Varanasi,False
TX003867,EMP002,Meera,2026-06-07,EquipHub,Travel,19243.63,Manager B,Engineering,Card,Bengaluru,False
TX003868,EMP001,Aarav,2026-04-14,OfficeMart,Software,15960.35,Manager A,Operations,UPI,Mumbai,False
TX003869,EMP005,Rohan,2026-07-23,CloudWorks,Travel,11585.9,Manager A,Operations,Bank Transfer,Varanasi,False
TX003870,EMP001,Aarav,2026-07-21,OfficeMart,Travel,8814.11,Manager A,Finance,Bank Transfer,Varanasi,False
TX003871,EMP002,Meera,2026-04-23,EquipHub,Office,21905.6,Manager B,Engineering,UPI,Varanasi,False
TX003872,EMP002,Meera,2026-06-16,TravelDesk,Office,23864.0,Manager A,Finance,Bank Transfer,Delhi,False
TX003873,EMP002,Meera,2026-08-02,TravelDesk,Equipment,18894.17,Manager B,Engineering,Bank Transfer,Varanasi,False
TX003874,EMP005,Rohan,2026-02-25,TechSupply,Office,25898.28,Manager A,Operations,UPI,Mumbai,False
TX003875,EMP005,Rohan,2026-05-06,TechSupply,Software,19291.64,Manager A,Finance,Card,Bengaluru,False
TX003876,EMP005,Rohan,2026-05-08,TravelDesk,Software,23099.59,Manager A,Engineering,Card,Mumbai,False
TX003877,EMP003,Kabir,2026-02-20,TravelDesk,Travel,17372.38,Manager B,Engineering,UPI,Mumbai,False
TX003878,EMP005,Rohan,2026-03-26,OfficeMart,Equipment,29930.05,Manager B,Operations,Bank Transfer,Delhi,False
TX003879,EMP004,Ishita,2026-07-31,TravelDesk,Equipment,9752.91,Manager A,Engineering,UPI,Varanasi,False
TX003880,EMP004,Ishita,2026-01-30,TravelDesk,Travel,20210.04,Manager A,Engineering,UPI,Varanasi,False
TX003881,EMP005,Rohan,2026-08-12,TravelDesk,Equipment,28983.11,Manager A,Engineering,Card,Varanasi,False
TX003882,EMP004,Ishita,2026-07-28,TravelDesk,Software,34124.09,Manager A,Operations,Bank Transfer,Bengaluru,False
TX003883,EMP004,Ishita,2026-01-04,EquipHub,Software,31718.87,Manager A,Engineering,Card,Bengaluru,False
TX003884,EMP002,Meera,2026-02-19,TechSupply,Office,16660.11,Manager A,Operations,UPI,Delhi,False
TX003885,EMP003,Kabir,2026-02-23,TravelDesk,Software,17030.96,Manager A,Finance,Card,Delhi,False
TX003886,EMP002,Meera,2026-07-26,TechSupply,Travel,9029.17,Manager A,Engineering,UPI,Bengaluru,False
TX003887,EMP005,Rohan,2026-05-13,OfficeMart,Travel,23424.98,Manager A,Finance,Bank Transfer,Bengaluru,False
TX003888,EMP003,Kabir,2026-04-21,CloudWorks,Office,10027.8,Manager B,Finance,Card,Delhi,False
TX003889,EMP001,Aarav,2026-07-21,OfficeMart,Equipment,22729.37,Manager A,Operations,Bank Transfer,Mumbai,False
TX003890,EMP001,Aarav,2026-03-16,CloudWorks,Software,13442.32,Manager A,Engineering,Card,Delhi,False
TX003891,EMP001,Aarav,2026-01-12,OfficeMart,Travel,12980.1,Manager A,Operations,UPI,Mumbai,False
TX003892,EMP001,Aarav,2026-05-15,EquipHub,Office,14930.31,Manager B,Operations,Card,Mumbai,False
TX003893,EMP001,Aarav,2026-07-28,TravelDesk,Software,11385.46,Manager A,Engineering,Bank Transfer,Varanasi,False
TX003894,EMP003,Kabir,2026-01-19,CloudWorks,Equipment,16712.27,Manager B,Finance,Card,Mumbai,False
TX003895,EMP005,Rohan,2026-03-08,OfficeMart,Travel,7719.93,Manager B,Engineering,UPI,Bengaluru,False
TX003896,EMP004,Ishita,2026-06-02,TravelDesk,Software,12909.18,Manager A,Finance,UPI,Varanasi,False
TX003897,EMP003,Kabir,2026-03-06,CloudWorks,Equipment,11809.13,Manager B,Operations,UPI,Bengaluru,False
TX003898,EMP005,Rohan,2026-03-30,TravelDesk,Software,387366.6781183999,Manager A,Finance,Bank Transfer,Delhi,True
TX003899,EMP005,Rohan,2026-01-05,TravelDesk,Equipment,22741.61,Manager B,Operations,UPI,Delhi,False
TX003900,EMP001,Aarav,2026-02-28,TravelDesk,Equipment,15623.76,Manager B,Finance,Card,Bengaluru,False
TX003901,EMP003,Kabir,2026-05-15,TravelDesk,Equipment,26504.89,Manager B,Operations,UPI,Bengaluru,False
TX003902,EMP002,Meera,2026-06-23,EquipHub,Travel,18563.51,Manager B,Finance,Card,Varanasi,False
TX003903,EMP005,Rohan,2026-06-06,TravelDesk,Travel,26398.63,Manager A,Engineering,Bank Transfer,Mumbai,False
TX003904,EMP005,Rohan,2026-01-21,CloudWorks,Travel,21912.76,Manager A,Finance,UPI,Varanasi,False
TX003905,EMP004,Ishita,2026-04-29,OfficeMart,Equipment,23794.91,Manager B,Engineering,UPI,Delhi,False
TX003906,EMP003,Kabir,2026-06-29,TechSupply,Travel,25903.19,Manager B,Operations,Card,Delhi,False
TX003907,EMP005,Rohan,2026-01-27,EquipHub,Travel,11571.37,Manager B,Finance,Bank Transfer,Mumbai,False
TX003908,EMP001,Aarav,2026-07-12,TravelDesk,Equipment,22651.35,Manager B,Engineering,Card,Varanasi,False
TX003909,EMP003,Kabir,2026-04-27,EquipHub,Equipment,22437.06,Manager B,Finance,Card,Delhi,False
TX003910,EMP001,Aarav,2026-07-30,TechSupply,Office,18768.94,Manager B,Finance,Card,Bengaluru,False
TX003911,EMP005,Rohan,2026-01-15,OfficeMart,Software,9379.07,Manager B,Finance,Card,Mumbai,False
TX003912,EMP004,Ishita,2026-08-12,TravelDesk,Office,20451.81,Manager B,Finance,Card,Bengaluru,False
TX003913,EMP002,Meera,2026-04-27,TechSupply,Software,22359.75,Manager B,Engineering,Bank Transfer,Bengaluru,False
TX003914,EMP001,Aarav,2026-07-06,TravelDesk,Office,25613.15,Manager A,Finance,Card,Mumbai,False
TX003915,EMP003,Kabir,2026-08-21,CloudWorks,Office,17349.29,Manager A,Engineering,Bank Transfer,Bengaluru,False
TX003916,EMP001,Aarav,2026-04-05,TechSupply,Software,21346.47,Manager A,Engineering,Bank Transfer,Bengaluru,False
TX003917,EMP005,Rohan,2026-04-09,OfficeMart,Software,22816.15,Manager B,Operations,Card,Varanasi,False
TX003918,EMP001,Aarav,2026-03-24,EquipHub,Equipment,16923.17,Manager B,Operations,Card,Bengaluru,False
TX003919,EMP003,Kabir,2026-05-25,TechSupply,Software,23215.95,Manager A,Engineering,Card,Mumbai,False
TX003920,EMP003,Kabir,2026-03-25,OfficeMart,Software,27945.39,Manager B,Engineering,UPI,Mumbai,False
TX003921,EMP005,Rohan,2026-02-16,TechSupply,Equipment,8096.35,Manager A,Operations,Bank Transfer,Bengaluru,False
TX003922,EMP004,Ishita,2026-02-16,EquipHub,Equipment,16812.96,Manager A,Finance,Bank Transfer,Delhi,False
TX003923,EMP003,Kabir,2026-08-22,CloudWorks,Office,23229.73,Manager A,Finance,Bank Transfer,Bengaluru,False
TX003924,EMP003,Kabir,2026-03-25,OfficeMart,Office,16755.71,Manager B,Finance,Card,Varanasi,False
TX003925,EMP004,Ishita,2026-05-26,TechSupply,Travel,15517.14,Manager B,Engineering,Card,Delhi,False
TX003926,EMP002,Meera,2026-01-02,CloudWorks,Travel,18277.71,Manager A,Operations,Card,Varanasi,False
TX003927,EMP001,Aarav,2026-01-28,OfficeMart,Office,16823.85,Manager A,Operations,UPI,Bengaluru,False
TX003928,EMP001,Aarav,2026-08-12,TechSupply,Equipment,9403.22,Manager A,Engineering,UPI,Varanasi,False
TX003929,EMP004,Ishita,2026-02-10,EquipHub,Office,26906.37,Manager B,Finance,Card,Bengaluru,False
TX003930,EMP005,Rohan,2026-02-18,TechSupply,Software,16649.8,Manager A,Operations,Card,Varanasi,False
TX003931,EMP002,Meera,2026-04-18,TravelDesk,Equipment,13567.8,Manager A,Engineering,Card,Delhi,False
TX003932,EMP002,Meera,2026-01-04,CloudWorks,Equipment,10345.99,Manager A,Finance,UPI,Varanasi,False
TX003933,EMP001,Aarav,2026-05-15,TechSupply,Travel,23101.69,Manager A,Engineering,UPI,Varanasi,False
TX003934,EMP004,Ishita,2026-03-17,TechSupply,Equipment,8274.16,Manager A,Finance,UPI,Delhi,False
TX003935,EMP003,Kabir,2026-08-25,TravelDesk,Travel,20386.79,Manager B,Finance,Card,Mumbai,False
TX003936,EMP002,Meera,2026-06-09,EquipHub,Equipment,22668.86,Manager B,Operations,Bank Transfer,Delhi,False
TX003937,EMP001,Aarav,2026-08-14,EquipHub,Equipment,22717.4,Manager A,Finance,Bank Transfer,Delhi,False
TX003938,EMP002,Meera,2026-07-26,TravelDesk,Equipment,19683.58,Manager A,Engineering,Card,Mumbai,False
TX003939,EMP004,Ishita,2026-07-29,OfficeMart,Software,22897.22,Manager B,Finance,UPI,Bengaluru,False
TX003940,EMP005,Rohan,2026-01-11,CloudWorks,Software,16497.54,Manager A,Engineering,Bank Transfer,Bengaluru,False
TX003941,EMP004,Ishita,2026-04-27,TechSupply,Equipment,29443.53,Manager B,Engineering,Bank Transfer,Bengaluru,False
TX003942,EMP002,Meera,2026-07-07,TravelDesk,Software,22875.7,Manager B,Engineering,UPI,Bengaluru,False
TX003943,EMP003,Kabir,2026-03-24,TravelDesk,Office,14147.98,Manager A,Finance,Bank Transfer,Varanasi,False
TX003944,EMP004,Ishita,2026-03-12,TechSupply,Office,17486.76,Manager A,Finance,UPI,Bengaluru,False
TX003945,EMP005,Rohan,2026-01-16,TechSupply,Travel,14038.73,Manager B,Operations,Card,Bengaluru,False
TX003946,EMP005,Rohan,2026-06-23,TechSupply,Office,28325.6,Manager A,Finance,UPI,Bengaluru,False
TX003947,EMP002,Meera,2026-08-22,CloudWorks,Equipment,25064.08,Manager B,Finance,UPI,Mumbai,False
TX003948,EMP003,Kabir,2026-06-24,OfficeMart,Equipment,8656.94,Manager B,Operations,Bank Transfer,Bengaluru,False
TX003949,EMP002,Meera,2026-06-02,TechSupply,Equipment,28660.32,Manager B,Finance,Bank Transfer,Delhi,False
TX003950,EMP001,Aarav,2026-04-14,TravelDesk,Travel,15256.26,Manager B,Operations,UPI,Delhi,False
TX003951,EMP002,Meera,2026-06-03,OfficeMart,Office,21137.45,Manager A,Engineering,UPI,Varanasi,False
TX003952,EMP001,Aarav,2026-02-25,EquipHub,Equipment,12668.95,Manager B,Finance,Bank Transfer,Varanasi,False
TX003953,EMP002,Meera,2026-05-06,CloudWorks,Equipment,17893.02,Manager A,Operations,UPI,Varanasi,False
TX003954,EMP003,Kabir,2026-01-08,CloudWorks,Equipment,15794.86,Manager A,Engineering,Bank Transfer,Varanasi,False
TX003955,EMP002,Meera,2026-03-31,TravelDesk,Software,12487.72,Manager A,Finance,Bank Transfer,Varanasi,False
TX003956,EMP003,Kabir,2026-03-25,EquipHub,Equipment,22443.65,Manager B,Engineering,Card,Varanasi,False
TX003957,EMP001,Aarav,2026-01-28,CloudWorks,Equipment,21420.27,Manager B,Finance,Card,Bengaluru,False
TX003958,EMP002,Meera,2026-01-06,CloudWorks,Software,21350.94,Manager A,Engineering,Card,Varanasi,False
TX003959,EMP004,Ishita,2026-03-27,TechSupply,Travel,23055.22,Manager B,Finance,UPI,Varanasi,False
TX003960,EMP001,Aarav,2026-03-16,OfficeMart,Travel,10311.15,Manager B,Finance,Bank Transfer,Mumbai,False
TX003961,EMP005,Rohan,2026-01-14,TravelDesk,Equipment,17250.91,Manager A,Operations,UPI,Bengaluru,False
TX003962,EMP002,Meera,2026-01-03,EquipHub,Software,21588.04,Manager B,Finance,Card,Varanasi,False
TX003963,EMP002,Meera,2026-08-17,TravelDesk,Equipment,20006.87,Manager A,Engineering,UPI,Bengaluru,False
TX003964,EMP004,Ishita,2026-03-12,OfficeMart,Travel,20341.68,Manager B,Engineering,UPI,Bengaluru,False
TX003965,EMP004,Ishita,2026-05-19,EquipHub,Equipment,23861.36,Manager B,Finance,Bank Transfer,Delhi,False
TX003966,EMP002,Meera,2026-03-30,TravelDesk,Equipment,20211.16,Manager A,Engineering,Card,Bengaluru,False
TX003967,EMP005,Rohan,2026-03-30,OfficeMart,Software,25887.64,Manager B,Engineering,Card,Bengaluru,False
TX003968,EMP005,Rohan,2026-03-20,TravelDesk,Office,28302.94,Manager B,Operations,Card,Mumbai,False
TX003969,EMP002,Meera,2026-02-08,TechSupply,Office,25829.32,Manager A,Engineering,Card,Delhi,False
TX003970,EMP003,Kabir,2026-08-13,EquipHub,Office,18830.44,Manager B,Operations,Bank Transfer,Bengaluru,False
TX003971,EMP002,Meera,2026-05-01,TravelDesk,Equipment,16927.97,Manager A,Finance,Card,Varanasi,False
TX003972,EMP002,Meera,2026-03-27,TravelDesk,Travel,28988.55,Manager B,Operations,Card,Mumbai,False
TX003973,EMP002,Meera,2026-07-29,OfficeMart,Software,10467.44,Manager A,Engineering,UPI,Mumbai,False
TX003974,EMP005,Rohan,2026-08-19,EquipHub,Travel,28018.84,Manager B,Engineering,Bank Transfer,Varanasi,False
TX003975,EMP002,Meera,2026-01-12,TravelDesk,Equipment,26988.24,Manager A,Operations,Card,Varanasi,False
TX003976,EMP005,Rohan,2026-01-31,TechSupply,Office,24302.04,Manager A,Finance,Card,Varanasi,False
TX003977,EMP003,Kabir,2026-01-11,TechSupply,Travel,27686.22,Manager A,Operations,UPI,Bengaluru,False
TX003978,EMP002,Meera,2026-01-12,TechSupply,Office,10462.02,Manager A,Finance,UPI,Mumbai,False
TX003979,EMP004,Ishita,2026-03-13,TravelDesk,Software,24983.13,Manager B,Operations,UPI,Varanasi,False
TX003980,EMP003,Kabir,2026-04-11,TravelDesk,Software,26585.15,Manager B,Finance,Card,Mumbai,False
TX003981,EMP002,Meera,2026-06-10,OfficeMart,Software,17090.36,Manager B,Operations,Card,Mumbai,False
TX003982,EMP004,Ishita,2026-07-26,CloudWorks,Travel,22290.44,Manager A,Operations,Bank Transfer,Mumbai,False
TX003983,EMP002,Meera,2026-05-30,TechSupply,Software,14883.37,Manager A,Finance,Bank Transfer,Delhi,False
TX003984,EMP002,Meera,2026-06-20,TravelDesk,Software,31610.34,Manager A,Engineering,UPI,Bengaluru,False
TX003985,EMP002,Meera,2026-08-22,CloudWorks,Travel,11798.92,Manager A,Finance,UPI,Varanasi,False
TX003986,EMP003,Kabir,2026-08-04,EquipHub,Equipment,20637.38,Manager A,Engineering,Card,Varanasi,False
TX003987,EMP004,Ishita,2026-03-09,CloudWorks,Equipment,25240.12,Manager A,Engineering,Bank Transfer,Delhi,False
TX003988,EMP005,Rohan,2026-02-22,TravelDesk,Travel,22674.0,Manager A,Finance,Card,Bengaluru,False
TX003989,EMP005,Rohan,2026-07-24,TravelDesk,Software,13880.53,Manager B,Finance,Card,Varanasi,False
TX003990,EMP005,Rohan,2026-02-27,TechSupply,Software,32488.87,Manager A,Finance,Card,Delhi,False
TX003991,EMP001,Aarav,2026-03-08,CloudWorks,Travel,12435.47,Manager B,Engineering,UPI,Mumbai,False
TX003992,EMP004,Ishita,2026-01-19,EquipHub,Office,20082.76,Manager A,Operations,Bank Transfer,Bengaluru,False
TX003993,EMP004,Ishita,2026-08-12,CloudWorks,Equipment,25628.86,Manager A,Operations,Bank Transfer,Bengaluru,False
TX003994,EMP005,Rohan,2026-01-23,CloudWorks,Office,27867.87,Manager B,Engineering,UPI,Delhi,False
TX003995,EMP001,Aarav,2026-01-30,OfficeMart,Travel,26755.51,Manager B,Finance,Bank Transfer,Mumbai,False
TX003996,EMP003,Kabir,2026-04-07,TravelDesk,Software,16933.09,Manager B,Operations,Bank Transfer,Varanasi,False
TX003997,EMP005,Rohan,2026-02-22,CloudWorks,Software,32026.68,Manager B,Finance,UPI,Varanasi,False
TX003998,EMP003,Kabir,2026-01-18,OfficeMart,Equipment,14250.41,Manager B,Engineering,UPI,Bengaluru,False
TX003999,EMP003,Kabir,2026-03-25,TravelDesk,Software,31861.47,Manager A,Engineering,Bank Transfer,Mumbai,False
TX004000,EMP002,Meera,2026-03-04,TechSupply,Office,35293.44,Manager B,Engineering,Card,Varanasi,False
TX004001,EMP001,Aarav,2026-04-12,TravelDesk,Travel,19037.69,Manager A,Finance,Card,Delhi,False
TX004002,EMP002,Meera,2026-03-18,OfficeMart,Travel,24283.36,Manager A,Engineering,Card,Varanasi,False
TX004003,EMP001,Aarav,2026-04-17,TechSupply,Software,15715.61,Manager A,Operations,Bank Transfer,Bengaluru,False
TX004004,EMP005,Rohan,2026-03-02,OfficeMart,Office,25880.55,Manager A,Operations,Card,Bengaluru,False
TX004005,EMP001,Aarav,2026-07-24,TechSupply,Office,16609.86,Manager A,Engineering,UPI,Varanasi,False
TX004006,EMP004,Ishita,2026-06-09,TechSupply,Office,16656.19,Manager B,Operations,Card,Varanasi,False
TX004007,EMP003,Kabir,2026-02-27,EquipHub,Software,26442.94,Manager A,Operations,Card,Bengaluru,False
TX004008,EMP002,Meera,2026-05-27,CloudWorks,Travel,18926.54,Manager A,Engineering,UPI,Mumbai,False
TX004009,EMP004,Ishita,2026-01-08,EquipHub,Software,24276.96,Manager B,Engineering,UPI,Varanasi,False
TX004010,EMP004,Ishita,2026-06-24,TravelDesk,Software,23075.06,Manager A,Finance,Card,Delhi,False
TX004011,EMP004,Ishita,2026-05-26,OfficeMart,Software,27414.86,Manager B,Finance,Card,Varanasi,False
TX004012,EMP001,Aarav,2026-04-30,OfficeMart,Equipment,16151.75,Manager B,Finance,Card,Bengaluru,False
TX004013,EMP002,Meera,2026-06-28,EquipHub,Equipment,9273.71,Manager A,Engineering,UPI,Varanasi,False
TX004014,EMP001,Aarav,2026-01-14,OfficeMart,Office,14543.13,Manager A,Engineering,Card,Bengaluru,False
TX004015,EMP005,Rohan,2026-02-06,TravelDesk,Equipment,253172.7645938763,Manager B,Operations,Bank Transfer,Varanasi,True
TX004016,EMP002,Meera,2026-01-08,EquipHub,Office,5362.27,Manager B,Engineering,Card,Mumbai,False
TX004017,EMP004,Ishita,2026-03-08,TechSupply,Equipment,38527.17,Manager B,Operations,UPI,Varanasi,False
TX004018,EMP001,Aarav,2026-05-19,OfficeMart,Software,20485.53,Manager B,Finance,Card,Delhi,False
TX004019,EMP005,Rohan,2026-02-15,TechSupply,Office,29982.43,Manager B,Operations,Card,Mumbai,False
TX004020,EMP002,Meera,2026-04-09,OfficeMart,Office,17131.24,Manager B,Finance,Card,Delhi,False
TX004021,EMP002,Meera,2026-01-16,EquipHub,Office,20445.8,Manager A,Finance,Bank Transfer,Varanasi,False
TX004022,EMP005,Rohan,2026-04-06,TechSupply,Equipment,14648.38,Manager B,Engineering,UPI,Mumbai,False
TX004023,EMP005,Rohan,2026-03-31,CloudWorks,Office,14235.86,Manager B,Finance,Card,Delhi,False
TX004024,EMP005,Rohan,2026-02-08,OfficeMart,Equipment,28032.57,Manager B,Operations,Card,Varanasi,False
TX004025,EMP002,Meera,2026-05-14,TechSupply,Software,18663.51,Manager A,Operations,Bank Transfer,Delhi,False
TX004026,EMP001,Aarav,2026-05-25,TechSupply,Travel,20974.37,Manager B,Operations,Bank Transfer,Delhi,False
TX004027,EMP002,Meera,2026-03-13,CloudWorks,Office,24098.82,Manager A,Engineering,Card,Varanasi,False
TX004028,EMP005,Rohan,2026-01-08,OfficeMart,Office,16208.57,Manager A,Engineering,Bank Transfer,Varanasi,False
TX004029,EMP004,Ishita,2026-08-18,CloudWorks,Travel,25216.37,Manager B,Engineering,UPI,Mumbai,False
TX004030,EMP003,Kabir,2026-08-15,EquipHub,Travel,21479.96,Manager B,Finance,UPI,Varanasi,False
TX004031,EMP003,Kabir,2026-02-16,OfficeMart,Equipment,17975.32,Manager A,Operations,Card,Bengaluru,False
TX004032,EMP001,Aarav,2026-03-31,CloudWorks,Office,25041.97,Manager B,Finance,UPI,Bengaluru,False
TX004033,EMP005,Rohan,2026-03-08,CloudWorks,Equipment,27966.15,Manager A,Engineering,Bank Transfer,Mumbai,False
TX004034,EMP003,Kabir,2026-08-13,TechSupply,Software,17242.72,Manager A,Finance,UPI,Varanasi,False
TX004035,EMP005,Rohan,2026-07-24,TravelDesk,Travel,34377.82,Manager A,Operations,UPI,Delhi,False
TX004036,EMP001,Aarav,2026-08-11,TechSupply,Office,18859.51,Manager B,Engineering,Bank Transfer,Varanasi,False
TX004037,EMP003,Kabir,2026-03-19,CloudWorks,Travel,12374.17,Manager B,Operations,Card,Delhi,False
TX004038,EMP003,Kabir,2026-06-01,OfficeMart,Equipment,25581.6,Manager B,Finance,Card,Delhi,False
TX004039,EMP004,Ishita,2026-03-27,TravelDesk,Travel,23334.5,Manager A,Operations,UPI,Bengaluru,False
TX004040,EMP005,Rohan,2026-06-15,CloudWorks,Equipment,12751.59,Manager A,Engineering,Bank Transfer,Bengaluru,False
TX004041,EMP005,Rohan,2026-02-22,CloudWorks,Equipment,26727.57,Manager B,Finance,Card,Bengaluru,False
TX004042,EMP003,Kabir,2026-05-12,TechSupply,Equipment,22981.09,Manager A,Operations,Card,Varanasi,False
TX004043,EMP004,Ishita,2026-08-19,EquipHub,Equipment,14343.4,Manager B,Finance,UPI,Bengaluru,False
TX004044,EMP003,Kabir,2026-01-08,OfficeMart,Office,507807.59595736506,Manager A,Engineering,Card,Delhi,True
TX004045,EMP004,Ishita,2026-07-13,TravelDesk,Software,14676.16,Manager B,Engineering,Bank Transfer,Delhi,False
TX004046,EMP004,Ishita,2026-04-29,TravelDesk,Software,16532.86,Manager A,Operations,Card,Delhi,False
TX004047,EMP004,Ishita,2026-06-04,OfficeMart,Travel,27537.82,Manager A,Finance,Card,Varanasi,False
TX004048,EMP002,Meera,2026-04-16,TravelDesk,Travel,8511.65,Manager B,Finance,Bank Transfer,Bengaluru,False
TX004049,EMP001,Aarav,2026-07-02,TravelDesk,Office,24464.99,Manager B,Engineering,Bank Transfer,Mumbai,False
TX004050,EMP003,Kabir,2026-01-16,CloudWorks,Software,21616.44,Manager B,Finance,UPI,Bengaluru,False
TX004051,EMP005,Rohan,2026-04-05,TravelDesk,Software,183539.87301005702,Manager A,Finance,Card,Bengaluru,True
TX004052,EMP004,Ishita,2026-07-25,TechSupply,Office,10617.28,Manager B,Operations,Card,Varanasi,False
TX004053,EMP005,Rohan,2026-05-07,EquipHub,Software,10141.0,Manager A,Finance,Bank Transfer,Bengaluru,False
TX004054,EMP001,Aarav,2026-06-19,EquipHub,Travel,8852.04,Manager A,Finance,Card,Delhi,False
TX004055,EMP001,Aarav,2026-04-15,CloudWorks,Software,22101.01,Manager B,Operations,Card,Delhi,False
TX004056,EMP001,Aarav,2026-04-21,EquipHub,Software,21366.66,Manager A,Engineering,Bank Transfer,Bengaluru,False
TX004057,EMP002,Meera,2026-05-01,CloudWorks,Equipment,21358.98,Manager A,Operations,Bank Transfer,Varanasi,False
TX004058,EMP003,Kabir,2026-06-27,CloudWorks,Software,18774.57,Manager B,Engineering,Bank Transfer,Mumbai,False
TX004059,EMP001,Aarav,2026-04-13,CloudWorks,Equipment,15373.64,Manager A,Operations,Bank Transfer,Mumbai,False
TX004060,EMP002,Meera,2026-04-23,TravelDesk,Office,23691.2,Manager B,Engineering,Bank Transfer,Delhi,False
TX004061,EMP005,Rohan,2026-01-15,CloudWorks,Office,13437.47,Manager B,Finance,Bank Transfer,Delhi,False
TX004062,EMP005,Rohan,2026-08-23,CloudWorks,Software,16414.92,Manager B,Engineering,Card,Delhi,False
TX004063,EMP001,Aarav,2026-07-26,EquipHub,Equipment,19957.68,Manager B,Engineering,Card,Delhi,False
TX004064,EMP001,Aarav,2026-01-17,TravelDesk,Office,17654.96,Manager B,Finance,Card,Mumbai,False
TX004065,EMP002,Meera,2026-01-04,OfficeMart,Software,32940.77,Manager A,Operations,Card,Bengaluru,False
TX004066,EMP005,Rohan,2026-05-16,TravelDesk,Software,20722.76,Manager A,Finance,Card,Delhi,False
TX004067,EMP004,Ishita,2026-07-12,EquipHub,Equipment,23760.0,Manager A,Engineering,Bank Transfer,Delhi,False
TX004068,EMP002,Meera,2026-04-23,EquipHub,Software,13506.23,Manager B,Finance,UPI,Mumbai,False
TX004069,EMP005,Rohan,2026-04-27,CloudWorks,Office,28158.75,Manager B,Operations,Bank Transfer,Bengaluru,False
TX004070,EMP003,Kabir,2026-03-23,EquipHub,Equipment,17469.29,Manager A,Finance,UPI,Varanasi,False
TX004071,EMP003,Kabir,2026-05-13,TechSupply,Travel,26026.86,Manager A,Finance,UPI,Mumbai,False
TX004072,EMP003,Kabir,2026-08-03,TravelDesk,Software,25311.83,Manager A,Engineering,UPI,Varanasi,False
TX004073,EMP003,Kabir,2026-08-05,EquipHub,Office,18184.28,Manager A,Engineering,UPI,Mumbai,False
TX004074,EMP002,Meera,2026-06-19,TravelDesk,Office,27868.12,Manager B,Operations,UPI,Mumbai,False
TX004075,EMP004,Ishita,2026-05-06,OfficeMart,Travel,17219.47,Manager A,Engineering,Card,Delhi,False
TX004076,EMP005,Rohan,2026-07-12,EquipHub,Travel,23502.0,Manager B,Finance,Bank Transfer,Delhi,False
TX004077,EMP001,Aarav,2026-04-09,TechSupply,Equipment,21010.02,Manager A,Finance,Bank Transfer,Varanasi,False
TX004078,EMP002,Meera,2026-08-06,CloudWorks,Travel,25078.38,Manager A,Engineering,Card,Bengaluru,False
TX004079,EMP004,Ishita,2026-05-17,TechSupply,Office,17854.32,Manager A,Finance,UPI,Mumbai,False
TX004080,EMP002,Meera,2026-01-14,CloudWorks,Travel,16025.45,Manager A,Finance,UPI,Bengaluru,False
TX004081,EMP001,Aarav,2026-06-11,TechSupply,Travel,22406.92,Manager B,Finance,Bank Transfer,Delhi,False
TX004082,EMP005,Rohan,2026-05-20,EquipHub,Software,7721.31,Manager B,Operations,Bank Transfer,Bengaluru,False
TX004083,EMP002,Meera,2026-07-13,TravelDesk,Travel,13423.77,Manager B,Engineering,Card,Delhi,False
TX004084,EMP005,Rohan,2026-05-16,OfficeMart,Travel,20242.74,Manager B,Operations,Bank Transfer,Varanasi,False
TX004085,EMP004,Ishita,2026-02-24,TechSupply,Travel,23296.96,Manager B,Finance,Card,Mumbai,False
TX004086,EMP002,Meera,2026-03-11,TravelDesk,Software,9261.97,Manager A,Finance,Bank Transfer,Bengaluru,False
TX004087,EMP004,Ishita,2026-04-24,TravelDesk,Travel,24334.18,Manager A,Finance,Card,Delhi,False
TX004088,EMP005,Rohan,2026-01-18,TravelDesk,Office,28079.02,Manager B,Engineering,Card,Bengaluru,False
TX004089,EMP005,Rohan,2026-03-01,OfficeMart,Travel,13634.46,Manager A,Operations,UPI,Varanasi,False
TX004090,EMP002,Meera,2026-06-21,EquipHub,Travel,22502.65,Manager B,Operations,Bank Transfer,Mumbai,False
TX004091,EMP003,Kabir,2026-06-27,OfficeMart,Equipment,15503.85,Manager B,Finance,Card,Delhi,False
TX004092,EMP004,Ishita,2026-04-13,TravelDesk,Office,13345.6,Manager B,Operations,Bank Transfer,Delhi,False
TX004093,EMP005,Rohan,2026-01-22,EquipHub,Travel,21447.5,Manager A,Finance,Bank Transfer,Delhi,False
TX004094,EMP003,Kabir,2026-08-17,TravelDesk,Equipment,10486.15,Manager B,Operations,Bank Transfer,Mumbai,False
TX004095,EMP004,Ishita,2026-02-01,CloudWorks,Office,19859.21,Manager B,Engineering,UPI,Varanasi,False
TX004096,EMP002,Meera,2026-06-08,OfficeMart,Software,20590.45,Manager A,Engineering,Bank Transfer,Bengaluru,False
TX004097,EMP002,Meera,2026-08-20,TechSupply,Travel,18067.58,Manager B,Operations,Bank Transfer,Varanasi,False
TX004098,EMP005,Rohan,2026-07-26,TechSupply,Equipment,16563.7,Manager B,Finance,Bank Transfer,Delhi,False
TX004099,EMP004,Ishita,2026-06-25,CloudWorks,Office,21179.76,Manager A,Finance,Card,Delhi,False
TX004100,EMP004,Ishita,2026-05-25,TechSupply,Equipment,19423.25,Manager A,Engineering,Card,Varanasi,False
TX004101,EMP002,Meera,2026-04-23,TechSupply,Software,22107.48,Manager A,Finance,UPI,Mumbai,False
TX004102,EMP004,Ishita,2026-08-19,CloudWorks,Equipment,15193.51,Manager A,Finance,Card,Bengaluru,False
TX004103,EMP002,Meera,2026-04-22,EquipHub,Equipment,25690.99,Manager A,Engineering,UPI,Delhi,False
TX004104,EMP002,Meera,2026-08-22,TravelDesk,Equipment,12699.91,Manager B,Operations,UPI,Bengaluru,False
TX004105,EMP004,Ishita,2026-07-30,OfficeMart,Equipment,19642.93,Manager A,Finance,UPI,Varanasi,False
TX004106,EMP005,Rohan,2026-06-13,TechSupply,Office,25128.51,Manager A,Finance,Bank Transfer,Delhi,False
TX004107,EMP001,Aarav,2026-01-24,CloudWorks,Equipment,21992.27,Manager A,Engineering,Bank Transfer,Varanasi,False
TX004108,EMP005,Rohan,2026-01-06,OfficeMart,Office,24617.6,Manager A,Engineering,Bank Transfer,Bengaluru,False
TX004109,EMP005,Rohan,2026-01-05,TechSupply,Office,20642.92,Manager A,Engineering,UPI,Bengaluru,False
TX004110,EMP003,Kabir,2026-01-03,EquipHub,Office,19155.91,Manager A,Engineering,Bank Transfer,Bengaluru,False
TX004111,EMP002,Meera,2026-08-25,EquipHub,Travel,8396.81,Manager B,Operations,UPI,Varanasi,False
TX004112,EMP004,Ishita,2026-02-01,OfficeMart,Equipment,13793.46,Manager A,Engineering,Card,Delhi,False
TX004113,EMP003,Kabir,2026-07-13,OfficeMart,Software,22810.47,Manager A,Finance,UPI,Bengaluru,False
TX004114,EMP004,Ishita,2026-06-03,OfficeMart,Office,13682.22,Manager B,Finance,Card,Delhi,False
TX004115,EMP003,Kabir,2026-08-23,TechSupply,Software,25892.97,Manager A,Engineering,UPI,Mumbai,False
TX004116,EMP003,Kabir,2026-06-19,TravelDesk,Software,3512.94,Manager A,Finance,UPI,Mumbai,False
TX004117,EMP005,Rohan,2026-01-03,TravelDesk,Travel,20628.28,Manager A,Operations,Bank Transfer,Delhi,False
TX004118,EMP005,Rohan,2026-06-29,OfficeMart,Travel,15639.1,Manager B,Operations,Card,Varanasi,False
TX004119,EMP005,Rohan,2026-08-08,TravelDesk,Equipment,16452.3,Manager B,Engineering,UPI,Bengaluru,False
TX004120,EMP005,Rohan,2026-05-10,EquipHub,Office,23744.12,Manager A,Operations,UPI,Varanasi,False
TX004121,EMP005,Rohan,2026-02-24,EquipHub,Software,24225.34,Manager B,Finance,Bank Transfer,Delhi,False
TX004122,EMP005,Rohan,2026-03-21,TechSupply,Equipment,15242.84,Manager A,Finance,Bank Transfer,Varanasi,False
TX004123,EMP002,Meera,2026-02-02,TravelDesk,Software,21084.83,Manager A,Finance,UPI,Delhi,False
TX004124,EMP001,Aarav,2026-07-22,OfficeMart,Software,28423.2,Manager A,Operations,Bank Transfer,Delhi,False
TX004125,EMP001,Aarav,2026-03-03,TravelDesk,Equipment,23589.83,Manager B,Engineering,Bank Transfer,Varanasi,False
TX004126,EMP003,Kabir,2026-05-25,TravelDesk,Office,14314.1,Manager A,Engineering,UPI,Bengaluru,False
TX004127,EMP004,Ishita,2026-01-10,TravelDesk,Office,18239.1,Manager B,Operations,Card,Varanasi,False
TX004128,EMP003,Kabir,2026-04-09,CloudWorks,Software,22952.62,Manager A,Engineering,Bank Transfer,Delhi,False
TX004129,EMP004,Ishita,2026-07-16,TechSupply,Software,24628.49,Manager A,Finance,Card,Bengaluru,False
TX004130,EMP001,Aarav,2026-07-01,TechSupply,Equipment,19614.47,Manager A,Engineering,Bank Transfer,Delhi,False
TX004131,EMP003,Kabir,2026-02-20,OfficeMart,Software,10927.6,Manager A,Operations,Bank Transfer,Bengaluru,False
TX004132,EMP004,Ishita,2026-07-17,EquipHub,Office,24011.24,Manager B,Engineering,Bank Transfer,Delhi,False
TX004133,EMP005,Rohan,2026-07-12,CloudWorks,Equipment,17462.25,Manager B,Finance,Bank Transfer,Varanasi,False
TX004134,EMP003,Kabir,2026-02-22,OfficeMart,Travel,21324.67,Manager A,Finance,UPI,Delhi,False
TX004135,EMP003,Kabir,2026-08-11,EquipHub,Equipment,27841.79,Manager B,Finance,Bank Transfer,Bengaluru,False
TX004136,EMP003,Kabir,2026-02-05,OfficeMart,Equipment,23836.22,Manager B,Finance,Card,Mumbai,False
TX004137,EMP003,Kabir,2026-02-05,CloudWorks,Software,19484.83,Manager A,Operations,Card,Bengaluru,False
TX004138,EMP002,Meera,2026-06-21,EquipHub,Office,21469.92,Manager A,Operations,Bank Transfer,Varanasi,False
TX004139,EMP001,Aarav,2026-05-28,OfficeMart,Equipment,25595.14,Manager B,Engineering,Bank Transfer,Varanasi,False
TX004140,EMP004,Ishita,2026-04-06,TechSupply,Equipment,20649.99,Manager B,Engineering,UPI,Delhi,False
TX004141,EMP001,Aarav,2026-05-10,OfficeMart,Software,26256.82,Manager B,Engineering,Card,Delhi,False
TX004142,EMP004,Ishita,2026-01-30,EquipHub,Software,28578.59,Manager B,Operations,Bank Transfer,Bengaluru,False
TX004143,EMP001,Aarav,2026-03-12,OfficeMart,Equipment,13553.02,Manager B,Engineering,UPI,Bengaluru,False
TX004144,EMP004,Ishita,2026-01-26,OfficeMart,Office,20872.8,Manager A,Operations,UPI,Varanasi,False
TX004145,EMP002,Meera,2026-07-22,OfficeMart,Software,24999.48,Manager B,Engineering,Card,Mumbai,False
TX004146,EMP001,Aarav,2026-01-28,TravelDesk,Travel,18673.98,Manager A,Engineering,UPI,Varanasi,False
TX004147,EMP003,Kabir,2026-06-14,OfficeMart,Equipment,33931.61,Manager B,Finance,UPI,Bengaluru,False
TX004148,EMP003,Kabir,2026-01-27,EquipHub,Office,7390.29,Manager B,Operations,Bank Transfer,Mumbai,False
TX004149,EMP004,Ishita,2026-03-06,EquipHub,Software,26999.34,Manager A,Engineering,Card,Delhi,False
TX004150,EMP004,Ishita,2026-01-17,CloudWorks,Equipment,355364.39449846535,Manager B,Finance,Card,Varanasi,True
TX004151,EMP001,Aarav,2026-02-19,CloudWorks,Travel,25278.74,Manager B,Finance,Card,Delhi,False
TX004152,EMP002,Meera,2026-01-05,TravelDesk,Software,23796.43,Manager B,Finance,UPI,Mumbai,False
TX004153,EMP004,Ishita,2026-03-09,TechSupply,Travel,22333.81,Manager A,Operations,Bank Transfer,Delhi,False
TX004154,EMP003,Kabir,2026-03-07,OfficeMart,Equipment,20909.26,Manager A,Engineering,UPI,Varanasi,False
TX004155,EMP005,Rohan,2026-03-31,CloudWorks,Office,18110.34,Manager A,Engineering,Bank Transfer,Mumbai,False
TX004156,EMP002,Meera,2026-03-06,TechSupply,Software,13605.11,Manager A,Engineering,Card,Varanasi,False
TX004157,EMP005,Rohan,2026-05-08,OfficeMart,Software,10083.56,Manager B,Operations,Card,Varanasi,False
TX004158,EMP002,Meera,2026-08-26,EquipHub,Equipment,27786.06,Manager B,Operations,Bank Transfer,Bengaluru,False
TX004159,EMP001,Aarav,2026-03-02,TechSupply,Software,27796.81,Manager A,Engineering,Card,Delhi,False
TX004160,EMP002,Meera,2026-08-10,TravelDesk,Equipment,26222.79,Manager B,Operations,UPI,Delhi,False
TX004161,EMP004,Ishita,2026-05-31,TechSupply,Office,15739.79,Manager B,Engineering,Bank Transfer,Bengaluru,False
TX004162,EMP005,Rohan,2026-06-28,TechSupply,Software,14509.18,Manager B,Operations,Card,Delhi,False
TX004163,EMP002,Meera,2026-07-04,CloudWorks,Office,16038.99,Manager B,Finance,Card,Mumbai,False
TX004164,EMP003,Kabir,2026-05-31,TechSupply,Office,20153.41,Manager B,Finance,Card,Mumbai,False
TX004165,EMP005,Rohan,2026-05-13,EquipHub,Travel,33168.47,Manager A,Engineering,UPI,Varanasi,False
TX004166,EMP005,Rohan,2026-06-20,TechSupply,Travel,16613.79,Manager A,Finance,Bank Transfer,Varanasi,False
TX004167,EMP004,Ishita,2026-05-02,EquipHub,Equipment,26354.45,Manager B,Operations,UPI,Mumbai,False
TX004168,EMP003,Kabir,2026-02-07,TechSupply,Travel,27877.1,Manager B,Operations,UPI,Delhi,False
TX004169,EMP001,Aarav,2026-07-09,TechSupply,Software,11980.62,Manager B,Operations,UPI,Delhi,False
TX004170,EMP005,Rohan,2026-07-20,TravelDesk,Software,17780.41,Manager B,Finance,Card,Mumbai,False
TX004171,EMP003,Kabir,2026-06-25,OfficeMart,Travel,16413.36,Manager B,Operations,UPI,Varanasi,False
TX004172,EMP003,Kabir,2026-04-23,CloudWorks,Office,9694.84,Manager B,Engineering,Card,Bengaluru,False
TX004173,EMP001,Aarav,2026-08-04,EquipHub,Office,20588.23,Manager A,Engineering,UPI,Bengaluru,False
TX004174,EMP003,Kabir,2026-07-11,CloudWorks,Travel,15658.09,Manager A,Operations,UPI,Delhi,False
TX004175,EMP001,Aarav,2026-07-06,OfficeMart,Office,24543.1,Manager A,Operations,UPI,Varanasi,False
TX004176,EMP005,Rohan,2026-02-13,TravelDesk,Equipment,298655.58175902657,Manager B,Engineering,Card,Varanasi,True
TX004177,EMP004,Ishita,2026-04-09,CloudWorks,Travel,28865.71,Manager A,Finance,Bank Transfer,Bengaluru,False
TX004178,EMP003,Kabir,2026-05-21,OfficeMart,Travel,24454.59,Manager A,Operations,Card,Mumbai,False
TX004179,EMP005,Rohan,2026-08-13,CloudWorks,Travel,13721.3,Manager A,Finance,UPI,Mumbai,False
TX004180,EMP004,Ishita,2026-03-29,EquipHub,Office,28645.85,Manager B,Engineering,UPI,Bengaluru,False
TX004181,EMP004,Ishita,2026-06-19,OfficeMart,Office,26180.75,Manager A,Finance,Card,Bengaluru,False
TX004182,EMP002,Meera,2026-07-12,TravelDesk,Travel,20001.44,Manager A,Finance,UPI,Bengaluru,False
TX004183,EMP005,Rohan,2026-04-05,TravelDesk,Equipment,16247.22,Manager A,Engineering,Card,Mumbai,False
TX004184,EMP004,Ishita,2026-07-16,OfficeMart,Office,16340.95,Manager B,Engineering,Bank Transfer,Varanasi,False
TX004185,EMP001,Aarav,2026-07-16,CloudWorks,Equipment,22819.02,Manager A,Operations,Bank Transfer,Varanasi,False
TX004186,EMP003,Kabir,2026-03-20,TechSupply,Equipment,19011.04,Manager B,Finance,UPI,Bengaluru,False
TX004187,EMP005,Rohan,2026-08-20,TravelDesk,Equipment,12737.35,Manager A,Engineering,Card,Delhi,False
TX004188,EMP005,Rohan,2026-01-11,TravelDesk,Office,22276.67,Manager B,Engineering,UPI,Varanasi,False
TX004189,EMP003,Kabir,2026-08-25,TravelDesk,Travel,19439.89,Manager A,Operations,UPI,Bengaluru,False
TX004190,EMP002,Meera,2026-08-18,TechSupply,Office,25954.52,Manager B,Finance,Bank Transfer,Bengaluru,False
TX004191,EMP005,Rohan,2026-04-18,CloudWorks,Equipment,9821.17,Manager B,Finance,Bank Transfer,Bengaluru,False
TX004192,EMP005,Rohan,2026-01-16,TravelDesk,Equipment,16266.67,Manager A,Engineering,UPI,Bengaluru,False
TX004193,EMP005,Rohan,2026-01-20,CloudWorks,Office,14817.22,Manager A,Operations,UPI,Delhi,False
TX004194,EMP004,Ishita,2026-06-29,CloudWorks,Equipment,22881.12,Manager A,Finance,Bank Transfer,Varanasi,False
TX004195,EMP001,Aarav,2026-07-23,TechSupply,Travel,21020.61,Manager A,Finance,Bank Transfer,Varanasi,False
TX004196,EMP002,Meera,2026-06-02,EquipHub,Equipment,22809.38,Manager A,Operations,UPI,Delhi,False
TX004197,EMP004,Ishita,2026-03-16,EquipHub,Travel,10299.09,Manager B,Engineering,Bank Transfer,Delhi,False
TX004198,EMP005,Rohan,2026-02-23,OfficeMart,Software,18113.31,Manager B,Operations,UPI,Mumbai,False
TX004199,EMP005,Rohan,2026-08-24,EquipHub,Office,16864.59,Manager B,Operations,Card,Mumbai,False
TX004200,EMP001,Aarav,2026-01-08,OfficeMart,Equipment,18671.58,Manager B,Engineering,Bank Transfer,Delhi,False
TX004201,EMP001,Aarav,2026-08-18,OfficeMart,Equipment,24099.27,Manager A,Operations,Card,Delhi,False
TX004202,EMP005,Rohan,2026-06-13,OfficeMart,Equipment,24041.11,Manager B,Finance,Bank Transfer,Delhi,False
TX004203,EMP002,Meera,2026-08-07,EquipHub,Equipment,20948.91,Manager B,Finance,Card,Delhi,False
TX004204,EMP003,Kabir,2026-08-20,TechSupply,Software,22641.54,Manager B,Operations,UPI,Varanasi,False
TX004205,EMP001,Aarav,2026-03-02,TechSupply,Travel,16974.56,Manager A,Engineering,Bank Transfer,Varanasi,False
TX004206,EMP005,Rohan,2026-08-23,EquipHub,Equipment,16268.55,Manager A,Operations,Card,Delhi,False
TX004207,EMP002,Meera,2026-01-21,TechSupply,Office,22100.29,Manager A,Engineering,Bank Transfer,Delhi,False
TX004208,EMP001,Aarav,2026-07-11,EquipHub,Office,19822.29,Manager A,Operations,Bank Transfer,Varanasi,False
TX004209,EMP004,Ishita,2026-06-02,TravelDesk,Travel,27977.27,Manager B,Finance,Bank Transfer,Varanasi,False
TX004210,EMP001,Aarav,2026-01-22,EquipHub,Travel,16691.39,Manager A,Operations,Bank Transfer,Varanasi,False
TX004211,EMP002,Meera,2026-06-07,TravelDesk,Travel,13071.79,Manager B,Finance,Bank Transfer,Bengaluru,False
TX004212,EMP001,Aarav,2026-03-21,TravelDesk,Software,17540.7,Manager A,Engineering,Bank Transfer,Delhi,False
TX004213,EMP004,Ishita,2026-04-03,TravelDesk,Equipment,11639.66,Manager B,Finance,Card,Mumbai,False
TX004214,EMP004,Ishita,2026-07-07,CloudWorks,Software,12757.05,Manager B,Operations,Bank Transfer,Varanasi,False
TX004215,EMP004,Ishita,2026-06-27,TravelDesk,Travel,31155.52,Manager B,Finance,Card,Mumbai,False
TX004216,EMP004,Ishita,2026-08-22,TechSupply,Software,26392.09,Manager A,Engineering,Bank Transfer,Mumbai,False
TX004217,EMP001,Aarav,2026-04-29,OfficeMart,Equipment,12596.59,Manager B,Finance,UPI,Varanasi,False
TX004218,EMP001,Aarav,2026-04-05,CloudWorks,Office,27051.79,Manager B,Finance,Card,Bengaluru,False
TX004219,EMP005,Rohan,2026-02-08,OfficeMart,Software,17801.39,Manager B,Finance,Card,Varanasi,False
TX004220,EMP001,Aarav,2026-08-14,EquipHub,Equipment,14046.78,Manager B,Operations,UPI,Delhi,False
TX004221,EMP001,Aarav,2026-01-11,OfficeMart,Office,20635.15,Manager A,Engineering,Card,Varanasi,False
TX004222,EMP001,Aarav,2026-07-26,OfficeMart,Software,11223.52,Manager A,Operations,Bank Transfer,Bengaluru,False
TX004223,EMP004,Ishita,2026-02-11,TechSupply,Travel,20833.18,Manager A,Operations,Card,Delhi,False
TX004224,EMP001,Aarav,2026-07-08,EquipHub,Office,20111.71,Manager A,Operations,Card,Mumbai,False
TX004225,EMP005,Rohan,2026-04-27,TravelDesk,Office,15432.85,Manager B,Operations,UPI,Mumbai,False
TX004226,EMP004,Ishita,2026-05-15,TechSupply,Equipment,14018.26,Manager A,Engineering,UPI,Bengaluru,False
TX004227,EMP003,Kabir,2026-07-16,TravelDesk,Equipment,14017.93,Manager A,Operations,Card,Delhi,False
TX004228,EMP003,Kabir,2026-04-10,TechSupply,Office,18838.78,Manager B,Engineering,Card,Mumbai,False
TX004229,EMP003,Kabir,2026-03-30,TechSupply,Software,19617.08,Manager B,Engineering,Card,Bengaluru,False
TX004230,EMP005,Rohan,2026-03-21,CloudWorks,Office,12521.56,Manager A,Finance,Bank Transfer,Mumbai,False
TX004231,EMP003,Kabir,2026-03-25,TravelDesk,Travel,17139.38,Manager A,Finance,UPI,Varanasi,False
TX004232,EMP004,Ishita,2026-02-16,OfficeMart,Equipment,25286.37,Manager A,Engineering,Bank Transfer,Varanasi,False
TX004233,EMP002,Meera,2026-04-29,CloudWorks,Equipment,24355.31,Manager A,Engineering,Card,Mumbai,False
TX004234,EMP002,Meera,2026-06-09,CloudWorks,Equipment,17971.1,Manager B,Operations,Card,Bengaluru,False
TX004235,EMP002,Meera,2026-02-09,OfficeMart,Software,11652.74,Manager A,Finance,UPI,Delhi,False
TX004236,EMP004,Ishita,2026-08-20,TravelDesk,Office,12039.46,Manager A,Operations,UPI,Delhi,False
TX004237,EMP002,Meera,2026-05-27,TechSupply,Equipment,29628.0,Manager B,Engineering,Bank Transfer,Bengaluru,False
TX004238,EMP003,Kabir,2026-08-26,EquipHub,Travel,23583.12,Manager A,Operations,UPI,Delhi,False
TX004239,EMP001,Aarav,2026-03-08,CloudWorks,Travel,21635.06,Manager A,Finance,Bank Transfer,Varanasi,False
TX004240,EMP004,Ishita,2026-04-17,TravelDesk,Travel,19635.86,Manager B,Engineering,Bank Transfer,Bengaluru,False
TX004241,EMP005,Rohan,2026-04-10,TechSupply,Travel,22655.53,Manager B,Finance,UPI,Varanasi,False
TX004242,EMP005,Rohan,2026-06-06,OfficeMart,Office,21067.17,Manager A,Operations,UPI,Varanasi,False
TX004243,EMP002,Meera,2026-08-16,OfficeMart,Office,21114.72,Manager A,Engineering,Bank Transfer,Varanasi,False
TX004244,EMP004,Ishita,2026-01-11,EquipHub,Travel,25374.54,Manager B,Engineering,Bank Transfer,Delhi,False
TX004245,EMP005,Rohan,2026-06-01,CloudWorks,Travel,28897.28,Manager B,Finance,Card,Bengaluru,False
TX004246,EMP004,Ishita,2026-02-08,EquipHub,Office,16314.1,Manager B,Finance,UPI,Mumbai,False
TX004247,EMP002,Meera,2026-01-01,CloudWorks,Office,12225.33,Manager B,Engineering,Card,Bengaluru,False
TX004248,EMP005,Rohan,2026-07-06,TravelDesk,Software,24397.31,Manager A,Operations,Card,Delhi,False
TX004249,EMP005,Rohan,2026-03-26,TravelDesk,Travel,201120.09678279507,Manager A,Finance,UPI,Bengaluru,True
TX004250,EMP003,Kabir,2026-08-16,OfficeMart,Travel,19916.85,Manager B,Operations,Bank Transfer,Mumbai,False
TX004251,EMP002,Meera,2026-05-13,EquipHub,Travel,25032.0,Manager A,Finance,Card,Bengaluru,False
TX004252,EMP002,Meera,2026-07-16,TechSupply,Travel,25655.31,Manager A,Engineering,Card,Varanasi,False
TX004253,EMP001,Aarav,2026-04-14,EquipHub,Travel,20524.35,Manager A,Engineering,Card,Bengaluru,False
TX004254,EMP003,Kabir,2026-04-25,TravelDesk,Software,25555.59,Manager B,Engineering,Card,Varanasi,False
TX004255,EMP004,Ishita,2026-07-09,CloudWorks,Equipment,7726.54,Manager A,Finance,Card,Delhi,False
TX004256,EMP005,Rohan,2026-05-08,TechSupply,Equipment,15673.22,Manager A,Engineering,Bank Transfer,Mumbai,False
TX004257,EMP004,Ishita,2026-04-06,CloudWorks,Office,25181.73,Manager B,Engineering,Bank Transfer,Delhi,False
TX004258,EMP004,Ishita,2026-01-13,OfficeMart,Office,12042.14,Manager B,Engineering,Card,Bengaluru,False
TX004259,EMP002,Meera,2026-03-18,TravelDesk,Equipment,16459.79,Manager B,Operations,Bank Transfer,Mumbai,False
TX004260,EMP003,Kabir,2026-07-13,TravelDesk,Equipment,187278.20600974743,Manager A,Finance,Bank Transfer,Delhi,True
TX004261,EMP004,Ishita,2026-07-25,CloudWorks,Software,15081.61,Manager B,Finance,UPI,Varanasi,False
TX004262,EMP003,Kabir,2026-07-02,TravelDesk,Software,10080.22,Manager B,Finance,Bank Transfer,Delhi,False
TX004263,EMP005,Rohan,2026-07-07,CloudWorks,Software,12582.81,Manager B,Operations,UPI,Mumbai,False
TX004264,EMP004,Ishita,2026-03-04,EquipHub,Equipment,17211.83,Manager A,Engineering,Card,Bengaluru,False
TX004265,EMP005,Rohan,2026-07-11,TravelDesk,Office,26620.12,Manager B,Finance,UPI,Varanasi,False
TX004266,EMP005,Rohan,2026-08-25,TechSupply,Equipment,20417.98,Manager B,Engineering,UPI,Mumbai,False
TX004267,EMP004,Ishita,2026-03-22,OfficeMart,Software,10231.51,Manager A,Finance,Bank Transfer,Varanasi,False
TX004268,EMP005,Rohan,2026-06-19,EquipHub,Travel,11270.21,Manager A,Engineering,Bank Transfer,Delhi,False
TX004269,EMP004,Ishita,2026-01-28,TechSupply,Office,22830.8,Manager A,Finance,Bank Transfer,Varanasi,False
TX004270,EMP005,Rohan,2026-05-29,CloudWorks,Equipment,13416.61,Manager A,Operations,Bank Transfer,Mumbai,False
TX004271,EMP005,Rohan,2026-02-24,CloudWorks,Equipment,20806.54,Manager B,Finance,UPI,Bengaluru,False
TX004272,EMP005,Rohan,2026-02-17,CloudWorks,Equipment,28011.86,Manager A,Finance,UPI,Bengaluru,False
TX004273,EMP003,Kabir,2026-06-05,CloudWorks,Software,14402.6,Manager A,Finance,UPI,Delhi,False
TX004274,EMP004,Ishita,2026-03-18,EquipHub,Equipment,19442.57,Manager A,Operations,Card,Mumbai,False
TX004275,EMP001,Aarav,2026-07-24,CloudWorks,Equipment,15592.63,Manager A,Finance,Bank Transfer,Delhi,False
TX004276,EMP004,Ishita,2026-01-28,OfficeMart,Office,20298.56,Manager A,Engineering,Bank Transfer,Delhi,False
TX004277,EMP002,Meera,2026-07-08,TechSupply,Travel,25996.26,Manager A,Finance,Card,Mumbai,False
TX004278,EMP004,Ishita,2026-08-13,TechSupply,Software,24189.35,Manager B,Engineering,Bank Transfer,Mumbai,False
TX004279,EMP002,Meera,2026-03-29,TechSupply,Office,17042.03,Manager B,Finance,Bank Transfer,Bengaluru,False
TX004280,EMP003,Kabir,2026-06-19,TechSupply,Travel,22380.53,Manager B,Engineering,Card,Bengaluru,False
TX004281,EMP002,Meera,2026-03-27,OfficeMart,Travel,20213.35,Manager B,Operations,UPI,Mumbai,False
TX004282,EMP002,Meera,2026-01-11,OfficeMart,Travel,11308.51,Manager A,Finance,UPI,Varanasi,False
TX004283,EMP005,Rohan,2026-04-25,OfficeMart,Software,22231.77,Manager B,Operations,Card,Bengaluru,False
TX004284,EMP001,Aarav,2026-07-29,OfficeMart,Software,10220.98,Manager A,Operations,UPI,Varanasi,False
TX004285,EMP002,Meera,2026-04-15,TravelDesk,Software,21675.12,Manager A,Finance,Card,Bengaluru,False
TX004286,EMP001,Aarav,2026-07-07,TravelDesk,Software,25069.97,Manager A,Operations,Card,Delhi,False
TX004287,EMP004,Ishita,2026-02-28,OfficeMart,Travel,16693.0,Manager B,Engineering,Bank Transfer,Bengaluru,False
TX004288,EMP003,Kabir,2026-05-13,OfficeMart,Software,18233.54,Manager B,Engineering,Card,Varanasi,False
TX004289,EMP004,Ishita,2026-05-26,CloudWorks,Software,27096.84,Manager A,Finance,Bank Transfer,Mumbai,False
TX004290,EMP004,Ishita,2026-04-08,CloudWorks,Travel,14306.23,Manager A,Engineering,UPI,Mumbai,False
TX004291,EMP003,Kabir,2026-05-30,TechSupply,Office,15860.76,Manager B,Engineering,Bank Transfer,Delhi,False
TX004292,EMP001,Aarav,2026-01-24,EquipHub,Travel,21170.48,Manager B,Engineering,UPI,Varanasi,False
TX004293,EMP001,Aarav,2026-05-28,CloudWorks,Equipment,9749.56,Manager B,Engineering,UPI,Varanasi,False
TX004294,EMP003,Kabir,2026-06-20,EquipHub,Software,19927.77,Manager B,Engineering,Card,Varanasi,False
TX004295,EMP004,Ishita,2026-05-05,OfficeMart,Travel,15125.39,Manager B,Finance,Card,Bengaluru,False
TX004296,EMP005,Rohan,2026-04-07,CloudWorks,Equipment,25625.01,Manager B,Engineering,Card,Mumbai,False
TX004297,EMP004,Ishita,2026-03-04,TravelDesk,Travel,20348.01,Manager B,Operations,UPI,Delhi,False
TX004298,EMP004,Ishita,2026-05-10,TechSupply,Travel,23366.34,Manager A,Operations,UPI,Delhi,False
TX004299,EMP005,Rohan,2026-01-04,TechSupply,Equipment,16843.27,Manager B,Engineering,Bank Transfer,Varanasi,False
TX004300,EMP004,Ishita,2026-01-10,EquipHub,Equipment,26355.0,Manager A,Finance,Card,Mumbai,False
TX004301,EMP003,Kabir,2026-01-20,EquipHub,Software,16080.76,Manager A,Finance,Card,Varanasi,False
TX004302,EMP003,Kabir,2026-01-10,CloudWorks,Office,27431.19,Manager A,Finance,Card,Bengaluru,False
TX004303,EMP003,Kabir,2026-05-08,TechSupply,Travel,13542.91,Manager A,Operations,Card,Mumbai,False
TX004304,EMP003,Kabir,2026-07-23,CloudWorks,Travel,16567.77,Manager B,Finance,UPI,Varanasi,False
TX004305,EMP002,Meera,2026-07-04,TravelDesk,Equipment,28396.54,Manager B,Operations,Card,Mumbai,False
TX004306,EMP003,Kabir,2026-04-26,TravelDesk,Equipment,24823.29,Manager B,Finance,UPI,Delhi,False
TX004307,EMP004,Ishita,2026-04-14,EquipHub,Equipment,15991.84,Manager B,Engineering,UPI,Bengaluru,False
TX004308,EMP003,Kabir,2026-04-21,TechSupply,Office,8285.95,Manager A,Engineering,UPI,Delhi,False
TX004309,EMP002,Meera,2026-05-03,TravelDesk,Office,17996.66,Manager A,Finance,Bank Transfer,Mumbai,False
TX004310,EMP001,Aarav,2026-08-27,EquipHub,Software,14531.76,Manager A,Engineering,Card,Mumbai,False
TX004311,EMP001,Aarav,2026-05-15,TechSupply,Office,22528.3,Manager A,Operations,UPI,Mumbai,False
TX004312,EMP003,Kabir,2026-07-14,TechSupply,Equipment,21225.02,Manager B,Engineering,Bank Transfer,Bengaluru,False
TX004313,EMP003,Kabir,2026-02-11,TravelDesk,Software,14959.46,Manager A,Operations,UPI,Bengaluru,False
TX004314,EMP001,Aarav,2026-05-30,EquipHub,Office,25960.96,Manager A,Operations,UPI,Mumbai,False
TX004315,EMP001,Aarav,2026-06-18,TechSupply,Travel,16063.12,Manager B,Engineering,UPI,Varanasi,False
TX004316,EMP001,Aarav,2026-04-08,EquipHub,Software,22058.74,Manager B,Operations,UPI,Mumbai,False
TX004317,EMP004,Ishita,2026-05-08,OfficeMart,Equipment,27063.28,Manager B,Operations,UPI,Varanasi,False
TX004318,EMP005,Rohan,2026-05-30,TravelDesk,Travel,25547.02,Manager A,Finance,UPI,Bengaluru,False
TX004319,EMP004,Ishita,2026-03-27,TravelDesk,Equipment,24872.51,Manager A,Operations,Card,Delhi,False
TX004320,EMP002,Meera,2026-07-09,TechSupply,Travel,19182.26,Manager A,Operations,Card,Varanasi,False
TX004321,EMP001,Aarav,2026-01-01,TravelDesk,Travel,19204.17,Manager A,Engineering,UPI,Varanasi,False
TX004322,EMP001,Aarav,2026-04-05,CloudWorks,Office,8791.08,Manager B,Engineering,UPI,Varanasi,False
TX004323,EMP005,Rohan,2026-05-28,EquipHub,Travel,19823.23,Manager A,Engineering,Card,Mumbai,False
TX004324,EMP004,Ishita,2026-03-16,TravelDesk,Travel,12057.26,Manager B,Engineering,Bank Transfer,Delhi,False
TX004325,EMP005,Rohan,2026-03-23,CloudWorks,Equipment,26875.63,Manager B,Finance,Card,Delhi,False
TX004326,EMP004,Ishita,2026-07-08,TravelDesk,Travel,26981.57,Manager A,Operations,UPI,Varanasi,False
TX004327,EMP001,Aarav,2026-04-22,CloudWorks,Equipment,15189.8,Manager B,Operations,Bank Transfer,Varanasi,False
TX004328,EMP004,Ishita,2026-01-03,EquipHub,Office,8740.35,Manager A,Operations,UPI,Delhi,False
TX004329,EMP001,Aarav,2026-06-17,CloudWorks,Software,19100.2,Manager B,Operations,Card,Delhi,False
TX004330,EMP002,Meera,2026-04-05,OfficeMart,Equipment,20742.93,Manager B,Finance,UPI,Mumbai,False
TX004331,EMP005,Rohan,2026-03-31,EquipHub,Office,20708.59,Manager A,Operations,UPI,Delhi,False
TX004332,EMP005,Rohan,2026-01-25,EquipHub,Software,17550.38,Manager B,Engineering,Bank Transfer,Bengaluru,False
TX004333,EMP004,Ishita,2026-04-20,CloudWorks,Software,21319.88,Manager A,Operations,Card,Delhi,False
TX004334,EMP002,Meera,2026-06-18,TechSupply,Office,25147.8,Manager A,Engineering,UPI,Delhi,False
TX004335,EMP003,Kabir,2026-06-23,OfficeMart,Equipment,27551.39,Manager B,Finance,Bank Transfer,Delhi,False
TX004336,EMP005,Rohan,2026-08-27,CloudWorks,Office,22984.72,Manager B,Operations,UPI,Delhi,False
TX004337,EMP004,Ishita,2026-05-09,TechSupply,Equipment,16236.0,Manager A,Operations,Bank Transfer,Varanasi,False
TX004338,EMP005,Rohan,2026-02-11,TravelDesk,Office,6649.92,Manager A,Operations,UPI,Delhi,False
TX004339,EMP004,Ishita,2026-04-19,EquipHub,Travel,12478.53,Manager B,Operations,Card,Delhi,False
TX004340,EMP002,Meera,2026-02-06,EquipHub,Software,30249.81,Manager B,Finance,UPI,Bengaluru,False
TX004341,EMP004,Ishita,2026-01-08,TravelDesk,Office,20287.37,Manager B,Operations,Bank Transfer,Delhi,False
TX004342,EMP001,Aarav,2026-02-11,TechSupply,Office,20841.31,Manager B,Finance,Bank Transfer,Delhi,False
TX004343,EMP004,Ishita,2026-02-24,OfficeMart,Travel,16464.26,Manager A,Engineering,Card,Bengaluru,False
TX004344,EMP003,Kabir,2026-07-09,OfficeMart,Travel,18463.79,Manager A,Engineering,Bank Transfer,Delhi,False
TX004345,EMP005,Rohan,2026-01-06,TechSupply,Office,20950.07,Manager B,Engineering,Card,Varanasi,False
TX004346,EMP004,Ishita,2026-05-30,CloudWorks,Travel,18468.9,Manager B,Engineering,Card,Mumbai,False
TX004347,EMP003,Kabir,2026-04-13,TravelDesk,Software,19140.2,Manager A,Engineering,UPI,Bengaluru,False
TX004348,EMP005,Rohan,2026-01-25,EquipHub,Travel,16200.36,Manager B,Operations,Bank Transfer,Delhi,False
TX004349,EMP004,Ishita,2026-08-12,TechSupply,Office,20622.49,Manager A,Finance,UPI,Varanasi,False
TX004350,EMP002,Meera,2026-06-06,CloudWorks,Travel,23657.94,Manager B,Operations,UPI,Mumbai,False
TX004351,EMP005,Rohan,2026-05-14,TravelDesk,Travel,15923.75,Manager A,Finance,UPI,Delhi,False
TX004352,EMP005,Rohan,2026-05-01,TravelDesk,Equipment,439554.36198044266,Manager B,Operations,Bank Transfer,Bengaluru,True
TX004353,EMP001,Aarav,2026-06-07,TravelDesk,Travel,17456.32,Manager A,Operations,Bank Transfer,Mumbai,False
TX004354,EMP003,Kabir,2026-05-07,TechSupply,Equipment,18460.21,Manager A,Operations,Bank Transfer,Delhi,False
TX004355,EMP004,Ishita,2026-07-15,CloudWorks,Equipment,19294.66,Manager A,Finance,Bank Transfer,Varanasi,False
TX004356,EMP001,Aarav,2026-02-14,TechSupply,Equipment,26428.6,Manager B,Operations,Bank Transfer,Delhi,False
TX004357,EMP003,Kabir,2026-03-12,TechSupply,Software,11882.0,Manager A,Finance,Bank Transfer,Mumbai,False
TX004358,EMP004,Ishita,2026-05-01,TechSupply,Equipment,173.91,Manager A,Operations,UPI,Varanasi,False
TX004359,EMP002,Meera,2026-03-31,TechSupply,Equipment,19357.68,Manager A,Operations,UPI,Delhi,False
TX004360,EMP001,Aarav,2026-04-21,EquipHub,Office,32117.74,Manager A,Operations,UPI,Mumbai,False
TX004361,EMP004,Ishita,2026-03-30,OfficeMart,Travel,10474.82,Manager B,Engineering,UPI,Mumbai,False
TX004362,EMP002,Meera,2026-04-21,TravelDesk,Equipment,23232.85,Manager A,Finance,Card,Delhi,False
TX004363,EMP003,Kabir,2026-04-13,TechSupply,Office,17251.6,Manager B,Finance,Bank Transfer,Bengaluru,False
TX004364,EMP004,Ishita,2026-05-19,OfficeMart,Office,14036.95,Manager A,Engineering,UPI,Delhi,False
TX004365,EMP002,Meera,2026-06-19,TravelDesk,Office,28245.13,Manager A,Finance,Bank Transfer,Delhi,False
TX004366,EMP004,Ishita,2026-05-14,OfficeMart,Software,14654.85,Manager B,Operations,Card,Bengaluru,False
TX004367,EMP005,Rohan,2026-03-02,TravelDesk,Office,14986.56,Manager A,Operations,Card,Delhi,False
TX004368,EMP005,Rohan,2026-03-03,OfficeMart,Equipment,25135.57,Manager B,Operations,Bank Transfer,Varanasi,False
TX004369,EMP002,Meera,2026-03-08,TravelDesk,Equipment,22296.7,Manager A,Finance,UPI,Varanasi,False
TX004370,EMP004,Ishita,2026-03-10,EquipHub,Software,26821.59,Manager A,Engineering,UPI,Delhi,False
TX004371,EMP004,Ishita,2026-04-04,TechSupply,Office,25935.58,Manager A,Finance,Bank Transfer,Mumbai,False
TX004372,EMP004,Ishita,2026-03-17,EquipHub,Equipment,26948.1,Manager B,Finance,Bank Transfer,Mumbai,False
TX004373,EMP001,Aarav,2026-08-06,TravelDesk,Software,19452.25,Manager A,Operations,Card,Delhi,False
TX004374,EMP002,Meera,2026-03-04,TechSupply,Equipment,26477.63,Manager A,Finance,Card,Delhi,False
TX004375,EMP004,Ishita,2026-07-21,TravelDesk,Office,16736.2,Manager A,Engineering,Bank Transfer,Bengaluru,False
TX004376,EMP004,Ishita,2026-04-27,CloudWorks,Software,25405.75,Manager A,Finance,Bank Transfer,Bengaluru,False
TX004377,EMP001,Aarav,2026-03-17,TechSupply,Equipment,22271.65,Manager A,Engineering,Card,Mumbai,False
TX004378,EMP004,Ishita,2026-08-17,EquipHub,Travel,21409.22,Manager A,Engineering,Card,Bengaluru,False
TX004379,EMP004,Ishita,2026-08-18,CloudWorks,Equipment,18651.72,Manager A,Engineering,Bank Transfer,Mumbai,False
TX004380,EMP004,Ishita,2026-05-10,TechSupply,Software,13189.68,Manager B,Engineering,Bank Transfer,Varanasi,False
TX004381,EMP001,Aarav,2026-01-05,EquipHub,Travel,21410.1,Manager A,Engineering,UPI,Delhi,False
TX004382,EMP002,Meera,2026-03-27,EquipHub,Travel,27018.67,Manager A,Engineering,Bank Transfer,Varanasi,False
TX004383,EMP001,Aarav,2026-07-02,TravelDesk,Travel,27933.07,Manager B,Finance,Card,Bengaluru,False
TX004384,EMP002,Meera,2026-05-24,EquipHub,Travel,18213.16,Manager A,Finance,UPI,Bengaluru,False
TX004385,EMP005,Rohan,2026-06-05,OfficeMart,Travel,11491.63,Manager A,Operations,Bank Transfer,Varanasi,False
TX004386,EMP003,Kabir,2026-08-25,TechSupply,Travel,17199.17,Manager A,Operations,Bank Transfer,Mumbai,False
TX004387,EMP002,Meera,2026-03-22,OfficeMart,Travel,18035.87,Manager B,Operations,Card,Mumbai,False
TX004388,EMP002,Meera,2026-03-11,OfficeMart,Office,25774.38,Manager B,Finance,Bank Transfer,Bengaluru,False
TX004389,EMP002,Meera,2026-06-08,CloudWorks,Software,19872.08,Manager B,Operations,Card,Mumbai,False
TX004390,EMP004,Ishita,2026-05-25,TechSupply,Software,28487.73,Manager B,Engineering,Card,Varanasi,False
TX004391,EMP005,Rohan,2026-07-24,TravelDesk,Travel,13339.93,Manager B,Operations,Bank Transfer,Varanasi,False
TX004392,EMP005,Rohan,2026-06-06,TravelDesk,Office,14643.43,Manager A,Finance,UPI,Varanasi,False
TX004393,EMP003,Kabir,2026-06-20,TechSupply,Software,24897.88,Manager A,Engineering,UPI,Varanasi,False
TX004394,EMP005,Rohan,2026-04-17,CloudWorks,Software,19429.8,Manager A,Engineering,Bank Transfer,Mumbai,False
TX004395,EMP004,Ishita,2026-03-19,CloudWorks,Office,21747.48,Manager A,Finance,Card,Bengaluru,False
TX004396,EMP005,Rohan,2026-05-19,CloudWorks,Software,20674.01,Manager B,Finance,Card,Mumbai,False
TX004397,EMP005,Rohan,2026-08-08,TravelDesk,Travel,121026.42582739306,Manager A,Engineering,Card,Delhi,True
TX004398,EMP005,Rohan,2026-05-05,EquipHub,Equipment,18278.33,Manager A,Operations,Card,Delhi,False
TX004399,EMP003,Kabir,2026-04-03,TechSupply,Software,24446.68,Manager B,Engineering,Bank Transfer,Mumbai,False
TX004400,EMP003,Kabir,2026-05-16,EquipHub,Equipment,20638.0,Manager B,Operations,Card,Bengaluru,False
TX004401,EMP005,Rohan,2026-03-31,OfficeMart,Equipment,20824.22,Manager B,Finance,UPI,Bengaluru,False
TX004402,EMP003,Kabir,2026-04-27,TechSupply,Travel,11060.51,Manager B,Engineering,UPI,Varanasi,False
TX004403,EMP005,Rohan,2026-07-03,TravelDesk,Office,20361.66,Manager A,Finance,Card,Varanasi,False
TX004404,EMP002,Meera,2026-06-15,EquipHub,Office,24007.89,Manager A,Engineering,UPI,Bengaluru,False
TX004405,EMP001,Aarav,2026-07-08,CloudWorks,Equipment,21690.5,Manager B,Finance,Bank Transfer,Delhi,False
TX004406,EMP004,Ishita,2026-02-09,TravelDesk,Office,18040.52,Manager A,Operations,Card,Bengaluru,False
TX004407,EMP002,Meera,2026-01-09,CloudWorks,Equipment,27056.17,Manager B,Finance,Card,Varanasi,False
TX004408,EMP003,Kabir,2026-06-16,TravelDesk,Office,14568.61,Manager A,Finance,Bank Transfer,Varanasi,False
TX004409,EMP003,Kabir,2026-03-18,CloudWorks,Software,20486.57,Manager A,Finance,UPI,Mumbai,False
TX004410,EMP005,Rohan,2026-05-05,OfficeMart,Software,20247.61,Manager B,Operations,Card,Delhi,False
TX004411,EMP004,Ishita,2026-07-25,TravelDesk,Equipment,19260.69,Manager A,Engineering,Bank Transfer,Mumbai,False
TX004412,EMP001,Aarav,2026-08-22,CloudWorks,Travel,29486.55,Manager B,Engineering,Card,Bengaluru,False
TX004413,EMP001,Aarav,2026-02-12,TravelDesk,Travel,23431.85,Manager A,Engineering,UPI,Varanasi,False
TX004414,EMP001,Aarav,2026-08-14,OfficeMart,Travel,20317.29,Manager B,Finance,Bank Transfer,Mumbai,False
TX004415,EMP003,Kabir,2026-08-11,CloudWorks,Equipment,20510.33,Manager A,Engineering,UPI,Mumbai,False
TX004416,EMP004,Ishita,2026-01-18,OfficeMart,Software,19946.68,Manager A,Operations,Bank Transfer,Bengaluru,False
TX004417,EMP003,Kabir,2026-01-02,OfficeMart,Travel,33523.69,Manager B,Finance,Bank Transfer,Delhi,False
TX004418,EMP002,Meera,2026-06-15,EquipHub,Office,27660.45,Manager B,Finance,Card,Bengaluru,False
TX004419,EMP001,Aarav,2026-05-05,TechSupply,Software,10866.62,Manager A,Operations,Card,Mumbai,False
TX004420,EMP005,Rohan,2026-04-07,TechSupply,Travel,9293.56,Manager A,Finance,Card,Bengaluru,False
TX004421,EMP002,Meera,2026-01-20,TechSupply,Software,24458.34,Manager B,Finance,Card,Varanasi,False
TX004422,EMP005,Rohan,2026-04-20,CloudWorks,Travel,13288.18,Manager A,Finance,Bank Transfer,Varanasi,False
TX004423,EMP002,Meera,2026-01-18,TravelDesk,Travel,14280.1,Manager A,Finance,Bank Transfer,Varanasi,False
TX004424,EMP003,Kabir,2026-02-15,EquipHub,Software,19392.92,Manager B,Finance,Card,Mumbai,False
TX004425,EMP002,Meera,2026-02-25,CloudWorks,Office,12637.52,Manager B,Operations,Bank Transfer,Varanasi,False
TX004426,EMP003,Kabir,2026-06-29,TechSupply,Software,18478.68,Manager B,Finance,Bank Transfer,Mumbai,False
TX004427,EMP002,Meera,2026-07-29,TechSupply,Equipment,27199.49,Manager A,Engineering,Bank Transfer,Mumbai,False
TX004428,EMP003,Kabir,2026-06-08,CloudWorks,Equipment,20858.54,Manager B,Finance,UPI,Delhi,False
TX004429,EMP001,Aarav,2026-05-24,TravelDesk,Office,22978.82,Manager A,Finance,UPI,Delhi,False
TX004430,EMP004,Ishita,2026-01-13,CloudWorks,Office,17236.6,Manager B,Engineering,UPI,Bengaluru,False
TX004431,EMP004,Ishita,2026-06-25,OfficeMart,Software,33766.46,Manager A,Engineering,Card,Mumbai,False
TX004432,EMP002,Meera,2026-04-24,OfficeMart,Office,20772.69,Manager A,Finance,Card,Varanasi,False
TX004433,EMP004,Ishita,2026-06-14,TravelDesk,Equipment,20907.43,Manager B,Engineering,Bank Transfer,Delhi,False
TX004434,EMP004,Ishita,2026-04-24,EquipHub,Travel,18488.42,Manager B,Finance,Bank Transfer,Varanasi,False
TX004435,EMP003,Kabir,2026-02-09,CloudWorks,Office,17066.46,Manager A,Engineering,Bank Transfer,Varanasi,False
TX004436,EMP002,Meera,2026-03-14,EquipHub,Software,1455.57,Manager B,Operations,UPI,Mumbai,False
TX004437,EMP004,Ishita,2026-01-20,TechSupply,Office,19107.53,Manager B,Finance,Bank Transfer,Mumbai,False
TX004438,EMP003,Kabir,2026-05-07,OfficeMart,Software,15646.29,Manager B,Operations,Card,Mumbai,False
TX004439,EMP005,Rohan,2026-07-11,EquipHub,Equipment,15476.03,Manager B,Engineering,Bank Transfer,Delhi,False
TX004440,EMP003,Kabir,2026-08-05,TravelDesk,Office,13315.96,Manager A,Finance,Bank Transfer,Varanasi,False
TX004441,EMP003,Kabir,2026-03-19,TravelDesk,Office,30066.37,Manager A,Operations,Card,Bengaluru,False
TX004442,EMP003,Kabir,2026-04-12,CloudWorks,Office,15976.22,Manager A,Operations,Bank Transfer,Varanasi,False
TX004443,EMP002,Meera,2026-01-26,TravelDesk,Travel,9383.77,Manager B,Engineering,UPI,Bengaluru,False
TX004444,EMP005,Rohan,2026-03-15,CloudWorks,Travel,10656.73,Manager A,Operations,Bank Transfer,Varanasi,False
TX004445,EMP004,Ishita,2026-02-14,CloudWorks,Software,15097.55,Manager B,Operations,Bank Transfer,Varanasi,False
TX004446,EMP002,Meera,2026-02-06,TechSupply,Travel,14505.58,Manager B,Engineering,UPI,Varanasi,False
TX004447,EMP004,Ishita,2026-03-10,TravelDesk,Office,12276.77,Manager B,Finance,Card,Mumbai,False
TX004448,EMP002,Meera,2026-06-23,OfficeMart,Travel,25868.74,Manager A,Engineering,UPI,Varanasi,False
TX004449,EMP001,Aarav,2026-07-03,TravelDesk,Office,32902.45,Manager B,Operations,Bank Transfer,Delhi,False
TX004450,EMP001,Aarav,2026-02-02,TravelDesk,Software,20831.94,Manager B,Operations,Bank Transfer,Varanasi,False
TX004451,EMP005,Rohan,2026-01-13,TravelDesk,Equipment,16971.31,Manager B,Operations,Card,Bengaluru,False
TX004452,EMP003,Kabir,2026-03-01,EquipHub,Office,33404.07,Manager B,Finance,UPI,Delhi,False
TX004453,EMP003,Kabir,2026-03-14,TechSupply,Equipment,19167.74,Manager B,Operations,UPI,Mumbai,False
TX004454,EMP005,Rohan,2026-07-30,TechSupply,Software,27935.18,Manager A,Operations,Bank Transfer,Mumbai,False
TX004455,EMP003,Kabir,2026-05-31,CloudWorks,Equipment,17610.66,Manager A,Finance,Card,Mumbai,False
TX004456,EMP005,Rohan,2026-06-13,OfficeMart,Equipment,25956.38,Manager B,Engineering,Bank Transfer,Delhi,False
TX004457,EMP005,Rohan,2026-01-16,TechSupply,Software,23895.46,Manager B,Finance,Card,Bengaluru,False
TX004458,EMP003,Kabir,2026-03-27,EquipHub,Equipment,20813.87,Manager B,Engineering,UPI,Mumbai,False
TX004459,EMP001,Aarav,2026-06-15,TechSupply,Office,19446.01,Manager B,Operations,Card,Mumbai,False
TX004460,EMP002,Meera,2026-05-19,TechSupply,Office,11946.15,Manager A,Finance,Bank Transfer,Mumbai,False
TX004461,EMP005,Rohan,2026-02-23,TravelDesk,Software,10613.93,Manager A,Engineering,Bank Transfer,Delhi,False
TX004462,EMP005,Rohan,2026-04-28,OfficeMart,Equipment,17951.87,Manager B,Operations,Bank Transfer,Mumbai,False
TX004463,EMP002,Meera,2026-07-28,OfficeMart,Travel,19799.41,Manager A,Finance,Card,Bengaluru,False
TX004464,EMP005,Rohan,2026-01-15,OfficeMart,Travel,31348.64,Manager B,Engineering,Bank Transfer,Varanasi,False
TX004465,EMP005,Rohan,2026-08-14,OfficeMart,Software,15211.12,Manager B,Finance,UPI,Mumbai,False
TX004466,EMP003,Kabir,2026-03-06,TechSupply,Travel,22207.95,Manager A,Engineering,Card,Mumbai,False
TX004467,EMP002,Meera,2026-02-22,TravelDesk,Travel,21174.12,Manager A,Operations,Card,Varanasi,False
TX004468,EMP002,Meera,2026-06-08,TravelDesk,Office,22783.19,Manager B,Engineering,Card,Delhi,False
TX004469,EMP003,Kabir,2026-01-13,OfficeMart,Software,13356.28,Manager B,Engineering,Card,Varanasi,False
TX004470,EMP004,Ishita,2026-03-03,EquipHub,Office,22675.71,Manager A,Operations,UPI,Delhi,False
TX004471,EMP004,Ishita,2026-08-02,CloudWorks,Software,21015.28,Manager A,Finance,Bank Transfer,Bengaluru,False
TX004472,EMP005,Rohan,2026-06-20,OfficeMart,Equipment,21882.74,Manager A,Engineering,UPI,Mumbai,False
TX004473,EMP002,Meera,2026-01-02,EquipHub,Equipment,19863.69,Manager A,Engineering,Card,Bengaluru,False
TX004474,EMP005,Rohan,2026-05-24,EquipHub,Travel,22782.81,Manager A,Finance,Card,Varanasi,False
TX004475,EMP002,Meera,2026-01-17,TravelDesk,Equipment,20523.96,Manager A,Operations,Bank Transfer,Delhi,False
TX004476,EMP005,Rohan,2026-04-14,TechSupply,Travel,20260.66,Manager B,Engineering,UPI,Varanasi,False
TX004477,EMP005,Rohan,2026-04-05,EquipHub,Software,21984.93,Manager B,Engineering,UPI,Mumbai,False
TX004478,EMP004,Ishita,2026-03-02,EquipHub,Office,10685.39,Manager B,Operations,UPI,Varanasi,False
TX004479,EMP005,Rohan,2026-01-28,CloudWorks,Travel,18889.24,Manager B,Engineering,Bank Transfer,Mumbai,False
TX004480,EMP001,Aarav,2026-01-01,OfficeMart,Travel,17703.02,Manager A,Engineering,UPI,Mumbai,False
TX004481,EMP001,Aarav,2026-02-25,OfficeMart,Office,29942.87,Manager B,Operations,Bank Transfer,Delhi,False
TX004482,EMP001,Aarav,2026-03-31,OfficeMart,Office,22117.48,Manager A,Engineering,Card,Delhi,False
TX004483,EMP001,Aarav,2026-01-07,OfficeMart,Software,26711.12,Manager B,Operations,UPI,Bengaluru,False
TX004484,EMP002,Meera,2026-06-14,EquipHub,Office,22938.81,Manager B,Operations,UPI,Delhi,False
TX004485,EMP001,Aarav,2026-05-25,EquipHub,Equipment,23846.18,Manager B,Operations,Bank Transfer,Delhi,False
TX004486,EMP003,Kabir,2026-06-22,TravelDesk,Office,15387.44,Manager B,Operations,Bank Transfer,Mumbai,False
TX004487,EMP005,Rohan,2026-06-15,TravelDesk,Equipment,20102.61,Manager B,Finance,UPI,Bengaluru,False
TX004488,EMP002,Meera,2026-03-09,EquipHub,Software,11824.02,Manager B,Engineering,Bank Transfer,Varanasi,False
TX004489,EMP001,Aarav,2026-08-26,TechSupply,Office,7683.43,Manager B,Engineering,UPI,Varanasi,False
TX004490,EMP002,Meera,2026-02-21,TravelDesk,Office,23648.65,Manager B,Finance,Card,Delhi,False
TX004491,EMP004,Ishita,2026-04-10,OfficeMart,Office,25103.98,Manager B,Engineering,Bank Transfer,Bengaluru,False
TX004492,EMP003,Kabir,2026-04-01,TechSupply,Equipment,30904.43,Manager B,Finance,UPI,Delhi,False
TX004493,EMP002,Meera,2026-02-12,TechSupply,Equipment,1866.86,Manager B,Operations,UPI,Bengaluru,False
TX004494,EMP005,Rohan,2026-07-08,TravelDesk,Office,22613.16,Manager B,Engineering,Bank Transfer,Delhi,False
TX004495,EMP004,Ishita,2026-06-03,TravelDesk,Travel,15994.41,Manager A,Operations,UPI,Varanasi,False
TX004496,EMP005,Rohan,2026-03-04,TravelDesk,Software,22892.63,Manager B,Operations,Card,Mumbai,False
TX004497,EMP005,Rohan,2026-08-14,TechSupply,Software,20620.27,Manager A,Finance,Bank Transfer,Bengaluru,False
TX004498,EMP003,Kabir,2026-02-12,OfficeMart,Travel,16255.01,Manager A,Engineering,Card,Delhi,False
TX004499,EMP004,Ishita,2026-03-27,OfficeMart,Travel,18290.58,Manager B,Operations,Card,Bengaluru,False
TX004500,EMP001,Aarav,2026-04-25,CloudWorks,Software,22709.81,Manager A,Operations,Card,Bengaluru,False
TX004501,EMP005,Rohan,2026-01-20,OfficeMart,Equipment,21752.04,Manager A,Operations,Card,Mumbai,False
TX004502,EMP005,Rohan,2026-01-16,CloudWorks,Travel,19048.68,Manager B,Engineering,UPI,Delhi,False
TX004503,EMP003,Kabir,2026-07-07,TechSupply,Office,30448.48,Manager B,Finance,UPI,Bengaluru,False
TX004504,EMP004,Ishita,2026-01-22,TravelDesk,Travel,12818.78,Manager B,Finance,Card,Bengaluru,False
TX004505,EMP005,Rohan,2026-02-05,OfficeMart,Equipment,31932.59,Manager B,Operations,Bank Transfer,Bengaluru,False
TX004506,EMP001,Aarav,2026-03-01,OfficeMart,Equipment,22163.42,Manager A,Finance,Card,Mumbai,False
TX004507,EMP005,Rohan,2026-04-17,OfficeMart,Office,23356.64,Manager B,Engineering,Bank Transfer,Varanasi,False
TX004508,EMP002,Meera,2026-02-18,CloudWorks,Office,25136.9,Manager A,Operations,Card,Bengaluru,False
TX004509,EMP002,Meera,2026-04-17,OfficeMart,Office,30491.98,Manager A,Operations,UPI,Delhi,False
TX004510,EMP005,Rohan,2026-04-11,EquipHub,Travel,26509.2,Manager A,Engineering,Bank Transfer,Varanasi,False
TX004511,EMP003,Kabir,2026-05-04,EquipHub,Equipment,25878.05,Manager A,Engineering,UPI,Bengaluru,False
TX004512,EMP004,Ishita,2026-06-28,CloudWorks,Software,17328.54,Manager B,Operations,Bank Transfer,Mumbai,False
TX004513,EMP004,Ishita,2026-02-23,TravelDesk,Travel,27750.23,Manager A,Engineering,UPI,Varanasi,False
TX004514,EMP002,Meera,2026-08-16,CloudWorks,Software,26437.9,Manager A,Finance,Card,Mumbai,False
TX004515,EMP004,Ishita,2026-07-16,CloudWorks,Office,19072.74,Manager B,Finance,Bank Transfer,Bengaluru,False
TX004516,EMP001,Aarav,2026-01-29,EquipHub,Office,23813.87,Manager B,Finance,Card,Varanasi,False
TX004517,EMP005,Rohan,2026-06-17,CloudWorks,Travel,19404.12,Manager B,Operations,Card,Delhi,False
TX004518,EMP001,Aarav,2026-05-16,CloudWorks,Software,27317.1,Manager A,Finance,Card,Delhi,False
TX004519,EMP004,Ishita,2026-04-15,TravelDesk,Software,19328.1,Manager B,Operations,Bank Transfer,Mumbai,False
TX004520,EMP002,Meera,2026-04-01,TechSupply,Office,25121.11,Manager A,Finance,Card,Varanasi,False
TX004521,EMP001,Aarav,2026-05-28,TravelDesk,Equipment,26800.37,Manager A,Operations,Bank Transfer,Varanasi,False
TX004522,EMP005,Rohan,2026-04-12,CloudWorks,Travel,10345.77,Manager A,Engineering,Card,Delhi,False
TX004523,EMP002,Meera,2026-02-01,TechSupply,Equipment,17139.98,Manager A,Operations,UPI,Bengaluru,False
TX004524,EMP003,Kabir,2026-04-25,EquipHub,Equipment,16711.01,Manager B,Operations,Bank Transfer,Delhi,False
TX004525,EMP005,Rohan,2026-02-02,TechSupply,Equipment,27250.79,Manager B,Engineering,Bank Transfer,Bengaluru,False
TX004526,EMP004,Ishita,2026-02-09,TechSupply,Equipment,15394.45,Manager A,Finance,Card,Varanasi,False
TX004527,EMP004,Ishita,2026-04-23,TravelDesk,Equipment,33849.17,Manager B,Finance,UPI,Mumbai,False
TX004528,EMP001,Aarav,2026-05-14,EquipHub,Software,21831.42,Manager A,Operations,Card,Bengaluru,False
TX004529,EMP003,Kabir,2026-06-06,EquipHub,Software,16962.8,Manager A,Engineering,Bank Transfer,Varanasi,False
TX004530,EMP005,Rohan,2026-05-21,CloudWorks,Travel,19510.52,Manager B,Engineering,UPI,Bengaluru,False
TX004531,EMP002,Meera,2026-07-10,OfficeMart,Office,24487.83,Manager B,Operations,UPI,Delhi,False
TX004532,EMP005,Rohan,2026-08-13,TravelDesk,Travel,20370.74,Manager A,Operations,Card,Delhi,False
TX004533,EMP004,Ishita,2026-03-05,TravelDesk,Office,15981.57,Manager B,Engineering,UPI,Bengaluru,False
TX004534,EMP004,Ishita,2026-07-20,TechSupply,Software,18164.81,Manager B,Operations,Bank Transfer,Varanasi,False
TX004535,EMP005,Rohan,2026-08-03,CloudWorks,Office,5841.27,Manager A,Operations,UPI,Delhi,False
TX004536,EMP003,Kabir,2026-03-12,CloudWorks,Travel,18374.12,Manager A,Operations,Card,Delhi,False
TX004537,EMP005,Rohan,2026-05-29,OfficeMart,Equipment,434977.3303400916,Manager A,Finance,Card,Delhi,True
TX004538,EMP004,Ishita,2026-03-16,TechSupply,Equipment,17379.93,Manager B,Engineering,Card,Delhi,False
TX004539,EMP004,Ishita,2026-07-08,EquipHub,Office,23440.51,Manager B,Finance,Bank Transfer,Varanasi,False
TX004540,EMP004,Ishita,2026-06-23,TravelDesk,Travel,16663.33,Manager A,Operations,UPI,Bengaluru,False
TX004541,EMP002,Meera,2026-03-23,EquipHub,Equipment,10729.95,Manager B,Engineering,UPI,Varanasi,False
TX004542,EMP004,Ishita,2026-01-16,TravelDesk,Office,22335.75,Manager B,Operations,Card,Varanasi,False
TX004543,EMP001,Aarav,2026-04-12,OfficeMart,Software,12527.45,Manager A,Operations,Bank Transfer,Delhi,False
TX004544,EMP002,Meera,2026-07-26,TravelDesk,Software,27004.81,Manager B,Operations,UPI,Varanasi,False
TX004545,EMP002,Meera,2026-08-28,CloudWorks,Software,24266.01,Manager A,Operations,UPI,Mumbai,False
TX004546,EMP003,Kabir,2026-07-27,EquipHub,Equipment,18812.15,Manager A,Operations,Card,Varanasi,False
TX004547,EMP005,Rohan,2026-03-21,OfficeMart,Equipment,21850.47,Manager A,Finance,Bank Transfer,Bengaluru,False
TX004548,EMP005,Rohan,2026-05-30,TechSupply,Travel,21203.78,Manager B,Finance,UPI,Bengaluru,False
TX004549,EMP003,Kabir,2026-08-08,CloudWorks,Software,11807.64,Manager B,Engineering,Bank Transfer,Bengaluru,False
TX004550,EMP005,Rohan,2026-01-15,TechSupply,Software,22107.29,Manager B,Engineering,Bank Transfer,Varanasi,False
TX004551,EMP005,Rohan,2026-06-26,TechSupply,Travel,4730.59,Manager A,Operations,Card,Mumbai,False
TX004552,EMP004,Ishita,2026-04-07,TechSupply,Travel,26215.55,Manager B,Operations,Card,Bengaluru,False
TX004553,EMP001,Aarav,2026-04-06,TravelDesk,Travel,25985.88,Manager A,Operations,UPI,Mumbai,False
TX004554,EMP003,Kabir,2026-06-02,TechSupply,Equipment,14229.32,Manager B,Engineering,Card,Varanasi,False
TX004555,EMP001,Aarav,2026-02-24,CloudWorks,Travel,12761.32,Manager B,Operations,Bank Transfer,Delhi,False
TX004556,EMP002,Meera,2026-02-20,CloudWorks,Equipment,18084.07,Manager B,Engineering,Card,Varanasi,False
TX004557,EMP004,Ishita,2026-06-24,TravelDesk,Office,26079.11,Manager A,Operations,UPI,Bengaluru,False
TX004558,EMP001,Aarav,2026-03-15,TravelDesk,Office,22229.22,Manager B,Engineering,Bank Transfer,Mumbai,False
TX004559,EMP005,Rohan,2026-06-08,EquipHub,Software,18144.43,Manager B,Engineering,UPI,Bengaluru,False
TX004560,EMP002,Meera,2026-06-01,OfficeMart,Office,27560.69,Manager A,Operations,UPI,Bengaluru,False
TX004561,EMP003,Kabir,2026-02-28,OfficeMart,Travel,19871.93,Manager B,Finance,UPI,Delhi,False
TX004562,EMP004,Ishita,2026-03-26,TechSupply,Software,18576.2,Manager A,Engineering,UPI,Mumbai,False
TX004563,EMP003,Kabir,2026-01-05,OfficeMart,Travel,14868.18,Manager A,Operations,Card,Mumbai,False
TX004564,EMP001,Aarav,2026-06-10,TechSupply,Equipment,12805.96,Manager B,Operations,Card,Varanasi,False
TX004565,EMP005,Rohan,2026-04-15,TravelDesk,Travel,21801.51,Manager B,Operations,Card,Mumbai,False
TX004566,EMP001,Aarav,2026-06-05,TravelDesk,Software,21126.11,Manager B,Finance,Card,Varanasi,False
TX004567,EMP001,Aarav,2026-04-23,TravelDesk,Software,14415.54,Manager A,Engineering,UPI,Mumbai,False
TX004568,EMP002,Meera,2026-01-26,CloudWorks,Equipment,27210.32,Manager A,Operations,Bank Transfer,Mumbai,False
TX004569,EMP003,Kabir,2026-05-01,OfficeMart,Office,24192.03,Manager B,Engineering,UPI,Varanasi,False
TX004570,EMP002,Meera,2026-06-23,EquipHub,Office,19394.95,Manager A,Finance,Bank Transfer,Varanasi,False
TX004571,EMP003,Kabir,2026-04-24,CloudWorks,Office,10142.34,Manager A,Operations,UPI,Delhi,False
TX004572,EMP004,Ishita,2026-02-14,CloudWorks,Travel,18891.03,Manager A,Engineering,Card,Mumbai,False
TX004573,EMP004,Ishita,2026-06-22,EquipHub,Software,30556.81,Manager A,Finance,UPI,Mumbai,False
TX004574,EMP003,Kabir,2026-08-08,OfficeMart,Software,13224.35,Manager A,Finance,UPI,Delhi,False
TX004575,EMP004,Ishita,2026-06-23,TravelDesk,Software,29989.77,Manager A,Operations,Card,Varanasi,False
TX004576,EMP005,Rohan,2026-04-27,EquipHub,Travel,19427.03,Manager A,Operations,Card,Mumbai,False
TX004577,EMP003,Kabir,2026-01-09,CloudWorks,Equipment,17051.67,Manager B,Engineering,Bank Transfer,Varanasi,False
TX004578,EMP005,Rohan,2026-03-11,EquipHub,Equipment,22497.73,Manager B,Operations,UPI,Delhi,False
TX004579,EMP002,Meera,2026-06-02,OfficeMart,Equipment,12231.83,Manager B,Finance,UPI,Bengaluru,False
TX004580,EMP005,Rohan,2026-03-04,TechSupply,Equipment,32555.7,Manager B,Operations,Bank Transfer,Varanasi,False
TX004581,EMP003,Kabir,2026-06-04,TravelDesk,Travel,18747.37,Manager B,Engineering,Bank Transfer,Delhi,False
TX004582,EMP003,Kabir,2026-01-17,TechSupply,Software,19359.47,Manager B,Operations,Card,Varanasi,False
TX004583,EMP005,Rohan,2026-01-04,CloudWorks,Travel,15512.33,Manager A,Engineering,UPI,Mumbai,False
TX004584,EMP001,Aarav,2026-04-30,EquipHub,Travel,29227.14,Manager B,Engineering,UPI,Delhi,False
TX004585,EMP004,Ishita,2026-03-23,OfficeMart,Software,25347.54,Manager A,Engineering,Bank Transfer,Delhi,False
TX004586,EMP004,Ishita,2026-01-20,TravelDesk,Office,15459.48,Manager A,Engineering,Card,Bengaluru,False
TX004587,EMP004,Ishita,2026-07-04,OfficeMart,Equipment,24902.87,Manager A,Engineering,Bank Transfer,Mumbai,False
TX004588,EMP002,Meera,2026-04-27,TechSupply,Equipment,22536.98,Manager B,Operations,Bank Transfer,Delhi,False
TX004589,EMP005,Rohan,2026-01-11,TechSupply,Travel,12146.17,Manager A,Operations,Card,Bengaluru,False
TX004590,EMP003,Kabir,2026-08-01,TravelDesk,Travel,17585.1,Manager A,Finance,Card,Varanasi,False
TX004591,EMP003,Kabir,2026-03-04,CloudWorks,Office,9857.12,Manager A,Engineering,Bank Transfer,Bengaluru,False
TX004592,EMP003,Kabir,2026-04-25,CloudWorks,Software,25870.29,Manager A,Finance,UPI,Delhi,False
TX004593,EMP001,Aarav,2026-07-25,CloudWorks,Software,18472.18,Manager A,Engineering,UPI,Delhi,False
TX004594,EMP005,Rohan,2026-07-29,CloudWorks,Office,24822.34,Manager B,Operations,UPI,Varanasi,False
TX004595,EMP004,Ishita,2026-05-17,TravelDesk,Equipment,13519.4,Manager B,Engineering,Card,Varanasi,False
TX004596,EMP003,Kabir,2026-02-22,OfficeMart,Software,26844.74,Manager B,Operations,Bank Transfer,Bengaluru,False
TX004597,EMP001,Aarav,2026-02-28,TechSupply,Equipment,20596.7,Manager B,Finance,UPI,Bengaluru,False
TX004598,EMP005,Rohan,2026-04-04,TravelDesk,Travel,21177.06,Manager B,Engineering,UPI,Bengaluru,False
TX004599,EMP002,Meera,2026-02-12,CloudWorks,Software,22587.71,Manager A,Operations,Bank Transfer,Varanasi,False
TX004600,EMP005,Rohan,2026-08-11,TechSupply,Software,29331.7,Manager B,Operations,Card,Mumbai,False
TX004601,EMP002,Meera,2026-01-21,TravelDesk,Equipment,7575.85,Manager A,Engineering,Bank Transfer,Varanasi,False
TX004602,EMP005,Rohan,2026-08-22,TravelDesk,Office,22980.43,Manager A,Engineering,Card,Varanasi,False
TX004603,EMP002,Meera,2026-05-12,TechSupply,Travel,23758.41,Manager A,Operations,Bank Transfer,Bengaluru,False
TX004604,EMP001,Aarav,2026-02-07,EquipHub,Software,14558.4,Manager A,Engineering,Bank Transfer,Mumbai,False
TX004605,EMP005,Rohan,2026-01-06,TravelDesk,Travel,1887.99,Manager B,Operations,Bank Transfer,Delhi,False
TX004606,EMP004,Ishita,2026-07-30,TravelDesk,Office,26232.94,Manager A,Engineering,Card,Bengaluru,False
TX004607,EMP003,Kabir,2026-05-20,TravelDesk,Office,20508.73,Manager B,Engineering,Bank Transfer,Varanasi,False
TX004608,EMP003,Kabir,2026-02-11,EquipHub,Travel,26784.24,Manager A,Engineering,Card,Mumbai,False
TX004609,EMP005,Rohan,2026-06-28,EquipHub,Office,9154.98,Manager B,Finance,Card,Mumbai,False
TX004610,EMP002,Meera,2026-01-31,EquipHub,Travel,20453.95,Manager A,Finance,UPI,Delhi,False
TX004611,EMP001,Aarav,2026-01-04,EquipHub,Software,17487.49,Manager A,Finance,UPI,Bengaluru,False
TX004612,EMP004,Ishita,2026-04-29,TravelDesk,Travel,18602.43,Manager A,Operations,Bank Transfer,Bengaluru,False
TX004613,EMP001,Aarav,2026-05-19,TravelDesk,Software,17396.08,Manager A,Operations,UPI,Mumbai,False
TX004614,EMP004,Ishita,2026-01-19,OfficeMart,Travel,19790.61,Manager B,Finance,Card,Delhi,False
TX004615,EMP004,Ishita,2026-03-19,TravelDesk,Travel,19273.46,Manager A,Finance,Bank Transfer,Delhi,False
TX004616,EMP004,Ishita,2026-07-25,OfficeMart,Travel,14294.0,Manager B,Operations,Bank Transfer,Bengaluru,False
TX004617,EMP001,Aarav,2026-04-04,TechSupply,Office,14518.1,Manager B,Finance,Card,Delhi,False
TX004618,EMP004,Ishita,2026-05-08,OfficeMart,Software,13316.19,Manager B,Finance,UPI,Delhi,False
TX004619,EMP004,Ishita,2026-05-09,TravelDesk,Office,21990.28,Manager B,Engineering,Bank Transfer,Mumbai,False
TX004620,EMP002,Meera,2026-03-19,OfficeMart,Travel,20008.37,Manager B,Finance,Card,Bengaluru,False
TX004621,EMP003,Kabir,2026-01-08,EquipHub,Office,23440.79,Manager A,Finance,Card,Bengaluru,False
TX004622,EMP004,Ishita,2026-03-20,TravelDesk,Software,16479.02,Manager A,Engineering,UPI,Varanasi,False
TX004623,EMP001,Aarav,2026-04-19,TechSupply,Software,30377.22,Manager B,Engineering,UPI,Mumbai,False
TX004624,EMP002,Meera,2026-06-09,OfficeMart,Equipment,16626.71,Manager A,Operations,UPI,Varanasi,False
TX004625,EMP002,Meera,2026-03-10,TechSupply,Office,18502.55,Manager B,Operations,UPI,Delhi,False
TX004626,EMP005,Rohan,2026-05-29,CloudWorks,Travel,14374.92,Manager B,Finance,Bank Transfer,Delhi,False
TX004627,EMP004,Ishita,2026-02-02,OfficeMart,Travel,20095.03,Manager A,Operations,Card,Delhi,False
TX004628,EMP005,Rohan,2026-03-31,CloudWorks,Software,23162.96,Manager B,Engineering,UPI,Mumbai,False
TX004629,EMP003,Kabir,2026-02-16,EquipHub,Software,27936.1,Manager A,Finance,Card,Mumbai,False
TX004630,EMP004,Ishita,2026-02-28,OfficeMart,Software,33309.31,Manager A,Finance,UPI,Varanasi,False
TX004631,EMP005,Rohan,2026-03-27,EquipHub,Travel,18487.52,Manager B,Finance,UPI,Bengaluru,False
TX004632,EMP005,Rohan,2026-04-14,CloudWorks,Software,23098.64,Manager B,Engineering,Card,Varanasi,False
TX004633,EMP002,Meera,2026-05-17,TechSupply,Software,22639.73,Manager A,Finance,Card,Delhi,False
TX004634,EMP001,Aarav,2026-01-18,TechSupply,Equipment,22529.4,Manager B,Finance,UPI,Mumbai,False
TX004635,EMP004,Ishita,2026-01-08,TechSupply,Equipment,25358.46,Manager A,Operations,UPI,Varanasi,False
TX004636,EMP002,Meera,2026-02-16,TravelDesk,Software,17714.86,Manager B,Engineering,UPI,Varanasi,False
TX004637,EMP005,Rohan,2026-05-02,TechSupply,Office,21199.77,Manager B,Operations,Card,Varanasi,False
TX004638,EMP001,Aarav,2026-02-02,TechSupply,Equipment,9704.06,Manager A,Finance,Card,Delhi,False
TX004639,EMP001,Aarav,2026-05-30,TravelDesk,Software,18470.4,Manager B,Finance,Card,Mumbai,False
TX004640,EMP005,Rohan,2026-06-09,CloudWorks,Software,5841.2,Manager A,Engineering,Card,Mumbai,False
TX004641,EMP003,Kabir,2026-02-04,OfficeMart,Software,16802.27,Manager A,Operations,Card,Varanasi,False
TX004642,EMP002,Meera,2026-03-27,OfficeMart,Software,19991.93,Manager B,Finance,Bank Transfer,Varanasi,False
TX004643,EMP005,Rohan,2026-06-24,EquipHub,Equipment,27802.52,Manager A,Operations,Card,Delhi,False
TX004644,EMP003,Kabir,2026-07-27,TravelDesk,Equipment,27853.4,Manager B,Operations,Bank Transfer,Varanasi,False
TX004645,EMP004,Ishita,2026-01-27,CloudWorks,Office,22615.34,Manager B,Finance,Bank Transfer,Bengaluru,False
TX004646,EMP005,Rohan,2026-07-01,TravelDesk,Software,13543.01,Manager B,Operations,Card,Delhi,False
TX004647,EMP004,Ishita,2026-07-21,CloudWorks,Software,28382.64,Manager B,Operations,Bank Transfer,Varanasi,False
TX004648,EMP004,Ishita,2026-02-01,TravelDesk,Office,18004.05,Manager B,Finance,Bank Transfer,Bengaluru,False
TX004649,EMP004,Ishita,2026-07-07,EquipHub,Software,24370.27,Manager B,Finance,Card,Bengaluru,False
TX004650,EMP004,Ishita,2026-05-08,CloudWorks,Office,26509.15,Manager A,Operations,Bank Transfer,Mumbai,False
TX004651,EMP005,Rohan,2026-01-31,EquipHub,Equipment,29092.8,Manager B,Operations,Bank Transfer,Bengaluru,False
TX004652,EMP004,Ishita,2026-03-01,CloudWorks,Office,30702.78,Manager B,Engineering,Bank Transfer,Bengaluru,False
TX004653,EMP005,Rohan,2026-02-07,TechSupply,Software,22842.56,Manager B,Engineering,UPI,Bengaluru,False
TX004654,EMP005,Rohan,2026-04-07,EquipHub,Travel,11798.45,Manager A,Finance,UPI,Delhi,False
TX004655,EMP004,Ishita,2026-01-26,OfficeMart,Office,13315.9,Manager B,Engineering,Card,Mumbai,False
TX004656,EMP005,Rohan,2026-04-22,OfficeMart,Travel,27261.88,Manager A,Operations,Bank Transfer,Mumbai,False
TX004657,EMP005,Rohan,2026-02-19,EquipHub,Travel,31088.98,Manager B,Engineering,UPI,Varanasi,False
TX004658,EMP005,Rohan,2026-07-02,EquipHub,Office,18235.03,Manager B,Operations,Bank Transfer,Delhi,False
TX004659,EMP003,Kabir,2026-07-21,TravelDesk,Travel,27178.99,Manager B,Operations,Card,Varanasi,False
TX004660,EMP002,Meera,2026-06-18,TechSupply,Software,14498.63,Manager A,Engineering,Bank Transfer,Delhi,False
TX004661,EMP004,Ishita,2026-05-14,TravelDesk,Office,21074.05,Manager A,Engineering,UPI,Delhi,False
TX004662,EMP002,Meera,2026-06-19,EquipHub,Equipment,14975.95,Manager A,Engineering,Bank Transfer,Mumbai,False
TX004663,EMP001,Aarav,2026-07-09,TravelDesk,Travel,18781.41,Manager B,Finance,Bank Transfer,Bengaluru,False
TX004664,EMP005,Rohan,2026-02-21,EquipHub,Equipment,16586.08,Manager B,Operations,Bank Transfer,Delhi,False
TX004665,EMP001,Aarav,2026-06-12,TechSupply,Travel,21168.34,Manager B,Operations,UPI,Bengaluru,False
TX004666,EMP004,Ishita,2026-08-12,CloudWorks,Travel,32126.65,Manager B,Operations,Bank Transfer,Delhi,False
TX004667,EMP001,Aarav,2026-07-21,TechSupply,Equipment,23715.29,Manager A,Engineering,Card,Bengaluru,False
TX004668,EMP002,Meera,2026-02-12,TechSupply,Equipment,25642.83,Manager A,Engineering,Card,Bengaluru,False
TX004669,EMP001,Aarav,2026-05-29,EquipHub,Travel,20079.54,Manager B,Engineering,UPI,Varanasi,False
TX004670,EMP003,Kabir,2026-04-27,CloudWorks,Travel,13739.57,Manager A,Engineering,Card,Bengaluru,False
TX004671,EMP002,Meera,2026-08-24,CloudWorks,Travel,18409.65,Manager B,Finance,Bank Transfer,Varanasi,False
TX004672,EMP004,Ishita,2026-01-19,TechSupply,Equipment,22799.03,Manager A,Finance,Bank Transfer,Delhi,False
TX004673,EMP004,Ishita,2026-08-09,EquipHub,Travel,20489.42,Manager A,Engineering,UPI,Delhi,False
TX004674,EMP004,Ishita,2026-06-20,OfficeMart,Equipment,17077.94,Manager B,Engineering,Card,Varanasi,False
TX004675,EMP005,Rohan,2026-08-21,OfficeMart,Software,18627.14,Manager A,Operations,Bank Transfer,Mumbai,False
TX004676,EMP003,Kabir,2026-04-10,TechSupply,Travel,16338.39,Manager A,Engineering,Card,Varanasi,False
TX004677,EMP002,Meera,2026-06-06,TechSupply,Equipment,13926.72,Manager B,Finance,Card,Delhi,False
TX004678,EMP003,Kabir,2026-05-11,TravelDesk,Software,25191.86,Manager B,Finance,Bank Transfer,Varanasi,False
TX004679,EMP005,Rohan,2026-05-17,CloudWorks,Travel,26728.36,Manager A,Finance,Card,Mumbai,False
TX004680,EMP005,Rohan,2026-08-22,TechSupply,Travel,23060.89,Manager A,Engineering,Card,Varanasi,False
TX004681,EMP003,Kabir,2026-04-28,EquipHub,Equipment,22592.95,Manager A,Finance,UPI,Varanasi,False
TX004682,EMP002,Meera,2026-07-23,EquipHub,Travel,27195.6,Manager A,Operations,Card,Mumbai,False
TX004683,EMP005,Rohan,2026-08-03,CloudWorks,Software,16036.28,Manager A,Engineering,Bank Transfer,Varanasi,False
TX004684,EMP001,Aarav,2026-08-19,EquipHub,Software,10304.55,Manager B,Operations,Bank Transfer,Delhi,False
TX004685,EMP004,Ishita,2026-05-15,CloudWorks,Software,31875.07,Manager A,Finance,Card,Bengaluru,False
TX004686,EMP004,Ishita,2026-03-16,TravelDesk,Travel,26140.44,Manager A,Engineering,UPI,Varanasi,False
TX004687,EMP004,Ishita,2026-06-16,TechSupply,Software,12981.08,Manager A,Engineering,Bank Transfer,Varanasi,False
TX004688,EMP001,Aarav,2026-03-28,TechSupply,Office,27218.83,Manager B,Operations,Card,Bengaluru,False
TX004689,EMP004,Ishita,2026-04-23,EquipHub,Equipment,18175.7,Manager B,Engineering,Bank Transfer,Varanasi,False
TX004690,EMP004,Ishita,2026-06-14,TravelDesk,Software,22462.4,Manager A,Operations,UPI,Delhi,False
TX004691,EMP002,Meera,2026-07-11,TechSupply,Software,21963.2,Manager A,Engineering,Card,Delhi,False
TX004692,EMP001,Aarav,2026-02-10,TechSupply,Software,23575.67,Manager B,Finance,UPI,Delhi,False
TX004693,EMP004,Ishita,2026-05-02,OfficeMart,Software,18586.04,Manager A,Engineering,UPI,Mumbai,False
TX004694,EMP002,Meera,2026-05-23,TravelDesk,Travel,12245.77,Manager B,Finance,Card,Delhi,False
TX004695,EMP003,Kabir,2026-05-04,EquipHub,Office,14787.34,Manager B,Finance,Bank Transfer,Delhi,False
TX004696,EMP004,Ishita,2026-02-19,TravelDesk,Software,20038.75,Manager B,Finance,UPI,Bengaluru,False
TX004697,EMP004,Ishita,2026-05-30,EquipHub,Equipment,16392.58,Manager B,Finance,Card,Bengaluru,False
TX004698,EMP005,Rohan,2026-02-20,EquipHub,Equipment,23696.18,Manager B,Engineering,Card,Bengaluru,False
TX004699,EMP001,Aarav,2026-05-19,TechSupply,Software,37332.9,Manager A,Finance,Bank Transfer,Varanasi,False
TX004700,EMP001,Aarav,2026-03-09,TravelDesk,Software,24092.29,Manager A,Engineering,Card,Varanasi,False
TX004701,EMP001,Aarav,2026-05-19,EquipHub,Software,18347.52,Manager A,Operations,UPI,Bengaluru,False
TX004702,EMP004,Ishita,2026-06-09,EquipHub,Equipment,25955.87,Manager B,Engineering,Card,Delhi,False
TX004703,EMP005,Rohan,2026-06-25,EquipHub,Office,21909.58,Manager B,Engineering,Card,Delhi,False
TX004704,EMP003,Kabir,2026-08-18,EquipHub,Travel,10425.21,Manager B,Operations,UPI,Delhi,False
TX004705,EMP002,Meera,2026-06-21,EquipHub,Equipment,36214.14,Manager A,Engineering,UPI,Delhi,False
TX004706,EMP002,Meera,2026-02-23,OfficeMart,Equipment,20630.98,Manager B,Finance,UPI,Bengaluru,False
TX004707,EMP001,Aarav,2026-05-26,TechSupply,Software,18401.86,Manager A,Engineering,Card,Mumbai,False
TX004708,EMP003,Kabir,2026-08-12,TravelDesk,Equipment,22332.18,Manager A,Operations,UPI,Varanasi,False
TX004709,EMP005,Rohan,2026-06-27,OfficeMart,Software,21027.15,Manager B,Operations,UPI,Delhi,False
TX004710,EMP002,Meera,2026-01-12,OfficeMart,Office,24267.89,Manager B,Finance,Card,Bengaluru,False
TX004711,EMP001,Aarav,2026-07-14,EquipHub,Travel,20162.92,Manager A,Operations,Bank Transfer,Bengaluru,False
TX004712,EMP001,Aarav,2026-02-06,TravelDesk,Software,22550.41,Manager B,Operations,UPI,Varanasi,False
TX004713,EMP004,Ishita,2026-01-25,OfficeMart,Office,16749.22,Manager B,Finance,UPI,Delhi,False
TX004714,EMP004,Ishita,2026-05-18,CloudWorks,Office,27543.53,Manager B,Finance,Card,Varanasi,False
TX004715,EMP002,Meera,2026-06-28,EquipHub,Equipment,16260.27,Manager B,Engineering,UPI,Mumbai,False
TX004716,EMP003,Kabir,2026-08-25,OfficeMart,Equipment,19745.32,Manager A,Operations,Bank Transfer,Varanasi,False
TX004717,EMP004,Ishita,2026-07-25,CloudWorks,Office,21361.58,Manager B,Engineering,Card,Bengaluru,False
TX004718,EMP005,Rohan,2026-06-05,CloudWorks,Travel,14246.79,Manager B,Operations,Card,Mumbai,False
TX004719,EMP002,Meera,2026-03-12,TechSupply,Office,15661.04,Manager A,Operations,Bank Transfer,Delhi,False
TX004720,EMP004,Ishita,2026-06-10,CloudWorks,Software,16054.95,Manager A,Finance,Card,Mumbai,False
TX004721,EMP001,Aarav,2026-01-26,EquipHub,Software,27680.55,Manager A,Engineering,Bank Transfer,Mumbai,False
TX004722,EMP003,Kabir,2026-08-25,CloudWorks,Travel,20006.69,Manager B,Finance,UPI,Varanasi,False
TX004723,EMP002,Meera,2026-02-21,TravelDesk,Equipment,22602.83,Manager B,Engineering,UPI,Varanasi,False
TX004724,EMP005,Rohan,2026-01-31,TechSupply,Travel,12619.35,Manager A,Finance,Card,Delhi,False
TX004725,EMP003,Kabir,2026-03-12,CloudWorks,Travel,21652.75,Manager A,Finance,UPI,Varanasi,False
TX004726,EMP001,Aarav,2026-07-03,EquipHub,Office,15242.39,Manager A,Engineering,UPI,Delhi,False
TX004727,EMP001,Aarav,2026-08-28,CloudWorks,Software,25659.1,Manager B,Operations,Bank Transfer,Varanasi,False
TX004728,EMP003,Kabir,2026-06-27,TechSupply,Equipment,19316.18,Manager A,Operations,Bank Transfer,Delhi,False
TX004729,EMP004,Ishita,2026-01-16,OfficeMart,Travel,19167.16,Manager B,Operations,Card,Bengaluru,False
TX004730,EMP005,Rohan,2026-08-10,TechSupply,Equipment,4440.04,Manager A,Finance,Bank Transfer,Delhi,False
TX004731,EMP005,Rohan,2026-04-18,EquipHub,Travel,16252.76,Manager B,Operations,UPI,Bengaluru,False
TX004732,EMP002,Meera,2026-04-06,TravelDesk,Travel,18185.81,Manager B,Engineering,UPI,Varanasi,False
TX004733,EMP003,Kabir,2026-06-07,TravelDesk,Travel,13813.08,Manager B,Operations,UPI,Delhi,False
TX004734,EMP001,Aarav,2026-03-30,TechSupply,Travel,24236.11,Manager B,Engineering,UPI,Varanasi,False
TX004735,EMP005,Rohan,2026-04-15,TravelDesk,Travel,27992.16,Manager B,Finance,Bank Transfer,Bengaluru,False
TX004736,EMP005,Rohan,2026-06-22,TechSupply,Equipment,18777.19,Manager A,Operations,Card,Mumbai,False
TX004737,EMP001,Aarav,2026-04-23,EquipHub,Office,30979.07,Manager A,Operations,UPI,Mumbai,False
TX004738,EMP001,Aarav,2026-04-27,TravelDesk,Travel,17065.21,Manager B,Operations,UPI,Delhi,False
TX004739,EMP003,Kabir,2026-07-14,EquipHub,Software,19006.65,Manager A,Finance,Bank Transfer,Bengaluru,False
TX004740,EMP005,Rohan,2026-06-01,EquipHub,Office,16992.24,Manager B,Engineering,Card,Varanasi,False
TX004741,EMP005,Rohan,2026-05-05,CloudWorks,Travel,23818.5,Manager B,Operations,Bank Transfer,Mumbai,False
TX004742,EMP002,Meera,2026-08-28,EquipHub,Travel,8578.01,Manager A,Finance,Card,Bengaluru,False
TX004743,EMP003,Kabir,2026-04-09,TechSupply,Software,30448.62,Manager B,Finance,UPI,Varanasi,False
TX004744,EMP005,Rohan,2026-07-13,TravelDesk,Equipment,23607.7,Manager A,Finance,Card,Varanasi,False
TX004745,EMP004,Ishita,2026-02-08,EquipHub,Office,5836.48,Manager A,Engineering,Bank Transfer,Bengaluru,False
TX004746,EMP003,Kabir,2026-01-26,TravelDesk,Travel,11621.35,Manager B,Engineering,Card,Mumbai,False
TX004747,EMP001,Aarav,2026-04-14,EquipHub,Office,14011.97,Manager B,Operations,Card,Varanasi,False
TX004748,EMP005,Rohan,2026-02-19,TechSupply,Office,28496.21,Manager B,Finance,Bank Transfer,Mumbai,False
TX004749,EMP005,Rohan,2026-08-11,OfficeMart,Office,18718.8,Manager A,Operations,Bank Transfer,Bengaluru,False
TX004750,EMP005,Rohan,2026-01-11,TravelDesk,Office,17410.95,Manager B,Engineering,UPI,Delhi,False
TX004751,EMP004,Ishita,2026-05-26,TravelDesk,Travel,18495.1,Manager B,Finance,Card,Bengaluru,False
TX004752,EMP005,Rohan,2026-02-05,TechSupply,Travel,6044.86,Manager A,Engineering,Card,Varanasi,False
TX004753,EMP004,Ishita,2026-02-10,OfficeMart,Office,25025.88,Manager B,Engineering,UPI,Bengaluru,False
TX004754,EMP002,Meera,2026-02-17,CloudWorks,Office,16386.32,Manager B,Operations,UPI,Mumbai,False
TX004755,EMP004,Ishita,2026-04-04,EquipHub,Software,16347.5,Manager A,Engineering,UPI,Delhi,False
TX004756,EMP005,Rohan,2026-05-02,TechSupply,Software,19387.02,Manager B,Finance,Card,Mumbai,False
TX004757,EMP004,Ishita,2026-07-29,CloudWorks,Equipment,15630.4,Manager B,Engineering,UPI,Delhi,False
TX004758,EMP003,Kabir,2026-04-16,TechSupply,Travel,23963.06,Manager A,Engineering,Card,Bengaluru,False
TX004759,EMP005,Rohan,2026-06-02,CloudWorks,Office,15050.7,Manager B,Engineering,Card,Varanasi,False
TX004760,EMP005,Rohan,2026-05-11,TechSupply,Office,24711.82,Manager A,Engineering,Bank Transfer,Bengaluru,False
TX004761,EMP003,Kabir,2026-03-28,TechSupply,Office,20858.21,Manager A,Finance,Card,Delhi,False
TX004762,EMP001,Aarav,2026-06-29,OfficeMart,Software,23586.12,Manager A,Finance,Card,Delhi,False
TX004763,EMP005,Rohan,2026-05-12,CloudWorks,Equipment,26450.33,Manager B,Operations,Bank Transfer,Delhi,False
TX004764,EMP002,Meera,2026-01-12,EquipHub,Office,22711.35,Manager A,Finance,UPI,Varanasi,False
TX004765,EMP005,Rohan,2026-06-02,CloudWorks,Travel,25155.01,Manager A,Operations,UPI,Mumbai,False
TX004766,EMP002,Meera,2026-01-13,EquipHub,Equipment,12562.07,Manager A,Engineering,UPI,Varanasi,False
TX004767,EMP001,Aarav,2026-02-20,OfficeMart,Office,16303.48,Manager B,Engineering,UPI,Varanasi,False
TX004768,EMP005,Rohan,2026-07-27,CloudWorks,Software,22140.22,Manager B,Engineering,UPI,Mumbai,False
TX004769,EMP002,Meera,2026-04-01,OfficeMart,Office,16933.04,Manager B,Engineering,UPI,Mumbai,False
TX004770,EMP001,Aarav,2026-02-27,TechSupply,Travel,17264.18,Manager B,Operations,Card,Delhi,False
TX004771,EMP005,Rohan,2026-04-09,EquipHub,Office,18343.48,Manager A,Finance,Bank Transfer,Bengaluru,False
TX004772,EMP004,Ishita,2026-05-17,CloudWorks,Equipment,12542.24,Manager B,Engineering,Bank Transfer,Mumbai,False
TX004773,EMP002,Meera,2026-06-20,OfficeMart,Office,28881.06,Manager B,Engineering,UPI,Bengaluru,False
TX004774,EMP004,Ishita,2026-03-29,CloudWorks,Travel,20739.36,Manager B,Finance,Bank Transfer,Mumbai,False
TX004775,EMP004,Ishita,2026-04-21,CloudWorks,Travel,23667.7,Manager A,Engineering,Bank Transfer,Varanasi,False
TX004776,EMP002,Meera,2026-07-11,OfficeMart,Equipment,30100.19,Manager A,Finance,UPI,Bengaluru,False
TX004777,EMP001,Aarav,2026-07-05,OfficeMart,Equipment,23638.0,Manager A,Engineering,Bank Transfer,Varanasi,False
TX004778,EMP005,Rohan,2026-01-07,OfficeMart,Software,16265.15,Manager B,Finance,Card,Delhi,False
TX004779,EMP001,Aarav,2026-03-10,TravelDesk,Software,15062.82,Manager A,Finance,Card,Varanasi,False
TX004780,EMP003,Kabir,2026-04-14,OfficeMart,Travel,16361.29,Manager B,Finance,UPI,Varanasi,False
TX004781,EMP002,Meera,2026-04-16,TechSupply,Travel,15344.13,Manager A,Operations,Card,Bengaluru,False
TX004782,EMP002,Meera,2026-07-02,EquipHub,Travel,4097.36,Manager B,Finance,UPI,Varanasi,False
TX004783,EMP005,Rohan,2026-06-02,TechSupply,Equipment,14312.26,Manager A,Engineering,Card,Mumbai,False
TX004784,EMP001,Aarav,2026-05-22,CloudWorks,Equipment,6721.67,Manager B,Operations,Bank Transfer,Varanasi,False
TX004785,EMP002,Meera,2026-04-08,TechSupply,Equipment,27579.64,Manager B,Operations,Bank Transfer,Delhi,False
TX004786,EMP001,Aarav,2026-04-20,OfficeMart,Office,22179.9,Manager B,Engineering,Bank Transfer,Mumbai,False
TX004787,EMP004,Ishita,2026-01-06,CloudWorks,Office,15816.87,Manager B,Operations,UPI,Mumbai,False
TX004788,EMP001,Aarav,2026-04-02,CloudWorks,Travel,23564.81,Manager A,Finance,UPI,Bengaluru,False
TX004789,EMP001,Aarav,2026-07-02,TechSupply,Travel,31329.89,Manager B,Engineering,Bank Transfer,Delhi,False
TX004790,EMP003,Kabir,2026-01-01,EquipHub,Software,27646.14,Manager A,Operations,Card,Delhi,False
TX004791,EMP005,Rohan,2026-04-12,EquipHub,Equipment,9800.07,Manager A,Operations,UPI,Bengaluru,False
TX004792,EMP001,Aarav,2026-08-08,TechSupply,Travel,27592.85,Manager B,Operations,UPI,Bengaluru,False
TX004793,EMP005,Rohan,2026-07-15,TechSupply,Software,14871.64,Manager B,Operations,UPI,Delhi,False
TX004794,EMP002,Meera,2026-04-21,TravelDesk,Office,17622.71,Manager A,Engineering,Card,Bengaluru,False
TX004795,EMP001,Aarav,2026-03-25,OfficeMart,Equipment,25262.58,Manager A,Engineering,Bank Transfer,Varanasi,False
TX004796,EMP005,Rohan,2026-04-22,TechSupply,Office,13739.92,Manager A,Finance,Bank Transfer,Bengaluru,False
TX004797,EMP003,Kabir,2026-08-10,CloudWorks,Software,23672.15,Manager A,Finance,UPI,Mumbai,False
TX004798,EMP003,Kabir,2026-05-30,TechSupply,Office,9986.89,Manager B,Finance,UPI,Bengaluru,False
TX004799,EMP001,Aarav,2026-01-13,OfficeMart,Travel,19003.18,Manager A,Operations,Bank Transfer,Mumbai,False
TX004800,EMP005,Rohan,2026-03-19,OfficeMart,Office,13397.95,Manager B,Finance,UPI,Varanasi,False
TX004801,EMP004,Ishita,2026-03-23,CloudWorks,Office,21827.29,Manager B,Finance,UPI,Bengaluru,False
TX004802,EMP005,Rohan,2026-01-12,OfficeMart,Software,20613.32,Manager A,Finance,Bank Transfer,Mumbai,False
TX004803,EMP003,Kabir,2026-03-16,TechSupply,Travel,11256.49,Manager A,Finance,UPI,Delhi,False
TX004804,EMP001,Aarav,2026-08-19,TravelDesk,Software,32578.19,Manager A,Engineering,Card,Varanasi,False
TX004805,EMP002,Meera,2026-06-29,OfficeMart,Travel,22946.43,Manager A,Operations,Card,Delhi,False
TX004806,EMP005,Rohan,2026-07-28,OfficeMart,Equipment,22632.83,Manager B,Finance,Bank Transfer,Varanasi,False
TX004807,EMP002,Meera,2026-04-23,CloudWorks,Travel,18944.26,Manager A,Finance,UPI,Delhi,False
TX004808,EMP003,Kabir,2026-03-23,EquipHub,Software,6623.95,Manager A,Engineering,Card,Bengaluru,False
TX004809,EMP002,Meera,2026-06-13,TravelDesk,Travel,22986.32,Manager B,Operations,Bank Transfer,Delhi,False
TX004810,EMP001,Aarav,2026-03-08,OfficeMart,Office,18979.33,Manager A,Engineering,UPI,Varanasi,False
TX004811,EMP005,Rohan,2026-07-19,TravelDesk,Office,18840.62,Manager B,Engineering,Card,Varanasi,False
TX004812,EMP005,Rohan,2026-02-08,TravelDesk,Software,17025.27,Manager B,Operations,Card,Mumbai,False
TX004813,EMP005,Rohan,2026-08-19,TravelDesk,Office,27839.03,Manager A,Finance,Bank Transfer,Bengaluru,False
TX004814,EMP002,Meera,2026-05-13,CloudWorks,Travel,19997.17,Manager B,Finance,Bank Transfer,Mumbai,False
TX004815,EMP004,Ishita,2026-07-31,CloudWorks,Travel,29431.89,Manager A,Engineering,UPI,Delhi,False
TX004816,EMP003,Kabir,2026-06-11,EquipHub,Software,28589.87,Manager B,Operations,Bank Transfer,Bengaluru,False
TX004817,EMP001,Aarav,2026-01-17,TechSupply,Equipment,4125.02,Manager A,Finance,Bank Transfer,Bengaluru,False
TX004818,EMP001,Aarav,2026-04-07,TechSupply,Equipment,22871.26,Manager B,Engineering,UPI,Varanasi,False
TX004819,EMP002,Meera,2026-01-24,CloudWorks,Equipment,15599.96,Manager A,Finance,Bank Transfer,Delhi,False
TX004820,EMP004,Ishita,2026-06-07,OfficeMart,Travel,17126.5,Manager A,Finance,Bank Transfer,Mumbai,False
TX004821,EMP003,Kabir,2026-04-20,EquipHub,Software,13703.33,Manager A,Engineering,Bank Transfer,Bengaluru,False
TX004822,EMP003,Kabir,2026-03-02,CloudWorks,Software,22885.61,Manager A,Finance,UPI,Varanasi,False
TX004823,EMP005,Rohan,2026-04-08,TechSupply,Travel,24091.04,Manager A,Finance,Card,Varanasi,False
TX004824,EMP001,Aarav,2026-04-10,OfficeMart,Travel,19069.13,Manager A,Finance,Card,Varanasi,False
TX004825,EMP002,Meera,2026-03-13,EquipHub,Travel,28064.78,Manager A,Operations,Bank Transfer,Varanasi,False
TX004826,EMP004,Ishita,2026-01-23,CloudWorks,Travel,23103.72,Manager A,Engineering,UPI,Varanasi,False
TX004827,EMP005,Rohan,2026-07-22,OfficeMart,Office,19415.32,Manager B,Engineering,Bank Transfer,Delhi,False
TX004828,EMP004,Ishita,2026-04-27,OfficeMart,Travel,23694.09,Manager A,Finance,UPI,Varanasi,False
TX004829,EMP001,Aarav,2026-07-02,EquipHub,Travel,16941.9,Manager B,Operations,Card,Mumbai,False
TX004830,EMP003,Kabir,2026-01-06,CloudWorks,Software,15528.02,Manager B,Operations,UPI,Varanasi,False
TX004831,EMP003,Kabir,2026-03-29,TravelDesk,Travel,23787.03,Manager B,Engineering,UPI,Delhi,False
TX004832,EMP002,Meera,2026-01-24,EquipHub,Office,12568.53,Manager B,Engineering,UPI,Mumbai,False
TX004833,EMP004,Ishita,2026-04-28,EquipHub,Software,22533.99,Manager A,Finance,Card,Varanasi,False
TX004834,EMP003,Kabir,2026-05-31,OfficeMart,Equipment,22167.68,Manager A,Operations,Bank Transfer,Delhi,False
TX004835,EMP002,Meera,2026-03-23,TechSupply,Software,22836.36,Manager A,Finance,Bank Transfer,Delhi,False
TX004836,EMP002,Meera,2026-08-05,CloudWorks,Travel,22965.17,Manager A,Operations,Card,Mumbai,False
TX004837,EMP002,Meera,2026-07-06,EquipHub,Office,22145.61,Manager B,Operations,Bank Transfer,Bengaluru,False
TX004838,EMP002,Meera,2026-02-23,TravelDesk,Equipment,18359.94,Manager B,Engineering,Bank Transfer,Varanasi,False
TX004839,EMP002,Meera,2026-03-11,TechSupply,Equipment,14715.94,Manager B,Operations,Card,Bengaluru,False
TX004840,EMP005,Rohan,2026-08-15,TravelDesk,Office,14655.31,Manager A,Operations,UPI,Mumbai,False
TX004841,EMP005,Rohan,2026-07-20,OfficeMart,Travel,29242.79,Manager B,Finance,UPI,Mumbai,False
TX004842,EMP005,Rohan,2026-03-11,CloudWorks,Equipment,28453.54,Manager A,Finance,Bank Transfer,Bengaluru,False
TX004843,EMP005,Rohan,2026-07-05,EquipHub,Equipment,25118.34,Manager B,Engineering,UPI,Delhi,False
TX004844,EMP005,Rohan,2026-01-18,OfficeMart,Software,17628.28,Manager B,Engineering,UPI,Delhi,False
TX004845,EMP003,Kabir,2026-08-16,EquipHub,Software,21354.68,Manager A,Engineering,Card,Mumbai,False
TX004846,EMP003,Kabir,2026-08-15,EquipHub,Office,18310.45,Manager B,Operations,UPI,Bengaluru,False
TX004847,EMP002,Meera,2026-07-08,TechSupply,Software,26203.2,Manager A,Engineering,UPI,Mumbai,False
TX004848,EMP002,Meera,2026-01-10,CloudWorks,Office,8281.19,Manager B,Finance,Bank Transfer,Mumbai,False
TX004849,EMP005,Rohan,2026-08-13,TechSupply,Equipment,335778.4272144776,Manager B,Operations,UPI,Bengaluru,True
TX004850,EMP003,Kabir,2026-06-07,TravelDesk,Software,16814.77,Manager B,Operations,UPI,Mumbai,False
TX004851,EMP003,Kabir,2026-07-12,CloudWorks,Travel,20293.53,Manager A,Finance,Card,Mumbai,False
TX004852,EMP005,Rohan,2026-05-10,OfficeMart,Software,16057.99,Manager A,Engineering,UPI,Bengaluru,False
TX004853,EMP002,Meera,2026-06-23,TechSupply,Equipment,17836.16,Manager B,Operations,Bank Transfer,Delhi,False
TX004854,EMP001,Aarav,2026-03-27,EquipHub,Equipment,21907.33,Manager B,Operations,Card,Mumbai,False
TX004855,EMP005,Rohan,2026-07-31,TechSupply,Travel,12611.91,Manager A,Finance,Bank Transfer,Varanasi,False
TX004856,EMP003,Kabir,2026-06-11,TechSupply,Software,20274.04,Manager B,Engineering,UPI,Varanasi,False
TX004857,EMP005,Rohan,2026-08-09,CloudWorks,Software,15150.83,Manager B,Operations,Bank Transfer,Varanasi,False
TX004858,EMP001,Aarav,2026-01-12,TechSupply,Equipment,18901.15,Manager B,Finance,Bank Transfer,Varanasi,False
TX004859,EMP002,Meera,2026-07-24,EquipHub,Equipment,23148.5,Manager B,Operations,Card,Varanasi,False
TX004860,EMP002,Meera,2026-06-19,TravelDesk,Software,25271.17,Manager A,Finance,UPI,Varanasi,False
TX004861,EMP001,Aarav,2026-04-27,OfficeMart,Office,30212.82,Manager A,Finance,Bank Transfer,Varanasi,False
TX004862,EMP002,Meera,2026-03-25,CloudWorks,Travel,15527.36,Manager B,Operations,Card,Mumbai,False
TX004863,EMP002,Meera,2026-03-18,EquipHub,Office,10339.08,Manager B,Finance,Card,Delhi,False
TX004864,EMP003,Kabir,2026-07-21,TravelDesk,Travel,13520.48,Manager A,Finance,Bank Transfer,Delhi,False
TX004865,EMP005,Rohan,2026-01-01,CloudWorks,Software,21271.47,Manager B,Finance,UPI,Mumbai,False
TX004866,EMP001,Aarav,2026-03-08,EquipHub,Travel,21807.44,Manager B,Finance,Bank Transfer,Bengaluru,False
TX004867,EMP004,Ishita,2026-07-28,TechSupply,Software,20563.71,Manager A,Engineering,Card,Delhi,False
TX004868,EMP005,Rohan,2026-02-11,EquipHub,Travel,24930.93,Manager A,Engineering,UPI,Mumbai,False
TX004869,EMP004,Ishita,2026-06-19,TravelDesk,Equipment,22295.88,Manager A,Finance,UPI,Bengaluru,False
TX004870,EMP005,Rohan,2026-01-29,TravelDesk,Equipment,27685.56,Manager A,Operations,Bank Transfer,Delhi,False
TX004871,EMP001,Aarav,2026-04-06,TechSupply,Travel,32303.09,Manager B,Operations,UPI,Delhi,False
TX004872,EMP005,Rohan,2026-06-24,TravelDesk,Office,26983.65,Manager B,Finance,Bank Transfer,Delhi,False
TX004873,EMP001,Aarav,2026-07-18,OfficeMart,Equipment,15839.85,Manager A,Engineering,Bank Transfer,Bengaluru,False
TX004874,EMP004,Ishita,2026-01-28,OfficeMart,Office,16023.7,Manager A,Engineering,UPI,Mumbai,False
TX004875,EMP005,Rohan,2026-07-27,TravelDesk,Travel,17706.54,Manager B,Engineering,Bank Transfer,Bengaluru,False
TX004876,EMP003,Kabir,2026-04-22,EquipHub,Travel,16335.56,Manager B,Finance,Card,Mumbai,False
TX004877,EMP003,Kabir,2026-08-12,CloudWorks,Software,23654.78,Manager A,Finance,Card,Varanasi,False
TX004878,EMP002,Meera,2026-04-17,EquipHub,Software,23081.46,Manager A,Operations,Card,Delhi,False
TX004879,EMP003,Kabir,2026-05-09,OfficeMart,Travel,17356.47,Manager A,Finance,UPI,Delhi,False
TX004880,EMP003,Kabir,2026-04-17,OfficeMart,Software,17401.67,Manager B,Engineering,UPI,Bengaluru,False
TX004881,EMP001,Aarav,2026-05-10,TravelDesk,Equipment,14678.17,Manager B,Finance,Card,Bengaluru,False
TX004882,EMP005,Rohan,2026-01-08,EquipHub,Travel,21713.05,Manager A,Operations,Card,Bengaluru,False
TX004883,EMP005,Rohan,2026-07-09,TechSupply,Travel,21362.11,Manager A,Finance,UPI,Mumbai,False
TX004884,EMP002,Meera,2026-04-01,OfficeMart,Travel,24232.37,Manager A,Engineering,Card,Varanasi,False
TX004885,EMP002,Meera,2026-03-28,TravelDesk,Equipment,16522.5,Manager B,Engineering,Card,Bengaluru,False
TX004886,EMP004,Ishita,2026-01-04,CloudWorks,Office,21695.92,Manager A,Engineering,Card,Mumbai,False
TX004887,EMP001,Aarav,2026-08-16,OfficeMart,Software,20491.94,Manager A,Engineering,Card,Delhi,False
TX004888,EMP002,Meera,2026-05-18,CloudWorks,Office,22542.3,Manager B,Finance,Card,Varanasi,False
TX004889,EMP002,Meera,2026-01-14,TravelDesk,Software,16651.63,Manager B,Finance,Card,Varanasi,False
TX004890,EMP004,Ishita,2026-01-13,TechSupply,Software,25660.08,Manager A,Finance,Card,Varanasi,False
TX004891,EMP004,Ishita,2026-04-14,CloudWorks,Equipment,17428.94,Manager A,Finance,UPI,Bengaluru,False
TX004892,EMP005,Rohan,2026-03-30,TechSupply,Travel,19766.51,Manager A,Operations,UPI,Delhi,False
TX004893,EMP002,Meera,2026-08-10,CloudWorks,Office,17561.26,Manager A,Operations,UPI,Bengaluru,False
TX004894,EMP001,Aarav,2026-01-07,EquipHub,Software,22867.86,Manager A,Operations,UPI,Varanasi,False
TX004895,EMP001,Aarav,2026-04-29,EquipHub,Travel,23295.49,Manager A,Operations,Card,Mumbai,False
TX004896,EMP002,Meera,2026-07-15,EquipHub,Equipment,27798.28,Manager A,Finance,UPI,Varanasi,False
TX004897,EMP002,Meera,2026-02-13,TravelDesk,Travel,22034.94,Manager A,Engineering,Bank Transfer,Varanasi,False
TX004898,EMP001,Aarav,2026-02-12,TravelDesk,Office,34638.15,Manager B,Engineering,UPI,Varanasi,False
TX004899,EMP001,Aarav,2026-04-08,OfficeMart,Equipment,29021.17,Manager B,Finance,UPI,Varanasi,False
TX004900,EMP004,Ishita,2026-05-11,TechSupply,Office,14917.43,Manager B,Finance,Card,Varanasi,False
TX004901,EMP004,Ishita,2026-08-13,TechSupply,Equipment,6258.17,Manager B,Finance,Bank Transfer,Bengaluru,False
TX004902,EMP002,Meera,2026-01-16,TechSupply,Software,11862.08,Manager A,Operations,Card,Bengaluru,False
TX004903,EMP003,Kabir,2026-07-13,CloudWorks,Equipment,17080.88,Manager A,Operations,Bank Transfer,Delhi,False
TX004904,EMP005,Rohan,2026-04-20,OfficeMart,Equipment,17959.37,Manager A,Operations,Card,Bengaluru,False
TX004905,EMP002,Meera,2026-08-24,EquipHub,Travel,10795.2,Manager B,Engineering,UPI,Varanasi,False
TX004906,EMP002,Meera,2026-04-14,OfficeMart,Travel,25111.83,Manager A,Finance,Card,Mumbai,False
TX004907,EMP003,Kabir,2026-02-02,TravelDesk,Software,18315.75,Manager B,Engineering,UPI,Varanasi,False
TX004908,EMP005,Rohan,2026-03-16,TravelDesk,Equipment,11010.92,Manager B,Engineering,Card,Delhi,False
TX004909,EMP005,Rohan,2026-07-30,TravelDesk,Software,19929.12,Manager A,Engineering,Bank Transfer,Varanasi,False
TX004910,EMP005,Rohan,2026-03-30,OfficeMart,Software,11887.28,Manager A,Engineering,Bank Transfer,Varanasi,False
TX004911,EMP003,Kabir,2026-06-16,CloudWorks,Equipment,12257.86,Manager A,Operations,Card,Varanasi,False
TX004912,EMP005,Rohan,2026-06-09,TechSupply,Travel,426588.38583953195,Manager B,Finance,UPI,Delhi,True
TX004913,EMP003,Kabir,2026-01-24,TechSupply,Office,22811.72,Manager A,Finance,UPI,Mumbai,False
TX004914,EMP002,Meera,2026-06-22,OfficeMart,Office,160907.17408727764,Manager B,Operations,Card,Varanasi,True
TX004915,EMP003,Kabir,2026-04-07,OfficeMart,Travel,21046.78,Manager A,Finance,UPI,Bengaluru,False
TX004916,EMP001,Aarav,2026-04-12,TechSupply,Equipment,20937.63,Manager A,Engineering,Bank Transfer,Mumbai,False
TX004917,EMP001,Aarav,2026-04-23,CloudWorks,Software,14289.45,Manager A,Operations,Bank Transfer,Varanasi,False
TX004918,EMP004,Ishita,2026-05-28,EquipHub,Office,20333.32,Manager A,Finance,Card,Delhi,False
TX004919,EMP001,Aarav,2026-07-04,OfficeMart,Office,23017.55,Manager A,Operations,UPI,Bengaluru,False
TX004920,EMP002,Meera,2026-07-14,EquipHub,Software,18364.26,Manager A,Finance,Bank Transfer,Bengaluru,False
TX004921,EMP004,Ishita,2026-07-03,TravelDesk,Software,18593.34,Manager A,Finance,Bank Transfer,Bengaluru,False
TX004922,EMP005,Rohan,2026-01-23,EquipHub,Equipment,11130.36,Manager B,Operations,Bank Transfer,Bengaluru,False
TX004923,EMP001,Aarav,2026-06-18,CloudWorks,Software,17356.5,Manager A,Engineering,Bank Transfer,Mumbai,False
TX004924,EMP001,Aarav,2026-04-10,CloudWorks,Equipment,26651.74,Manager A,Engineering,Card,Bengaluru,False
TX004925,EMP003,Kabir,2026-04-07,EquipHub,Travel,25594.86,Manager B,Engineering,UPI,Varanasi,False
TX004926,EMP003,Kabir,2026-06-28,EquipHub,Office,16017.65,Manager A,Operations,Card,Delhi,False
TX004927,EMP001,Aarav,2026-01-16,CloudWorks,Equipment,17331.15,Manager B,Finance,UPI,Delhi,False
TX004928,EMP002,Meera,2026-01-28,EquipHub,Office,30167.24,Manager B,Operations,Card,Varanasi,False
TX004929,EMP002,Meera,2026-01-14,EquipHub,Software,9344.38,Manager B,Operations,Bank Transfer,Mumbai,False
TX004930,EMP003,Kabir,2026-03-07,CloudWorks,Travel,26317.53,Manager A,Finance,Bank Transfer,Delhi,False
TX004931,EMP001,Aarav,2026-06-10,TechSupply,Office,21655.31,Manager B,Engineering,Card,Mumbai,False
TX004932,EMP004,Ishita,2026-03-26,CloudWorks,Software,21335.98,Manager B,Engineering,Card,Varanasi,False
TX004933,EMP005,Rohan,2026-05-29,TechSupply,Office,16085.82,Manager A,Engineering,Card,Delhi,False
TX004934,EMP003,Kabir,2026-06-03,TravelDesk,Travel,25709.91,Manager A,Engineering,UPI,Bengaluru,False
TX004935,EMP003,Kabir,2026-05-13,CloudWorks,Equipment,28285.65,Manager B,Engineering,Card,Delhi,False
TX004936,EMP004,Ishita,2026-02-18,CloudWorks,Office,21239.21,Manager A,Operations,UPI,Varanasi,False
TX004937,EMP002,Meera,2026-02-13,OfficeMart,Travel,19950.14,Manager B,Finance,UPI,Bengaluru,False
TX004938,EMP005,Rohan,2026-05-19,OfficeMart,Office,22069.4,Manager B,Engineering,Card,Bengaluru,False
TX004939,EMP002,Meera,2026-03-13,OfficeMart,Office,16839.63,Manager A,Finance,Bank Transfer,Varanasi,False
TX004940,EMP002,Meera,2026-04-27,TravelDesk,Equipment,17955.21,Manager A,Operations,Bank Transfer,Varanasi,False
TX004941,EMP003,Kabir,2026-02-24,CloudWorks,Equipment,21573.5,Manager A,Finance,Bank Transfer,Mumbai,False
TX004942,EMP003,Kabir,2026-05-20,TravelDesk,Software,23722.44,Manager A,Operations,Card,Bengaluru,False
TX004943,EMP001,Aarav,2026-01-26,OfficeMart,Travel,9360.47,Manager B,Finance,Bank Transfer,Bengaluru,False
TX004944,EMP004,Ishita,2026-02-26,TravelDesk,Office,11086.3,Manager B,Finance,Bank Transfer,Mumbai,False
TX004945,EMP005,Rohan,2026-06-09,OfficeMart,Travel,20913.59,Manager A,Engineering,UPI,Varanasi,False
TX004946,EMP002,Meera,2026-03-30,TechSupply,Equipment,21030.66,Manager A,Engineering,Card,Delhi,False
TX004947,EMP002,Meera,2026-07-14,TravelDesk,Software,16301.41,Manager B,Finance,Bank Transfer,Bengaluru,False
TX004948,EMP001,Aarav,2026-08-16,EquipHub,Equipment,24050.35,Manager A,Operations,Bank Transfer,Delhi,False
TX004949,EMP001,Aarav,2026-02-16,CloudWorks,Office,19660.37,Manager B,Operations,UPI,Varanasi,False
TX004950,EMP004,Ishita,2026-03-04,TechSupply,Travel,38365.8,Manager B,Finance,Bank Transfer,Varanasi,False
TX004951,EMP003,Kabir,2026-05-05,CloudWorks,Software,16581.36,Manager A,Operations,Card,Bengaluru,False
TX004952,EMP001,Aarav,2026-08-24,TechSupply,Office,496046.3816583088,Manager A,Finance,Bank Transfer,Varanasi,True
TX004953,EMP005,Rohan,2026-01-28,EquipHub,Travel,26414.17,Manager A,Engineering,Bank Transfer,Varanasi,False
TX004954,EMP002,Meera,2026-02-07,TravelDesk,Software,21798.46,Manager A,Operations,UPI,Bengaluru,False
TX004955,EMP003,Kabir,2026-06-30,CloudWorks,Software,25438.3,Manager B,Engineering,Bank Transfer,Delhi,False
TX004956,EMP005,Rohan,2026-05-07,TravelDesk,Travel,16830.66,Manager B,Operations,UPI,Delhi,False
TX004957,EMP001,Aarav,2026-02-20,EquipHub,Office,22056.73,Manager A,Engineering,UPI,Delhi,False
TX004958,EMP005,Rohan,2026-01-26,TravelDesk,Travel,30041.78,Manager B,Engineering,Bank Transfer,Mumbai,False
TX004959,EMP002,Meera,2026-05-11,EquipHub,Travel,6474.2,Manager A,Engineering,Bank Transfer,Varanasi,False
TX004960,EMP004,Ishita,2026-01-01,OfficeMart,Travel,31423.41,Manager B,Operations,UPI,Delhi,False
TX004961,EMP005,Rohan,2026-07-20,TechSupply,Software,335051.83487717813,Manager B,Operations,Bank Transfer,Varanasi,True
TX004962,EMP001,Aarav,2026-04-03,OfficeMart,Office,14579.87,Manager B,Finance,Bank Transfer,Mumbai,False
TX004963,EMP005,Rohan,2026-08-16,TravelDesk,Equipment,23101.18,Manager B,Operations,UPI,Varanasi,False
TX004964,EMP005,Rohan,2026-01-02,TechSupply,Office,30197.82,Manager B,Operations,Card,Mumbai,False
TX004965,EMP005,Rohan,2026-07-11,EquipHub,Office,28193.7,Manager A,Finance,Card,Bengaluru,False
TX004966,EMP001,Aarav,2026-08-18,TravelDesk,Office,8669.5,Manager B,Engineering,Bank Transfer,Mumbai,False
TX004967,EMP003,Kabir,2026-08-23,TechSupply,Software,22176.7,Manager A,Finance,UPI,Delhi,False
TX004968,EMP003,Kabir,2026-03-13,EquipHub,Office,17643.63,Manager B,Finance,UPI,Varanasi,False
TX004969,EMP004,Ishita,2026-06-12,TechSupply,Equipment,18145.41,Manager A,Engineering,UPI,Delhi,False
TX004970,EMP002,Meera,2026-08-21,CloudWorks,Equipment,17173.22,Manager A,Finance,Bank Transfer,Delhi,False
TX004971,EMP002,Meera,2026-06-16,TravelDesk,Software,14622.92,Manager A,Finance,UPI,Bengaluru,False
TX004972,EMP005,Rohan,2026-06-06,CloudWorks,Travel,11739.82,Manager B,Operations,Bank Transfer,Mumbai,False
TX004973,EMP004,Ishita,2026-07-29,TechSupply,Travel,36055.38,Manager A,Engineering,Card,Mumbai,False
TX004974,EMP002,Meera,2026-05-15,EquipHub,Software,21685.56,Manager A,Operations,UPI,Bengaluru,False
TX004975,EMP001,Aarav,2026-02-12,CloudWorks,Equipment,25793.46,Manager A,Finance,Card,Delhi,False
TX004976,EMP001,Aarav,2026-04-09,TravelDesk,Office,25548.78,Manager A,Engineering,Card,Varanasi,False
TX004977,EMP005,Rohan,2026-03-28,TravelDesk,Office,13860.06,Manager A,Finance,Bank Transfer,Delhi,False
TX004978,EMP002,Meera,2026-05-28,EquipHub,Software,12128.03,Manager B,Finance,Card,Bengaluru,False
TX004979,EMP005,Rohan,2026-08-27,TravelDesk,Software,239075.18135253672,Manager A,Operations,Card,Mumbai,True
TX004980,EMP003,Kabir,2026-04-23,TechSupply,Equipment,13310.71,Manager A,Operations,UPI,Mumbai,False
TX004981,EMP002,Meera,2026-08-28,OfficeMart,Office,11901.82,Manager A,Engineering,Bank Transfer,Mumbai,False
TX004982,EMP002,Meera,2026-05-22,TechSupply,Office,19181.15,Manager A,Finance,Bank Transfer,Mumbai,False
TX004983,EMP001,Aarav,2026-05-30,TechSupply,Software,22192.6,Manager B,Engineering,UPI,Varanasi,False
TX004984,EMP004,Ishita,2026-02-20,TravelDesk,Software,28775.49,Manager B,Finance,Card,Delhi,False
TX004985,EMP005,Rohan,2026-06-05,TravelDesk,Office,15104.54,Manager B,Operations,UPI,Mumbai,False
TX004986,EMP001,Aarav,2026-01-21,TravelDesk,Equipment,23517.08,Manager B,Engineering,Card,Varanasi,False
TX004987,EMP005,Rohan,2026-03-23,CloudWorks,Software,28038.61,Manager B,Finance,Bank Transfer,Varanasi,False
TX004988,EMP002,Meera,2026-03-08,EquipHub,Travel,30689.92,Manager B,Finance,Bank Transfer,Bengaluru,False
TX004989,EMP003,Kabir,2026-04-21,OfficeMart,Equipment,17764.09,Manager A,Finance,UPI,Bengaluru,False
TX004990,EMP003,Kabir,2026-01-15,OfficeMart,Office,30992.45,Manager A,Operations,Bank Transfer,Bengaluru,False
TX004991,EMP001,Aarav,2026-03-29,TechSupply,Office,21749.6,Manager B,Finance,Bank Transfer,Mumbai,False
TX004992,EMP001,Aarav,2026-05-02,TravelDesk,Equipment,23604.08,Manager B,Engineering,Bank Transfer,Varanasi,False
TX004993,EMP003,Kabir,2026-07-11,OfficeMart,Equipment,17371.6,Manager B,Finance,UPI,Varanasi,False
TX004994,EMP005,Rohan,2026-04-25,EquipHub,Travel,18725.78,Manager B,Finance,UPI,Delhi,False
TX004995,EMP005,Rohan,2026-07-08,CloudWorks,Software,24322.19,Manager B,Engineering,UPI,Varanasi,False
TX004996,EMP003,Kabir,2026-08-06,OfficeMart,Travel,21149.63,Manager A,Engineering,Card,Delhi,False
TX004997,EMP002,Meera,2026-03-15,TravelDesk,Equipment,8442.44,Manager B,Engineering,Bank Transfer,Bengaluru,False
TX004998,EMP003,Kabir,2026-05-26,TechSupply,Travel,18045.8,Manager B,Engineering,UPI,Mumbai,False
TX004999,EMP001,Aarav,2026-07-12,TechSupply,Equipment,27007.26,Manager B,Engineering,Bank Transfer,Mumbai,False
TX005000,EMP003,Kabir,2026-03-20,TechSupply,Travel,21718.49,Manager B,Finance,Bank Transfer,Mumbai,False
