transaction_id,employee_id,employee_name,date,vendor,category,amount,manager_name,department,payment_method,location,synthetic_anomaly
TX000001,EMP001,Aarav,2026-06-28,TravelDesk,Software,20584.71,Manager A,Finance,Card,Varanasi,False
TX000002,EMP002,Meera,2026-03-18,TravelDesk,Equipment,15595.38,Manager A,Engineering,Bank Transfer,Mumbai,False
TX000003,EMP002,Meera,2026-06-30,EquipHub,Travel,23557.49,Manager B,Operations,Card,Bengaluru,False
TX000004,EMP002,Meera,2026-04-15,TravelDesk,Travel,29614.86,Manager A,Operations,Bank Transfer,Mumbai,False
TX000005,EMP001,Aarav,2026-05-27,TravelDesk,Travel,24136.05,Manager B,Finance,Bank Transfer,Varanasi,False
TX000006,EMP005,Rohan,2026-08-18,OfficeMart,Travel,15853.49,Manager B,Operations,Bank Transfer,Bengaluru,False
TX000007,EMP004,Ishita,2026-05-12,TechSupply,Software,16810.12,Manager A,Operations,UPI,Varanasi,False
TX000008,EMP001,Aarav,2026-07-24,TravelDesk,Software,17224.65,Manager B,Engineering,UPI,Varanasi,False
TX000009,EMP003,Kabir,2026-08-15,TechSupply,Office,25095.99,Manager A,Engineering,Card,Mumbai,False
TX000010,EMP005,Rohan,2026-01-07,TravelDesk,Equipment,15421.36,Manager A,Engineering,Card,Mumbai,False
TX000011,EMP004,Ishita,2026-08-15,OfficeMart,Travel,13324.42,Manager A,Engineering,UPI,Bengaluru,False
TX000012,EMP001,Aarav,2026-05-16,TechSupply,Software,20248.04,Manager A,Finance,Card,Varanasi,False
TX000013,EMP002,Meera,2026-04-27,CloudWorks,Equipment,15574.93,Manager B,Operations,UPI,Delhi,False
TX000014,EMP004,Ishita,2026-01-16,TravelDesk,Travel,23523.23,Manager A,Engineering,Card,Varanasi,False
TX000015,EMP003,Kabir,2026-01-11,OfficeMart,Travel,24115.62,Manager B,Engineering,Card,Delhi,False
TX000016,EMP002,Meera,2026-01-14,EquipHub,Office,18479.72,Manager B,Operations,Bank Transfer,Bengaluru,False
TX000017,EMP001,Aarav,2026-06-18,TravelDesk,Office,17480.43,Manager A,Operations,Card,Delhi,False
TX000018,EMP003,Kabir,2026-08-07,TechSupply,Travel,23397.01,Manager A,Operations,Card,Delhi,False
TX000019,EMP002,Meera,2026-03-12,CloudWorks,Office,11727.55,Manager A,Finance,UPI,Bengaluru,False
TX000020,EMP004,Ishita,2026-03-22,TravelDesk,Travel,18635.5,Manager A,Engineering,Card,Delhi,False
TX000021,EMP005,Rohan,2026-04-05,TechSupply,Software,24603.24,Manager B,Operations,UPI,Varanasi,False
TX000022,EMP005,Rohan,2026-05-07,EquipHub,Office,15012.67,Manager B,Finance,Bank Transfer,Delhi,False
TX000023,EMP004,Ishita,2026-06-19,EquipHub,Software,29499.09,Manager B,Operations,UPI,Varanasi,False
TX000024,EMP002,Meera,2026-02-08,CloudWorks,Office,29652.42,Manager A,Operations,UPI,Varanasi,False
TX000025,EMP005,Rohan,2026-03-01,CloudWorks,Equipment,17632.49,Manager B,Engineering,Card,Bengaluru,False
TX000026,EMP002,Meera,2026-05-06,EquipHub,Travel,18823.15,Manager B,Operations,UPI,Delhi,False
TX000027,EMP005,Rohan,2026-01-31,TravelDesk,Equipment,19942.05,Manager B,Engineering,Card,Bengaluru,False
TX000028,EMP002,Meera,2026-05-25,OfficeMart,Travel,8748.47,Manager A,Engineering,UPI,Bengaluru,False
TX000029,EMP005,Rohan,2026-07-25,EquipHub,Travel,18503.51,Manager B,Operations,Card,Varanasi,False
TX000030,EMP002,Meera,2026-08-21,TechSupply,Software,17029.0,Manager A,Engineering,UPI,Varanasi,False
TX000031,EMP002,Meera,2026-07-22,CloudWorks,Equipment,26317.76,Manager A,Engineering,Card,Bengaluru,False
TX000032,EMP004,Ishita,2026-06-01,OfficeMart,Equipment,19586.84,Manager A,Operations,Card,Bengaluru,False
TX000033,EMP005,Rohan,2026-07-04,CloudWorks,Software,24391.03,Manager B,Finance,Bank Transfer,Delhi,False
TX000034,EMP003,Kabir,2026-01-02,OfficeMart,Office,29426.07,Manager A,Finance,UPI,Varanasi,False
TX000035,EMP003,Kabir,2026-01-07,OfficeMart,Office,12940.85,Manager B,Engineering,UPI,Bengaluru,False
TX000036,EMP002,Meera,2026-04-08,OfficeMart,Software,31816.09,Manager A,Finance,UPI,Mumbai,False
TX000037,EMP005,Rohan,2026-01-13,EquipHub,Office,23047.0,Manager B,Finance,Bank Transfer,Varanasi,False
TX000038,EMP003,Kabir,2026-01-16,OfficeMart,Travel,27134.6,Manager B,Finance,Bank Transfer,Delhi,False
TX000039,EMP004,Ishita,2026-07-13,TravelDesk,Equipment,26189.81,Manager B,Engineering,Card,Mumbai,False
TX000040,EMP003,Kabir,2026-03-24,EquipHub,Software,20937.56,Manager A,Engineering,UPI,Bengaluru,False
TX000041,EMP005,Rohan,2026-02-17,CloudWorks,Software,15479.02,Manager A,Finance,Card,Delhi,False
TX000042,EMP002,Meera,2026-02-10,TechSupply,Software,22641.35,Manager A,Operations,Bank Transfer,Bengaluru,False
TX000043,EMP004,Ishita,2026-07-20,OfficeMart,Travel,201541.54458749204,Manager A,Engineering,Card,Bengaluru,True
TX000044,EMP002,Meera,2026-07-03,OfficeMart,Office,17476.42,Manager A,Operations,UPI,Varanasi,False
TX000045,EMP004,Ishita,2026-01-03,OfficeMart,Travel,27632.88,Manager B,Operations,UPI,Delhi,False
TX000046,EMP004,Ishita,2026-03-17,EquipHub,Software,26491.56,Manager B,Finance,UPI,Bengaluru,False
TX000047,EMP004,Ishita,2026-07-31,TechSupply,Office,16507.13,Manager A,Engineering,Card,Varanasi,False
TX000048,EMP004,Ishita,2026-08-04,TravelDesk,Office,23442.4,Manager A,Operations,Card,Bengaluru,False
TX000049,EMP001,Aarav,2026-01-08,OfficeMart,Office,17019.8,Manager A,Operations,Bank Transfer,Mumbai,False
TX000050,EMP005,Rohan,2026-06-30,OfficeMart,Software,188560.49203566182,Manager B,Finance,Bank Transfer,Varanasi,True
TX000051,EMP004,Ishita,2026-07-01,OfficeMart,Office,10512.6,Manager B,Finance,Card,Mumbai,False
TX000052,EMP003,Kabir,2026-07-16,TechSupply,Software,20081.53,Manager B,Engineering,Card,Delhi,False
TX000053,EMP001,Aarav,2026-01-10,EquipHub,Office,18405.91,Manager B,Engineering,UPI,Mumbai,False
TX000054,EMP001,Aarav,2026-03-02,TravelDesk,Travel,27501.5,Manager A,Engineering,Bank Transfer,Mumbai,False
TX000055,EMP004,Ishita,2026-05-31,TravelDesk,Software,13734.23,Manager A,Engineering,Bank Transfer,Mumbai,False
TX000056,EMP003,Kabir,2026-03-11,EquipHub,Travel,25521.23,Manager A,Operations,Bank Transfer,Delhi,False
TX000057,EMP004,Ishita,2026-07-23,TravelDesk,Software,17951.52,Manager B,Operations,Bank Transfer,Varanasi,False
TX000058,EMP005,Rohan,2026-08-24,TravelDesk,Equipment,26514.57,Manager B,Operations,UPI,Delhi,False
TX000059,EMP003,Kabir,2026-04-20,CloudWorks,Equipment,18348.15,Manager B,Engineering,Bank Transfer,Mumbai,False
TX000060,EMP002,Meera,2026-07-23,EquipHub,Equipment,21743.36,Manager A,Operations,UPI,Bengaluru,False
TX000061,EMP002,Meera,2026-04-30,OfficeMart,Software,18272.67,Manager A,Engineering,Bank Transfer,Mumbai,False
TX000062,EMP003,Kabir,2026-03-06,CloudWorks,Office,11661.98,Manager B,Engineering,Bank Transfer,Delhi,False
TX000063,EMP003,Kabir,2026-08-26,CloudWorks,Office,24191.44,Manager B,Operations,UPI,Delhi,False
TX000064,EMP001,Aarav,2026-08-22,EquipHub,Travel,14761.89,Manager A,Operations,Card,Bengaluru,False
TX000065,EMP002,Meera,2026-05-17,EquipHub,Equipment,20676.88,Manager A,Operations,Card,Bengaluru,False
TX000066,EMP005,Rohan,2026-06-13,EquipHub,Software,24127.27,Manager A,Operations,Card,Mumbai,False
TX000067,EMP005,Rohan,2026-03-26,OfficeMart,Office,18056.12,Manager B,Operations,Bank Transfer,Bengaluru,False
TX000068,EMP003,Kabir,2026-08-04,CloudWorks,Software,18903.62,Manager B,Operations,Bank Transfer,Varanasi,False
TX000069,EMP002,Meera,2026-06-24,OfficeMart,Equipment,10122.86,Manager B,Operations,Card,Delhi,False
TX000070,EMP004,Ishita,2026-08-19,TechSupply,Software,142547.80059433286,Manager A,Engineering,UPI,Bengaluru,True
TX000071,EMP003,Kabir,2026-08-25,TravelDesk,Office,20440.57,Manager B,Engineering,Card,Bengaluru,False
TX000072,EMP003,Kabir,2026-02-02,TechSupply,Travel,24283.56,Manager A,Engineering,Bank Transfer,Bengaluru,False
TX000073,EMP002,Meera,2026-06-10,EquipHub,Software,21256.02,Manager B,Engineering,UPI,Delhi,False
TX000074,EMP001,Aarav,2026-02-27,TechSupply,Software,12267.59,Manager B,Finance,Bank Transfer,Bengaluru,False
TX000075,EMP005,Rohan,2026-06-28,OfficeMart,Equipment,14269.45,Manager A,Finance,Bank Transfer,Mumbai,False
TX000076,EMP001,Aarav,2026-01-19,EquipHub,Office,29313.86,Manager B,Finance,UPI,Delhi,False
TX000077,EMP002,Meera,2026-03-22,TravelDesk,Travel,25606.75,Manager B,Operations,Bank Transfer,Bengaluru,False
TX000078,EMP005,Rohan,2026-01-15,TravelDesk,Travel,27434.68,Manager A,Engineering,UPI,Delhi,False
TX000079,EMP003,Kabir,2026-05-01,TechSupply,Travel,19201.66,Manager B,Engineering,Bank Transfer,Bengaluru,False
TX000080,EMP005,Rohan,2026-07-24,EquipHub,Software,26562.28,Manager B,Operations,Bank Transfer,Delhi,False
TX000081,EMP002,Meera,2026-08-09,TravelDesk,Travel,21413.01,Manager B,Engineering,Card,Mumbai,False
TX000082,EMP003,Kabir,2026-02-13,TechSupply,Travel,22674.01,Manager A,Finance,UPI,Delhi,False
TX000083,EMP003,Kabir,2026-01-01,CloudWorks,Travel,20080.02,Manager B,Operations,Card,Mumbai,False
TX000084,EMP001,Aarav,2026-02-17,EquipHub,Office,23800.39,Manager A,Engineering,Card,Varanasi,False
TX000085,EMP001,Aarav,2026-01-17,CloudWorks,Equipment,19637.8,Manager A,Finance,UPI,Varanasi,False
TX000086,EMP001,Aarav,2026-04-06,TechSupply,Travel,11004.06,Manager A,Engineering,Bank Transfer,Bengaluru,False
TX000087,EMP002,Meera,2026-06-17,TechSupply,Office,14217.66,Manager A,Finance,Bank Transfer,Delhi,False
TX000088,EMP004,Ishita,2026-07-10,TravelDesk,Office,23369.85,Manager B,Engineering,Bank Transfer,Varanasi,False
TX000089,EMP003,Kabir,2026-07-06,OfficeMart,Software,21863.76,Manager A,Operations,UPI,Varanasi,False
TX000090,EMP004,Ishita,2026-03-10,CloudWorks,Equipment,261993.7238529151,Manager A,Finance,UPI,Mumbai,True
TX000091,EMP001,Aarav,2026-05-18,TechSupply,Travel,23880.18,Manager A,Engineering,Card,Delhi,False
TX000092,EMP001,Aarav,2026-05-14,TechSupply,Office,21095.36,Manager A,Operations,Card,Mumbai,False
TX000093,EMP001,Aarav,2026-07-17,CloudWorks,Software,24329.74,Manager A,Finance,Card,Varanasi,False
TX000094,EMP002,Meera,2026-08-06,TravelDesk,Software,19554.28,Manager B,Finance,UPI,Varanasi,False
TX000095,EMP003,Kabir,2026-03-20,OfficeMart,Software,22867.97,Manager A,Operations,Bank Transfer,Bengaluru,False
TX000096,EMP005,Rohan,2026-08-04,TechSupply,Equipment,336744.98069971043,Manager B,Operations,UPI,Varanasi,True
TX000097,EMP001,Aarav,2026-06-09,TravelDesk,Office,11845.34,Manager B,Engineering,Card,Varanasi,False
TX000098,EMP005,Rohan,2026-06-29,OfficeMart,Software,30370.54,Manager B,Engineering,Bank Transfer,Bengaluru,False
TX000099,EMP005,Rohan,2026-04-11,TravelDesk,Equipment,9009.45,Manager A,Engineering,Bank Transfer,Varanasi,False
TX000100,EMP005,Rohan,2026-04-28,OfficeMart,Equipment,25257.52,Manager A,Operations,UPI,Bengaluru,False
TX000101,EMP002,Meera,2026-05-12,OfficeMart,Equipment,20143.87,Manager A,Operations,Bank Transfer,Varanasi,False
TX000102,EMP005,Rohan,2026-08-07,CloudWorks,Equipment,20610.17,Manager A,Operations,Card,Bengaluru,False
TX000103,EMP001,Aarav,2026-07-29,TechSupply,Travel,27165.79,Manager B,Operations,UPI,Delhi,False
TX000104,EMP005,Rohan,2026-06-14,EquipHub,Office,21694.27,Manager A,Engineering,UPI,Mumbai,False
TX000105,EMP003,Kabir,2026-08-22,TechSupply,Travel,13017.23,Manager A,Engineering,Bank Transfer,Varanasi,False
TX000106,EMP005,Rohan,2026-01-09,OfficeMart,Travel,18284.03,Manager A,Engineering,UPI,Varanasi,False
TX000107,EMP001,Aarav,2026-05-19,CloudWorks,Office,13898.43,Manager B,Finance,Card,Delhi,False
TX000108,EMP002,Meera,2026-03-22,TechSupply,Equipment,24351.19,Manager A,Engineering,Bank Transfer,Varanasi,False
TX000109,EMP001,Aarav,2026-01-12,EquipHub,Software,21389.21,Manager A,Finance,Bank Transfer,Bengaluru,False
TX000110,EMP004,Ishita,2026-04-04,TechSupply,Equipment,8663.5,Manager B,Finance,Card,Delhi,False
TX000111,EMP005,Rohan,2026-01-20,EquipHub,Software,7329.0,Manager B,Finance,UPI,Bengaluru,False
TX000112,EMP003,Kabir,2026-07-07,CloudWorks,Software,21714.5,Manager B,Finance,Bank Transfer,Varanasi,False
TX000113,EMP001,Aarav,2026-07-21,EquipHub,Software,13500.79,Manager B,Engineering,UPI,Varanasi,False
TX000114,EMP005,Rohan,2026-06-27,EquipHub,Travel,22517.6,Manager B,Finance,UPI,Bengaluru,False
TX000115,EMP002,Meera,2026-06-24,EquipHub,Equipment,12812.62,Manager A,Finance,Bank Transfer,Bengaluru,False
TX000116,EMP001,Aarav,2026-01-12,OfficeMart,Software,18058.45,Manager A,Operations,UPI,Mumbai,False
TX000117,EMP003,Kabir,2026-06-30,CloudWorks,Software,13976.5,Manager B,Operations,UPI,Bengaluru,False
TX000118,EMP002,Meera,2026-07-08,TravelDesk,Travel,14893.88,Manager A,Finance,Card,Bengaluru,False
TX000119,EMP003,Kabir,2026-02-20,TravelDesk,Office,18476.63,Manager A,Operations,Bank Transfer,Delhi,False
TX000120,EMP002,Meera,2026-08-13,TravelDesk,Travel,109153.6695542439,Manager A,Engineering,Bank Transfer,Bengaluru,True
TX000121,EMP004,Ishita,2026-03-14,TechSupply,Equipment,396472.6246325133,Manager A,Finance,Card,Varanasi,True
TX000122,EMP002,Meera,2026-07-10,TechSupply,Software,21243.53,Manager A,Operations,UPI,Delhi,False
TX000123,EMP003,Kabir,2026-05-30,OfficeMart,Office,21067.65,Manager B,Engineering,UPI,Mumbai,False
TX000124,EMP005,Rohan,2026-04-04,TechSupply,Software,15509.4,Manager A,Operations,Card,Mumbai,False
TX000125,EMP002,Meera,2026-06-12,TravelDesk,Software,14664.78,Manager B,Engineering,Bank Transfer,Bengaluru,False
TX000126,EMP004,Ishita,2026-02-21,TravelDesk,Equipment,17588.57,Manager B,Finance,UPI,Mumbai,False
TX000127,EMP004,Ishita,2026-07-08,TravelDesk,Office,22038.15,Manager A,Finance,Bank Transfer,Bengaluru,False
TX000128,EMP002,Meera,2026-01-30,TechSupply,Equipment,9000.83,Manager A,Engineering,Bank Transfer,Delhi,False
TX000129,EMP001,Aarav,2026-08-26,TechSupply,Office,25266.1,Manager B,Finance,UPI,Varanasi,False
TX000130,EMP001,Aarav,2026-01-13,CloudWorks,Travel,21878.84,Manager B,Finance,UPI,Varanasi,False
TX000131,EMP005,Rohan,2026-02-02,EquipHub,Software,14736.15,Manager A,Finance,Card,Varanasi,False
TX000132,EMP001,Aarav,2026-07-03,TechSupply,Office,23419.44,Manager B,Engineering,Bank Transfer,Bengaluru,False
TX000133,EMP001,Aarav,2026-03-01,TravelDesk,Software,20235.05,Manager B,Engineering,UPI,Bengaluru,False
TX000134,EMP003,Kabir,2026-04-25,EquipHub,Equipment,25063.83,Manager B,Operations,Card,Varanasi,False
TX000135,EMP005,Rohan,2026-03-17,EquipHub,Office,17515.54,Manager B,Operations,Card,Bengaluru,False
TX000136,EMP003,Kabir,2026-02-09,EquipHub,Software,18707.63,Manager B,Finance,UPI,Mumbai,False
TX000137,EMP003,Kabir,2026-08-02,TechSupply,Software,25084.5,Manager A,Finance,Card,Mumbai,False
TX000138,EMP005,Rohan,2026-04-10,TechSupply,Equipment,20371.84,Manager A,Engineering,UPI,Varanasi,False
TX000139,EMP004,Ishita,2026-08-03,TravelDesk,Software,15967.4,Manager A,Operations,UPI,Delhi,False
TX000140,EMP001,Aarav,2026-04-11,TravelDesk,Equipment,21642.23,Manager A,Engineering,Card,Delhi,False
TX000141,EMP004,Ishita,2026-01-24,TravelDesk,Equipment,20138.69,Manager B,Operations,UPI,Varanasi,False
TX000142,EMP005,Rohan,2026-08-23,TravelDesk,Office,19153.26,Manager A,Engineering,Card,Varanasi,False
TX000143,EMP005,Rohan,2026-02-27,OfficeMart,Travel,30852.66,Manager B,Operations,UPI,Varanasi,False
TX000144,EMP001,Aarav,2026-06-25,OfficeMart,Software,13690.38,Manager A,Operations,UPI,Varanasi,False
TX000145,EMP003,Kabir,2026-04-04,TravelDesk,Software,11279.78,Manager A,Engineering,UPI,Varanasi,False
TX000146,EMP001,Aarav,2026-02-23,TechSupply,Software,14379.85,Manager B,Operations,UPI,Bengaluru,False
TX000147,EMP004,Ishita,2026-05-11,TravelDesk,Travel,15453.78,Manager B,Finance,UPI,Varanasi,False
TX000148,EMP001,Aarav,2026-01-02,TechSupply,Office,22766.59,Manager B,Engineering,Bank Transfer,Bengaluru,False
TX000149,EMP003,Kabir,2026-08-15,EquipHub,Software,365867.1870446837,Manager B,Operations,Card,Mumbai,True
TX000150,EMP002,Meera,2026-08-04,TechSupply,Office,26530.07,Manager A,Operations,UPI,Delhi,False
TX000151,EMP001,Aarav,2026-05-21,TechSupply,Travel,14618.92,Manager B,Engineering,Bank Transfer,Varanasi,False
TX000152,EMP001,Aarav,2026-04-09,OfficeMart,Software,18676.92,Manager A,Operations,Bank Transfer,Delhi,False
TX000153,EMP001,Aarav,2026-04-13,EquipHub,Equipment,17089.64,Manager B,Engineering,Bank Transfer,Mumbai,False
TX000154,EMP002,Meera,2026-05-25,TravelDesk,Travel,19102.36,Manager A,Engineering,Bank Transfer,Delhi,False
TX000155,EMP004,Ishita,2026-05-03,CloudWorks,Travel,20655.56,Manager B,Finance,UPI,Mumbai,False
TX000156,EMP003,Kabir,2026-01-09,CloudWorks,Travel,19069.44,Manager B,Engineering,Bank Transfer,Mumbai,False
TX000157,EMP004,Ishita,2026-01-30,TravelDesk,Travel,13329.17,Manager B,Engineering,Card,Varanasi,False
TX000158,EMP003,Kabir,2026-05-11,CloudWorks,Equipment,17372.15,Manager A,Operations,UPI,Varanasi,False
TX000159,EMP004,Ishita,2026-04-17,CloudWorks,Software,129686.8184530793,Manager B,Operations,Bank Transfer,Delhi,True
TX000160,EMP004,Ishita,2026-07-17,OfficeMart,Equipment,27817.85,Manager A,Engineering,Card,Varanasi,False
TX000161,EMP003,Kabir,2026-07-16,OfficeMart,Travel,244848.27467847776,Manager A,Operations,Bank Transfer,Varanasi,True
TX000162,EMP004,Ishita,2026-08-17,OfficeMart,Equipment,11341.29,Manager B,Engineering,Card,Bengaluru,False
TX000163,EMP004,Ishita,2026-08-10,CloudWorks,Office,19794.56,Manager A,Engineering,UPI,Mumbai,False
TX000164,EMP003,Kabir,2026-05-13,OfficeMart,Equipment,21364.86,Manager A,Finance,UPI,Mumbai,False
TX000165,EMP002,Meera,2026-02-15,CloudWorks,Software,20267.55,Manager A,Operations,UPI,Delhi,False
TX000166,EMP002,Meera,2026-04-24,TravelDesk,Travel,16120.39,Manager A,Finance,Bank Transfer,Bengaluru,False
TX000167,EMP002,Meera,2026-06-06,TechSupply,Equipment,10794.19,Manager A,Finance,Bank Transfer,Varanasi,False
TX000168,EMP003,Kabir,2026-06-14,TechSupply,Travel,23500.14,Manager B,Operations,Card,Mumbai,False
TX000169,EMP005,Rohan,2026-08-23,TechSupply,Travel,23630.15,Manager A,Engineering,UPI,Bengaluru,False
TX000170,EMP001,Aarav,2026-02-26,CloudWorks,Travel,524877.4150664455,Manager A,Finance,UPI,Mumbai,True
TX000171,EMP001,Aarav,2026-05-18,EquipHub,Office,21968.37,Manager A,Operations,Card,Delhi,False
TX000172,EMP002,Meera,2026-05-09,OfficeMart,Office,24287.99,Manager A,Engineering,Bank Transfer,Varanasi,False
TX000173,EMP005,Rohan,2026-06-20,TravelDesk,Software,7506.71,Manager B,Engineering,Bank Transfer,Delhi,False
TX000174,EMP002,Meera,2026-07-23,EquipHub,Office,26819.06,Manager B,Engineering,UPI,Delhi,False
TX000175,EMP002,Meera,2026-08-13,CloudWorks,Software,384394.09838233487,Manager B,Operations,Card,Varanasi,True
TX000176,EMP001,Aarav,2026-03-30,EquipHub,Office,16395.1,Manager A,Engineering,Bank Transfer,Delhi,False
TX000177,EMP001,Aarav,2026-01-02,EquipHub,Office,10686.67,Manager A,Finance,Bank Transfer,Mumbai,False
TX000178,EMP004,Ishita,2026-04-17,OfficeMart,Office,24813.19,Manager B,Engineering,Bank Transfer,Mumbai,False
TX000179,EMP002,Meera,2026-05-09,EquipHub,Equipment,21832.71,Manager A,Operations,Bank Transfer,Varanasi,False
TX000180,EMP004,Ishita,2026-05-26,TravelDesk,Software,30208.48,Manager B,Engineering,Bank Transfer,Mumbai,False
TX000181,EMP002,Meera,2026-07-06,TechSupply,Equipment,27893.75,Manager B,Finance,UPI,Bengaluru,False
TX000182,EMP003,Kabir,2026-03-19,TravelDesk,Software,189571.76904950163,Manager B,Engineering,UPI,Varanasi,True
TX000183,EMP001,Aarav,2026-05-26,OfficeMart,Software,19105.48,Manager B,Operations,Card,Varanasi,False
TX000184,EMP003,Kabir,2026-07-16,EquipHub,Travel,429356.2872202678,Manager B,Engineering,Card,Delhi,True
TX000185,EMP002,Meera,2026-06-30,EquipHub,Equipment,22142.13,Manager B,Finance,Card,Mumbai,False
TX000186,EMP004,Ishita,2026-01-28,EquipHub,Office,20038.83,Manager A,Operations,UPI,Bengaluru,False
TX000187,EMP004,Ishita,2026-05-29,CloudWorks,Travel,18155.86,Manager B,Engineering,Bank Transfer,Varanasi,False
TX000188,EMP003,Kabir,2026-06-11,EquipHub,Equipment,23130.61,Manager A,Finance,Card,Varanasi,False
TX000189,EMP002,Meera,2026-05-11,OfficeMart,Travel,21352.03,Manager B,Finance,Card,Mumbai,False
TX000190,EMP005,Rohan,2026-01-07,OfficeMart,Travel,17205.16,Manager B,Engineering,Bank Transfer,Varanasi,False
TX000191,EMP003,Kabir,2026-07-14,OfficeMart,Office,27399.11,Manager B,Operations,Bank Transfer,Bengaluru,False
TX000192,EMP005,Rohan,2026-03-22,TravelDesk,Travel,15353.5,Manager B,Operations,UPI,Mumbai,False
TX000193,EMP003,Kabir,2026-04-06,OfficeMart,Equipment,23717.7,Manager B,Engineering,UPI,Varanasi,False
TX000194,EMP002,Meera,2026-01-02,CloudWorks,Equipment,20811.89,Manager B,Finance,Bank Transfer,Mumbai,False
TX000195,EMP004,Ishita,2026-02-08,TravelDesk,Travel,12771.39,Manager A,Finance,Card,Delhi,False
TX000196,EMP003,Kabir,2026-02-10,EquipHub,Equipment,25675.09,Manager B,Operations,Bank Transfer,Bengaluru,False
TX000197,EMP002,Meera,2026-01-22,EquipHub,Office,306690.29145297525,Manager B,Finance,UPI,Delhi,True
TX000198,EMP003,Kabir,2026-07-23,CloudWorks,Office,19181.29,Manager A,Engineering,Card,Varanasi,False
TX000199,EMP002,Meera,2026-03-06,TravelDesk,Travel,24278.98,Manager A,Engineering,Card,Delhi,False
TX000200,EMP004,Ishita,2026-04-05,CloudWorks,Travel,356159.4074957355,Manager A,Operations,Card,Mumbai,True
TX000201,EMP005,Rohan,2026-08-10,TravelDesk,Travel,17487.91,Manager B,Engineering,UPI,Bengaluru,False
TX000202,EMP005,Rohan,2026-05-05,CloudWorks,Travel,9700.71,Manager B,Finance,Card,Mumbai,False
TX000203,EMP005,Rohan,2026-01-13,OfficeMart,Equipment,22532.88,Manager A,Operations,Card,Varanasi,False
TX000204,EMP005,Rohan,2026-08-02,EquipHub,Travel,25438.52,Manager B,Finance,Card,Mumbai,False
TX000205,EMP002,Meera,2026-08-24,EquipHub,Software,21930.36,Manager A,Engineering,UPI,Bengaluru,False
TX000206,EMP004,Ishita,2026-03-19,TechSupply,Travel,17522.22,Manager B,Finance,UPI,Mumbai,False
TX000207,EMP001,Aarav,2026-06-10,EquipHub,Travel,21689.92,Manager B,Operations,Card,Varanasi,False
TX000208,EMP005,Rohan,2026-07-31,EquipHub,Travel,17977.56,Manager A,Engineering,Bank Transfer,Bengaluru,False
TX000209,EMP001,Aarav,2026-04-29,OfficeMart,Equipment,22177.62,Manager B,Engineering,UPI,Delhi,False
TX000210,EMP004,Ishita,2026-07-24,TravelDesk,Equipment,23268.26,Manager A,Engineering,Bank Transfer,Varanasi,False
TX000211,EMP003,Kabir,2026-05-04,TechSupply,Travel,9643.63,Manager B,Operations,Card,Varanasi,False
TX000212,EMP004,Ishita,2026-01-20,OfficeMart,Software,20971.45,Manager B,Engineering,Card,Delhi,False
TX000213,EMP001,Aarav,2026-05-11,TechSupply,Equipment,16279.62,Manager A,Engineering,Bank Transfer,Varanasi,False
TX000214,EMP001,Aarav,2026-04-01,TravelDesk,Office,24730.03,Manager B,Finance,Card,Varanasi,False
TX000215,EMP003,Kabir,2026-01-05,TravelDesk,Software,16208.21,Manager A,Operations,Bank Transfer,Delhi,False
TX000216,EMP002,Meera,2026-07-21,TechSupply,Equipment,23309.97,Manager A,Operations,UPI,Delhi,False
TX000217,EMP004,Ishita,2026-02-10,EquipHub,Travel,17285.58,Manager A,Engineering,Card,Varanasi,False
TX000218,EMP002,Meera,2026-06-19,EquipHub,Equipment,16206.36,Manager A,Operations,UPI,Bengaluru,False
TX000219,EMP001,Aarav,2026-03-02,EquipHub,Equipment,20032.65,Manager A,Finance,Card,Delhi,False
TX000220,EMP005,Rohan,2026-01-17,TravelDesk,Travel,22974.36,Manager B,Operations,Bank Transfer,Bengaluru,False
TX000221,EMP002,Meera,2026-01-17,EquipHub,Office,13244.73,Manager A,Operations,UPI,Delhi,False
TX000222,EMP004,Ishita,2026-01-26,TravelDesk,Software,20787.34,Manager A,Finance,UPI,Delhi,False
TX000223,EMP001,Aarav,2026-01-19,CloudWorks,Travel,10639.93,Manager B,Engineering,Bank Transfer,Delhi,False
TX000224,EMP001,Aarav,2026-05-22,OfficeMart,Equipment,16579.37,Manager A,Finance,UPI,Varanasi,False
TX000225,EMP003,Kabir,2026-05-30,OfficeMart,Office,13074.39,Manager B,Operations,Card,Varanasi,False
TX000226,EMP001,Aarav,2026-08-24,EquipHub,Software,251469.15650028872,Manager A,Finance,Card,Mumbai,True
TX000227,EMP005,Rohan,2026-04-08,CloudWorks,Office,21275.17,Manager A,Operations,Bank Transfer,Bengaluru,False
TX000228,EMP001,Aarav,2026-02-08,TechSupply,Travel,22873.75,Manager A,Operations,Card,Mumbai,False
TX000229,EMP001,Aarav,2026-03-23,TechSupply,Office,26162.41,Manager A,Operations,Bank Transfer,Bengaluru,False
TX000230,EMP005,Rohan,2026-05-07,TravelDesk,Travel,15309.65,Manager A,Operations,Card,Mumbai,False
TX000231,EMP005,Rohan,2026-04-01,TechSupply,Equipment,15495.95,Manager A,Engineering,Card,Mumbai,False
TX000232,EMP002,Meera,2026-08-26,OfficeMart,Travel,19573.88,Manager A,Finance,Bank Transfer,Bengaluru,False
TX000233,EMP005,Rohan,2026-04-26,CloudWorks,Software,18462.42,Manager A,Operations,Card,Bengaluru,False
TX000234,EMP002,Meera,2026-06-14,TechSupply,Office,141633.10166533728,Manager A,Engineering,UPI,Delhi,True
TX000235,EMP004,Ishita,2026-08-10,TravelDesk,Travel,16911.89,Manager B,Operations,UPI,Varanasi,False
TX000236,EMP003,Kabir,2026-06-04,EquipHub,Equipment,26283.26,Manager B,Operations,UPI,Delhi,False
TX000237,EMP001,Aarav,2026-06-16,CloudWorks,Travel,28599.03,Manager B,Operations,Card,Mumbai,False
TX000238,EMP005,Rohan,2026-01-16,TravelDesk,Travel,19723.13,Manager A,Finance,UPI,Mumbai,False
TX000239,EMP003,Kabir,2026-07-20,EquipHub,Travel,13358.04,Manager A,Finance,Card,Bengaluru,False
TX000240,EMP004,Ishita,2026-03-27,OfficeMart,Travel,19386.58,Manager A,Finance,Card,Delhi,False
TX000241,EMP004,Ishita,2026-01-14,CloudWorks,Office,6337.97,Manager B,Finance,Card,Bengaluru,False
TX000242,EMP004,Ishita,2026-07-01,OfficeMart,Equipment,14428.28,Manager A,Finance,UPI,Varanasi,False
TX000243,EMP002,Meera,2026-06-20,OfficeMart,Travel,17977.47,Manager B,Engineering,Card,Bengaluru,False
TX000244,EMP004,Ishita,2026-03-02,EquipHub,Travel,19073.98,Manager A,Operations,Card,Delhi,False
TX000245,EMP002,Meera,2026-08-12,TechSupply,Equipment,30211.75,Manager A,Engineering,Bank Transfer,Varanasi,False
TX000246,EMP003,Kabir,2026-02-17,TravelDesk,Software,22741.81,Manager B,Operations,Bank Transfer,Varanasi,False
TX000247,EMP003,Kabir,2026-08-14,OfficeMart,Equipment,455599.1769461897,Manager B,Finance,UPI,Delhi,True
TX000248,EMP003,Kabir,2026-08-05,CloudWorks,Software,25133.53,Manager B,Operations,UPI,Delhi,False
TX000249,EMP002,Meera,2026-05-09,TravelDesk,Equipment,24395.82,Manager A,Engineering,Bank Transfer,Varanasi,False
TX000250,EMP001,Aarav,2026-08-07,TechSupply,Equipment,17277.89,Manager B,Finance,UPI,Delhi,False
TX000251,EMP005,Rohan,2026-05-19,OfficeMart,Office,22409.92,Manager A,Engineering,UPI,Bengaluru,False
TX000252,EMP002,Meera,2026-01-06,CloudWorks,Equipment,26085.12,Manager B,Engineering,Bank Transfer,Delhi,False
TX000253,EMP005,Rohan,2026-01-01,OfficeMart,Travel,22187.63,Manager B,Operations,UPI,Bengaluru,False
TX000254,EMP004,Ishita,2026-03-29,OfficeMart,Travel,17277.31,Manager A,Engineering,UPI,Mumbai,False
TX000255,EMP004,Ishita,2026-03-07,TechSupply,Software,405469.13012120855,Manager A,Operations,Card,Varanasi,True
TX000256,EMP002,Meera,2026-03-18,CloudWorks,Equipment,15989.39,Manager B,Engineering,Bank Transfer,Mumbai,False
TX000257,EMP004,Ishita,2026-08-09,CloudWorks,Equipment,21511.15,Manager B,Operations,Bank Transfer,Delhi,False
TX000258,EMP005,Rohan,2026-06-27,EquipHub,Software,15744.47,Manager A,Finance,UPI,Varanasi,False
TX000259,EMP001,Aarav,2026-02-27,TechSupply,Travel,18885.81,Manager A,Finance,UPI,Delhi,False
TX000260,EMP001,Aarav,2026-01-04,EquipHub,Equipment,25014.64,Manager A,Finance,UPI,Varanasi,False
TX000261,EMP004,Ishita,2026-02-17,TechSupply,Travel,38987.82,Manager B,Operations,Card,Varanasi,False
TX000262,EMP005,Rohan,2026-04-12,CloudWorks,Software,20393.71,Manager A,Finance,UPI,Mumbai,False
TX000263,EMP001,Aarav,2026-04-25,CloudWorks,Office,19956.12,Manager A,Finance,UPI,Delhi,False
TX000264,EMP002,Meera,2026-05-25,CloudWorks,Office,17998.36,Manager A,Finance,Bank Transfer,Bengaluru,False
TX000265,EMP005,Rohan,2026-05-16,TechSupply,Software,250296.98603068406,Manager A,Finance,Card,Varanasi,True
TX000266,EMP004,Ishita,2026-05-10,OfficeMart,Office,14732.95,Manager A,Engineering,Card,Delhi,False
TX000267,EMP001,Aarav,2026-01-12,TravelDesk,Software,19459.32,Manager B,Engineering,Bank Transfer,Varanasi,False
TX000268,EMP001,Aarav,2026-04-02,OfficeMart,Software,21674.56,Manager A,Operations,UPI,Bengaluru,False
TX000269,EMP003,Kabir,2026-04-01,TravelDesk,Office,342322.9882425953,Manager A,Engineering,Card,Delhi,True
TX000270,EMP005,Rohan,2026-06-26,OfficeMart,Equipment,18473.91,Manager A,Finance,Bank Transfer,Delhi,False
TX000271,EMP001,Aarav,2026-07-11,EquipHub,Travel,28175.64,Manager B,Engineering,UPI,Bengaluru,False
TX000272,EMP001,Aarav,2026-01-21,TechSupply,Software,21027.02,Manager A,Engineering,Card,Bengaluru,False
TX000273,EMP004,Ishita,2026-06-03,EquipHub,Software,30824.59,Manager B,Operations,Card,Mumbai,False
TX000274,EMP003,Kabir,2026-01-22,CloudWorks,Travel,19384.83,Manager B,Finance,Bank Transfer,Mumbai,False
TX000275,EMP001,Aarav,2026-06-23,TechSupply,Travel,17797.66,Manager B,Finance,Bank Transfer,Varanasi,False
TX000276,EMP003,Kabir,2026-01-26,EquipHub,Office,15808.19,Manager A,Finance,UPI,Mumbai,False
TX000277,EMP002,Meera,2026-01-07,CloudWorks,Office,22690.76,Manager B,Operations,Card,Varanasi,False
TX000278,EMP001,Aarav,2026-07-31,TechSupply,Equipment,21420.68,Manager A,Operations,Bank Transfer,Mumbai,False
TX000279,EMP002,Meera,2026-03-20,TravelDesk,Equipment,32244.05,Manager B,Operations,Card,Delhi,False
TX000280,EMP001,Aarav,2026-05-21,EquipHub,Office,35540.41,Manager A,Finance,Card,Delhi,False
TX000281,EMP003,Kabir,2026-08-28,EquipHub,Equipment,26318.38,Manager A,Finance,Bank Transfer,Delhi,False
TX000282,EMP005,Rohan,2026-01-24,CloudWorks,Office,145337.02270095746,Manager A,Engineering,Bank Transfer,Mumbai,True
TX000283,EMP005,Rohan,2026-06-06,TravelDesk,Travel,21271.66,Manager B,Engineering,UPI,Varanasi,False
TX000284,EMP002,Meera,2026-08-24,OfficeMart,Software,13425.47,Manager A,Finance,Card,Mumbai,False
TX000285,EMP001,Aarav,2026-08-03,CloudWorks,Equipment,14588.39,Manager B,Operations,UPI,Bengaluru,False
TX000286,EMP004,Ishita,2026-06-18,EquipHub,Office,11499.12,Manager A,Engineering,UPI,Delhi,False
TX000287,EMP005,Rohan,2026-02-11,OfficeMart,Travel,28111.88,Manager B,Engineering,UPI,Bengaluru,False
TX000288,EMP003,Kabir,2026-05-28,OfficeMart,Equipment,9749.89,Manager B,Engineering,Card,Varanasi,False
TX000289,EMP001,Aarav,2026-07-22,CloudWorks,Equipment,26222.75,Manager B,Operations,Bank Transfer,Varanasi,False
TX000290,EMP003,Kabir,2026-08-06,TravelDesk,Equipment,20687.38,Manager B,Engineering,UPI,Varanasi,False
TX000291,EMP004,Ishita,2026-01-27,EquipHub,Software,11628.89,Manager B,Engineering,Card,Mumbai,False
TX000292,EMP003,Kabir,2026-08-14,TravelDesk,Equipment,19235.12,Manager A,Operations,Card,Bengaluru,False
TX000293,EMP004,Ishita,2026-01-25,TravelDesk,Office,273026.1550177562,Manager A,Operations,Card,Delhi,True
TX000294,EMP003,Kabir,2026-08-18,OfficeMart,Office,12095.32,Manager A,Operations,Card,Bengaluru,False
TX000295,EMP003,Kabir,2026-06-12,TravelDesk,Travel,22852.2,Manager A,Operations,Bank Transfer,Bengaluru,False
TX000296,EMP003,Kabir,2026-08-13,OfficeMart,Travel,23913.89,Manager B,Operations,UPI,Delhi,False
TX000297,EMP002,Meera,2026-05-11,TravelDesk,Equipment,22454.91,Manager B,Engineering,Bank Transfer,Bengaluru,False
TX000298,EMP003,Kabir,2026-08-12,TravelDesk,Software,291154.009054989,Manager A,Finance,UPI,Bengaluru,True
TX000299,EMP003,Kabir,2026-06-28,TechSupply,Travel,343991.0965673677,Manager B,Engineering,Card,Varanasi,True
TX000300,EMP005,Rohan,2026-05-12,OfficeMart,Equipment,20012.58,Manager B,Operations,Bank Transfer,Bengaluru,False
TX000301,EMP001,Aarav,2026-07-09,OfficeMart,Travel,253247.11195465864,Manager B,Operations,Bank Transfer,Mumbai,True
TX000302,EMP005,Rohan,2026-06-22,TravelDesk,Equipment,16101.58,Manager B,Engineering,Card,Mumbai,False
TX000303,EMP005,Rohan,2026-03-24,CloudWorks,Travel,17867.07,Manager B,Operations,Card,Varanasi,False
TX000304,EMP001,Aarav,2026-02-07,EquipHub,Travel,292838.41333008866,Manager A,Finance,Bank Transfer,Delhi,True
TX000305,EMP001,Aarav,2026-05-31,EquipHub,Travel,260283.00089567233,Manager B,Finance,UPI,Bengaluru,True
TX000306,EMP005,Rohan,2026-04-07,CloudWorks,Office,17061.74,Manager A,Engineering,Card,Mumbai,False
TX000307,EMP005,Rohan,2026-02-03,EquipHub,Travel,30141.9,Manager B,Finance,UPI,Delhi,False
TX000308,EMP004,Ishita,2026-07-23,EquipHub,Travel,15502.74,Manager B,Finance,Bank Transfer,Delhi,False
TX000309,EMP005,Rohan,2026-01-29,EquipHub,Software,19166.28,Manager B,Finance,UPI,Bengaluru,False
TX000310,EMP002,Meera,2026-01-03,TechSupply,Office,18145.84,Manager A,Engineering,Bank Transfer,Delhi,False
TX000311,EMP005,Rohan,2026-06-27,TravelDesk,Equipment,27574.67,Manager A,Operations,Card,Mumbai,False
TX000312,EMP003,Kabir,2026-08-17,TravelDesk,Equipment,417357.94019590225,Manager A,Engineering,Bank Transfer,Bengaluru,True
TX000313,EMP005,Rohan,2026-06-06,EquipHub,Equipment,15752.83,Manager B,Finance,Card,Varanasi,False
TX000314,EMP002,Meera,2026-08-05,TravelDesk,Software,25190.72,Manager A,Finance,Bank Transfer,Mumbai,False
TX000315,EMP004,Ishita,2026-08-17,CloudWorks,Software,8747.78,Manager A,Engineering,Bank Transfer,Varanasi,False
TX000316,EMP005,Rohan,2026-04-07,OfficeMart,Equipment,10968.68,Manager A,Finance,Card,Mumbai,False
TX000317,EMP004,Ishita,2026-08-14,EquipHub,Office,17288.95,Manager B,Engineering,UPI,Bengaluru,False
TX000318,EMP003,Kabir,2026-07-15,CloudWorks,Travel,19973.86,Manager B,Finance,UPI,Mumbai,False
TX000319,EMP002,Meera,2026-05-22,OfficeMart,Office,24275.35,Manager A,Engineering,Card,Mumbai,False
TX000320,EMP005,Rohan,2026-01-15,TechSupply,Office,28766.21,Manager B,Operations,Card,Delhi,False
TX000321,EMP003,Kabir,2026-03-08,CloudWorks,Software,24975.2,Manager B,Operations,Card,Delhi,False
TX000322,EMP003,Kabir,2026-04-03,TravelDesk,Travel,19008.69,Manager A,Operations,UPI,Bengaluru,False
TX000323,EMP001,Aarav,2026-01-17,EquipHub,Software,25710.57,Manager B,Finance,Bank Transfer,Mumbai,False
TX000324,EMP001,Aarav,2026-05-02,TechSupply,Software,12227.53,Manager A,Finance,Bank Transfer,Mumbai,False
TX000325,EMP005,Rohan,2026-08-20,EquipHub,Software,17126.8,Manager A,Engineering,UPI,Varanasi,False
TX000326,EMP002,Meera,2026-04-21,TechSupply,Software,17668.45,Manager A,Engineering,Card,Bengaluru,False
TX000327,EMP003,Kabir,2026-01-10,TechSupply,Equipment,15741.47,Manager B,Operations,UPI,Bengaluru,False
TX000328,EMP003,Kabir,2026-01-12,TravelDesk,Software,17525.75,Manager B,Engineering,UPI,Mumbai,False
TX000329,EMP005,Rohan,2026-07-05,EquipHub,Equipment,16697.37,Manager A,Engineering,Card,Varanasi,False
TX000330,EMP002,Meera,2026-08-14,CloudWorks,Travel,13691.82,Manager A,Finance,Bank Transfer,Mumbai,False
TX000331,EMP004,Ishita,2026-08-12,TechSupply,Software,23655.78,Manager B,Engineering,UPI,Bengaluru,False
TX000332,EMP005,Rohan,2026-08-23,TravelDesk,Office,13853.7,Manager A,Finance,UPI,Bengaluru,False
TX000333,EMP004,Ishita,2026-02-05,TravelDesk,Software,14963.77,Manager A,Engineering,UPI,Bengaluru,False
TX000334,EMP003,Kabir,2026-05-01,TechSupply,Travel,19364.14,Manager A,Operations,Card,Mumbai,False
TX000335,EMP005,Rohan,2026-03-14,CloudWorks,Travel,297739.41979032586,Manager A,Engineering,UPI,Varanasi,True
TX000336,EMP003,Kabir,2026-01-24,CloudWorks,Travel,14983.87,Manager A,Operations,Bank Transfer,Bengaluru,False
TX000337,EMP004,Ishita,2026-04-30,TechSupply,Software,18426.57,Manager A,Operations,Card,Mumbai,False
TX000338,EMP004,Ishita,2026-08-24,TechSupply,Travel,23680.47,Manager A,Operations,UPI,Delhi,False
TX000339,EMP005,Rohan,2026-05-16,EquipHub,Travel,13028.2,Manager B,Operations,Card,Varanasi,False
TX000340,EMP004,Ishita,2026-04-13,EquipHub,Office,30530.68,Manager B,Finance,Card,Bengaluru,False
TX000341,EMP004,Ishita,2026-07-04,CloudWorks,Equipment,19489.22,Manager A,Finance,Card,Delhi,False
TX000342,EMP004,Ishita,2026-02-13,TravelDesk,Software,20134.12,Manager A,Engineering,Bank Transfer,Varanasi,False
TX000343,EMP004,Ishita,2026-08-14,EquipHub,Office,18839.48,Manager A,Finance,UPI,Bengaluru,False
TX000344,EMP004,Ishita,2026-07-02,TechSupply,Travel,18659.08,Manager A,Operations,Card,Delhi,False
TX000345,EMP004,Ishita,2026-04-13,CloudWorks,Software,20661.02,Manager A,Operations,Bank Transfer,Bengaluru,False
TX000346,EMP004,Ishita,2026-04-18,OfficeMart,Equipment,207532.12833432129,Manager A,Operations,Bank Transfer,Varanasi,True
TX000347,EMP002,Meera,2026-08-28,TechSupply,Travel,33609.62,Manager B,Operations,Card,Varanasi,False
TX000348,EMP004,Ishita,2026-06-29,TravelDesk,Travel,24266.44,Manager B,Finance,Card,Delhi,False
TX000349,EMP004,Ishita,2026-02-21,TechSupply,Travel,11352.54,Manager B,Engineering,Card,Bengaluru,False
TX000350,EMP001,Aarav,2026-07-01,TravelDesk,Office,18888.4,Manager A,Finance,Bank Transfer,Mumbai,False
TX000351,EMP005,Rohan,2026-06-19,TechSupply,Office,14458.36,Manager B,Operations,Card,Delhi,False
TX000352,EMP004,Ishita,2026-05-13,EquipHub,Software,21740.96,Manager A,Finance,UPI,Varanasi,False
TX000353,EMP003,Kabir,2026-03-18,OfficeMart,Travel,27229.44,Manager B,Finance,Bank Transfer,Delhi,False
TX000354,EMP003,Kabir,2026-04-30,CloudWorks,Software,27097.91,Manager A,Operations,Card,Delhi,False
TX000355,EMP003,Kabir,2026-07-17,TravelDesk,Office,23481.84,Manager B,Finance,UPI,Delhi,False
TX000356,EMP002,Meera,2026-07-19,CloudWorks,Software,16270.09,Manager B,Engineering,Bank Transfer,Delhi,False
TX000357,EMP002,Meera,2026-05-02,TechSupply,Equipment,21275.37,Manager B,Finance,UPI,Varanasi,False
TX000358,EMP005,Rohan,2026-06-04,CloudWorks,Travel,26842.26,Manager B,Finance,Bank Transfer,Varanasi,False
TX000359,EMP005,Rohan,2026-08-06,CloudWorks,Equipment,25508.56,Manager A,Operations,Card,Varanasi,False
TX000360,EMP005,Rohan,2026-05-23,TravelDesk,Equipment,16306.3,Manager B,Engineering,Bank Transfer,Delhi,False
TX000361,EMP002,Meera,2026-01-18,TechSupply,Equipment,8783.79,Manager B,Operations,Bank Transfer,Varanasi,False
TX000362,EMP003,Kabir,2026-03-19,OfficeMart,Travel,11163.07,Manager B,Finance,UPI,Mumbai,False
TX000363,EMP002,Meera,2026-05-18,OfficeMart,Travel,20354.6,Manager A,Operations,Card,Mumbai,False
TX000364,EMP004,Ishita,2026-01-14,CloudWorks,Office,20183.12,Manager B,Operations,UPI,Delhi,False
TX000365,EMP005,Rohan,2026-03-27,TechSupply,Travel,24863.2,Manager B,Operations,UPI,Mumbai,False
TX000366,EMP004,Ishita,2026-03-21,CloudWorks,Equipment,22506.26,Manager B,Operations,Bank Transfer,Bengaluru,False
TX000367,EMP004,Ishita,2026-07-12,OfficeMart,Equipment,13838.17,Manager B,Operations,Bank Transfer,Varanasi,False
TX000368,EMP002,Meera,2026-05-06,OfficeMart,Office,11957.21,Manager B,Operations,UPI,Delhi,False
TX000369,EMP001,Aarav,2026-02-04,CloudWorks,Software,17595.4,Manager B,Engineering,Card,Mumbai,False
TX000370,EMP005,Rohan,2026-05-10,OfficeMart,Equipment,9999.72,Manager A,Engineering,Bank Transfer,Mumbai,False
TX000371,EMP002,Meera,2026-05-23,TechSupply,Travel,18558.04,Manager A,Engineering,Bank Transfer,Mumbai,False
TX000372,EMP003,Kabir,2026-03-22,TravelDesk,Software,12438.05,Manager A,Operations,Bank Transfer,Mumbai,False
TX000373,EMP002,Meera,2026-08-14,TravelDesk,Travel,20290.79,Manager B,Finance,Card,Bengaluru,False
TX000374,EMP002,Meera,2026-06-13,OfficeMart,Office,10169.48,Manager B,Finance,UPI,Varanasi,False
TX000375,EMP003,Kabir,2026-06-24,TravelDesk,Equipment,14371.98,Manager A,Operations,Card,Varanasi,False
TX000376,EMP005,Rohan,2026-02-14,TechSupply,Software,352415.3590180194,Manager A,Operations,Card,Varanasi,True
TX000377,EMP002,Meera,2026-03-28,TravelDesk,Office,9840.4,Manager B,Finance,Bank Transfer,Varanasi,False
TX000378,EMP001,Aarav,2026-07-26,TravelDesk,Travel,23636.39,Manager B,Finance,Bank Transfer,Bengaluru,False
TX000379,EMP001,Aarav,2026-08-12,EquipHub,Equipment,23910.6,Manager B,Operations,UPI,Bengaluru,False
TX000380,EMP005,Rohan,2026-05-16,TravelDesk,Office,391941.7168883637,Manager B,Operations,UPI,Delhi,True
TX000381,EMP001,Aarav,2026-06-13,TechSupply,Equipment,16544.98,Manager B,Engineering,Bank Transfer,Mumbai,False
TX000382,EMP003,Kabir,2026-05-03,OfficeMart,Office,18501.69,Manager B,Operations,Card,Delhi,False
TX000383,EMP002,Meera,2026-06-14,TravelDesk,Travel,24210.7,Manager A,Operations,Card,Delhi,False
TX000384,EMP003,Kabir,2026-01-09,EquipHub,Office,26266.57,Manager A,Engineering,Card,Delhi,False
TX000385,EMP004,Ishita,2026-06-06,TechSupply,Office,16981.58,Manager A,Finance,Card,Varanasi,False
TX000386,EMP002,Meera,2026-01-01,TechSupply,Travel,17091.92,Manager A,Engineering,Bank Transfer,Varanasi,False
TX000387,EMP001,Aarav,2026-02-06,TravelDesk,Travel,22824.64,Manager B,Operations,UPI,Bengaluru,False
TX000388,EMP003,Kabir,2026-06-21,CloudWorks,Software,381806.91219382547,Manager A,Finance,Bank Transfer,Delhi,True
TX000389,EMP001,Aarav,2026-08-16,EquipHub,Equipment,228409.74546310664,Manager A,Finance,UPI,Delhi,True
TX000390,EMP005,Rohan,2026-02-12,TravelDesk,Office,17918.59,Manager A,Engineering,Card,Delhi,False
TX000391,EMP004,Ishita,2026-02-10,TechSupply,Equipment,8372.62,Manager B,Engineering,Card,Mumbai,False
TX000392,EMP004,Ishita,2026-06-18,TechSupply,Software,23035.59,Manager A,Finance,UPI,Bengaluru,False
TX000393,EMP004,Ishita,2026-03-01,TravelDesk,Software,24048.92,Manager A,Operations,UPI,Delhi,False
TX000394,EMP005,Rohan,2026-05-12,EquipHub,Equipment,25923.16,Manager A,Operations,Bank Transfer,Mumbai,False
TX000395,EMP004,Ishita,2026-03-18,CloudWorks,Equipment,16615.42,Manager B,Operations,Bank Transfer,Bengaluru,False
TX000396,EMP003,Kabir,2026-04-11,CloudWorks,Equipment,27340.78,Manager A,Engineering,Bank Transfer,Varanasi,False
TX000397,EMP002,Meera,2026-04-08,CloudWorks,Equipment,9084.31,Manager B,Operations,Card,Bengaluru,False
TX000398,EMP005,Rohan,2026-06-05,CloudWorks,Equipment,23646.76,Manager B,Operations,Card,Delhi,False
TX000399,EMP002,Meera,2026-08-01,OfficeMart,Office,19557.48,Manager B,Finance,UPI,Bengaluru,False
TX000400,EMP002,Meera,2026-05-04,CloudWorks,Equipment,22218.39,Manager B,Finance,Card,Mumbai,False
TX000401,EMP001,Aarav,2026-06-22,TechSupply,Office,16189.07,Manager B,Engineering,UPI,Bengaluru,False
TX000402,EMP003,Kabir,2026-05-31,TechSupply,Office,13334.01,Manager A,Operations,Bank Transfer,Varanasi,False
TX000403,EMP005,Rohan,2026-08-23,TravelDesk,Travel,23734.47,Manager B,Operations,Card,Bengaluru,False
TX000404,EMP003,Kabir,2026-08-07,TravelDesk,Office,13523.9,Manager B,Finance,Bank Transfer,Mumbai,False
TX000405,EMP003,Kabir,2026-05-02,TravelDesk,Travel,24988.06,Manager A,Operations,Bank Transfer,Delhi,False
TX000406,EMP004,Ishita,2026-06-14,CloudWorks,Office,13828.38,Manager A,Finance,UPI,Varanasi,False
TX000407,EMP002,Meera,2026-05-20,TechSupply,Office,28993.7,Manager B,Engineering,Card,Bengaluru,False
TX000408,EMP005,Rohan,2026-06-20,OfficeMart,Office,16294.95,Manager A,Operations,UPI,Mumbai,False
TX000409,EMP003,Kabir,2026-08-23,EquipHub,Travel,11163.59,Manager B,Engineering,Bank Transfer,Bengaluru,False
TX000410,EMP004,Ishita,2026-08-14,TravelDesk,Software,14377.11,Manager B,Engineering,Bank Transfer,Mumbai,False
TX000411,EMP002,Meera,2026-06-13,CloudWorks,Office,5629.06,Manager B,Engineering,UPI,Delhi,False
TX000412,EMP004,Ishita,2026-01-03,TechSupply,Travel,17497.09,Manager B,Engineering,Card,Bengaluru,False
TX000413,EMP001,Aarav,2026-05-31,OfficeMart,Software,24074.73,Manager B,Finance,Bank Transfer,Bengaluru,False
TX000414,EMP002,Meera,2026-05-20,OfficeMart,Travel,16947.46,Manager A,Engineering,Bank Transfer,Mumbai,False
TX000415,EMP004,Ishita,2026-03-22,OfficeMart,Software,8358.93,Manager A,Engineering,Bank Transfer,Varanasi,False
TX000416,EMP003,Kabir,2026-01-28,TravelDesk,Equipment,19036.71,Manager B,Finance,Bank Transfer,Mumbai,False
TX000417,EMP003,Kabir,2026-07-15,TravelDesk,Office,21907.96,Manager A,Finance,UPI,Mumbai,False
TX000418,EMP002,Meera,2026-06-28,TechSupply,Software,18862.8,Manager A,Finance,Bank Transfer,Varanasi,False
TX000419,EMP003,Kabir,2026-01-24,EquipHub,Software,293632.838276329,Manager A,Operations,Card,Mumbai,True
TX000420,EMP005,Rohan,2026-02-08,EquipHub,Travel,14596.97,Manager A,Finance,Bank Transfer,Varanasi,False
TX000421,EMP001,Aarav,2026-01-15,TechSupply,Travel,21415.02,Manager B,Engineering,UPI,Delhi,False
TX000422,EMP004,Ishita,2026-07-09,OfficeMart,Travel,28336.11,Manager A,Engineering,UPI,Mumbai,False
TX000423,EMP004,Ishita,2026-02-28,OfficeMart,Software,15794.79,Manager A,Finance,UPI,Varanasi,False
TX000424,EMP005,Rohan,2026-05-15,TechSupply,Software,7868.0,Manager A,Engineering,Bank Transfer,Mumbai,False
TX000425,EMP002,Meera,2026-05-30,TechSupply,Office,16587.05,Manager A,Finance,Card,Delhi,False
TX000426,EMP005,Rohan,2026-05-09,OfficeMart,Office,18222.61,Manager A,Operations,Card,Mumbai,False
TX000427,EMP002,Meera,2026-04-08,CloudWorks,Equipment,17171.22,Manager B,Finance,Card,Mumbai,False
TX000428,EMP001,Aarav,2026-03-18,TravelDesk,Office,279505.60895860434,Manager B,Operations,UPI,Delhi,True
TX000429,EMP004,Ishita,2026-02-25,TechSupply,Office,247131.5088846606,Manager B,Operations,Bank Transfer,Varanasi,True
TX000430,EMP003,Kabir,2026-06-30,TravelDesk,Travel,32908.59,Manager B,Operations,Bank Transfer,Delhi,False
TX000431,EMP005,Rohan,2026-06-04,EquipHub,Office,16671.32,Manager B,Engineering,Card,Delhi,False
TX000432,EMP004,Ishita,2026-05-28,EquipHub,Software,305434.4374176267,Manager A,Engineering,Bank Transfer,Delhi,True
TX000433,EMP003,Kabir,2026-01-05,EquipHub,Office,376457.82366836723,Manager A,Operations,UPI,Varanasi,True
TX000434,EMP003,Kabir,2026-01-31,TechSupply,Software,23941.53,Manager A,Finance,Card,Mumbai,False
TX000435,EMP004,Ishita,2026-08-27,EquipHub,Software,18631.76,Manager B,Finance,Card,Delhi,False
TX000436,EMP005,Rohan,2026-05-08,OfficeMart,Office,12094.5,Manager A,Operations,Card,Varanasi,False
TX000437,EMP001,Aarav,2026-07-31,TechSupply,Travel,323076.71485634136,Manager B,Operations,Bank Transfer,Bengaluru,True
TX000438,EMP004,Ishita,2026-06-02,TravelDesk,Equipment,21094.14,Manager B,Finance,UPI,Delhi,False
TX000439,EMP004,Ishita,2026-05-19,CloudWorks,Equipment,18843.62,Manager B,Engineering,Card,Delhi,False
TX000440,EMP002,Meera,2026-04-09,CloudWorks,Software,37993.3,Manager A,Operations,UPI,Bengaluru,False
TX000441,EMP004,Ishita,2026-08-22,CloudWorks,Travel,9413.68,Manager A,Operations,UPI,Bengaluru,False
TX000442,EMP003,Kabir,2026-02-24,TravelDesk,Travel,32044.25,Manager B,Engineering,UPI,Varanasi,False
TX000443,EMP005,Rohan,2026-04-28,OfficeMart,Office,24311.57,Manager B,Operations,UPI,Bengaluru,False
TX000444,EMP003,Kabir,2026-01-16,TravelDesk,Equipment,246993.05407920454,Manager B,Operations,Card,Bengaluru,True
TX000445,EMP005,Rohan,2026-07-24,EquipHub,Software,12120.19,Manager B,Engineering,Bank Transfer,Bengaluru,False
TX000446,EMP004,Ishita,2026-02-05,TechSupply,Office,23986.76,Manager A,Finance,Card,Varanasi,False
TX000447,EMP001,Aarav,2026-06-16,TravelDesk,Software,17653.12,Manager A,Finance,Card,Delhi,False
TX000448,EMP001,Aarav,2026-07-08,CloudWorks,Equipment,20971.67,Manager B,Operations,Card,Delhi,False
TX000449,EMP002,Meera,2026-01-21,TechSupply,Equipment,14960.4,Manager A,Operations,Bank Transfer,Delhi,False
TX000450,EMP002,Meera,2026-03-14,OfficeMart,Equipment,11562.46,Manager A,Engineering,UPI,Mumbai,False
TX000451,EMP003,Kabir,2026-01-29,TravelDesk,Equipment,23796.66,Manager A,Engineering,Card,Mumbai,False
TX000452,EMP004,Ishita,2026-02-08,TravelDesk,Software,19864.76,Manager A,Finance,Card,Bengaluru,False
TX000453,EMP001,Aarav,2026-06-02,OfficeMart,Travel,19437.2,Manager B,Operations,Card,Bengaluru,False
TX000454,EMP002,Meera,2026-07-07,TechSupply,Office,137453.5097873094,Manager B,Finance,Card,Varanasi,True
TX000455,EMP002,Meera,2026-03-15,EquipHub,Travel,19488.89,Manager A,Finance,Card,Mumbai,False
TX000456,EMP002,Meera,2026-07-13,EquipHub,Travel,22507.92,Manager A,Finance,Bank Transfer,Bengaluru,False
TX000457,EMP001,Aarav,2026-01-17,EquipHub,Equipment,414329.3730510954,Manager B,Operations,UPI,Mumbai,True
TX000458,EMP003,Kabir,2026-06-01,EquipHub,Software,18271.33,Manager A,Engineering,Bank Transfer,Mumbai,False
TX000459,EMP002,Meera,2026-05-24,TravelDesk,Software,28023.71,Manager A,Operations,Bank Transfer,Bengaluru,False
TX000460,EMP005,Rohan,2026-01-08,TravelDesk,Travel,28560.57,Manager B,Engineering,Bank Transfer,Bengaluru,False
TX000461,EMP003,Kabir,2026-03-30,CloudWorks,Travel,20665.67,Manager B,Engineering,UPI,Varanasi,False
TX000462,EMP001,Aarav,2026-07-18,CloudWorks,Software,23742.48,Manager A,Operations,Bank Transfer,Delhi,False
TX000463,EMP004,Ishita,2026-04-06,TravelDesk,Travel,23748.49,Manager A,Operations,UPI,Varanasi,False
TX000464,EMP001,Aarav,2026-04-05,OfficeMart,Office,3776.68,Manager B,Operations,UPI,Varanasi,False
TX000465,EMP005,Rohan,2026-08-18,EquipHub,Travel,15334.84,Manager B,Engineering,Card,Varanasi,False
TX000466,EMP005,Rohan,2026-08-16,EquipHub,Office,18984.36,Manager A,Engineering,Card,Delhi,False
TX000467,EMP002,Meera,2026-02-04,CloudWorks,Software,16868.19,Manager A,Engineering,Bank Transfer,Varanasi,False
TX000468,EMP004,Ishita,2026-01-18,EquipHub,Office,23006.11,Manager B,Engineering,UPI,Mumbai,False
TX000469,EMP004,Ishita,2026-06-06,EquipHub,Office,22580.83,Manager A,Finance,UPI,Mumbai,False
TX000470,EMP005,Rohan,2026-06-15,CloudWorks,Office,26976.19,Manager B,Finance,Card,Bengaluru,False
TX000471,EMP001,Aarav,2026-02-01,OfficeMart,Office,249293.91016878717,Manager A,Engineering,UPI,Bengaluru,True
TX000472,EMP004,Ishita,2026-07-28,CloudWorks,Office,19243.24,Manager A,Operations,Card,Delhi,False
TX000473,EMP004,Ishita,2026-01-28,CloudWorks,Equipment,12035.67,Manager B,Finance,UPI,Delhi,False
TX000474,EMP001,Aarav,2026-05-24,CloudWorks,Travel,28657.04,Manager B,Operations,Bank Transfer,Mumbai,False
TX000475,EMP001,Aarav,2026-02-01,CloudWorks,Travel,22070.62,Manager B,Finance,Card,Varanasi,False
TX000476,EMP002,Meera,2026-07-03,TravelDesk,Equipment,10055.86,Manager A,Finance,Bank Transfer,Delhi,False
TX000477,EMP003,Kabir,2026-03-17,EquipHub,Equipment,24565.66,Manager A,Finance,UPI,Bengaluru,False
TX000478,EMP001,Aarav,2026-01-14,TravelDesk,Office,27781.12,Manager A,Finance,Bank Transfer,Delhi,False
TX000479,EMP002,Meera,2026-03-19,TravelDesk,Software,20294.42,Manager A,Engineering,Bank Transfer,Bengaluru,False
TX000480,EMP005,Rohan,2026-06-30,CloudWorks,Equipment,15839.23,Manager A,Finance,Bank Transfer,Mumbai,False
TX000481,EMP005,Rohan,2026-07-21,TechSupply,Travel,22833.44,Manager B,Finance,Card,Delhi,False
TX000482,EMP002,Meera,2026-08-11,CloudWorks,Travel,27845.47,Manager A,Operations,Card,Mumbai,False
TX000483,EMP002,Meera,2026-07-24,CloudWorks,Equipment,447.96,Manager B,Finance,Bank Transfer,Bengaluru,False
TX000484,EMP002,Meera,2026-07-13,OfficeMart,Software,25034.54,Manager A,Engineering,Card,Mumbai,False
TX000485,EMP004,Ishita,2026-05-07,TechSupply,Equipment,16543.44,Manager B,Engineering,Bank Transfer,Delhi,False
TX000486,EMP004,Ishita,2026-07-25,TravelDesk,Equipment,18729.48,Manager A,Operations,Bank Transfer,Varanasi,False
TX000487,EMP004,Ishita,2026-07-30,OfficeMart,Office,22209.78,Manager A,Engineering,Card,Mumbai,False
TX000488,EMP003,Kabir,2026-03-09,TravelDesk,Equipment,20037.56,Manager B,Finance,Bank Transfer,Delhi,False
TX000489,EMP001,Aarav,2026-03-27,EquipHub,Travel,27950.76,Manager B,Finance,UPI,Varanasi,False
TX000490,EMP005,Rohan,2026-02-01,TravelDesk,Office,20066.7,Manager A,Finance,Bank Transfer,Bengaluru,False
TX000491,EMP002,Meera,2026-01-17,TechSupply,Equipment,220630.1280718618,Manager B,Engineering,Card,Bengaluru,True
TX000492,EMP005,Rohan,2026-06-28,OfficeMart,Travel,24068.71,Manager A,Finance,Bank Transfer,Bengaluru,False
TX000493,EMP004,Ishita,2026-05-28,OfficeMart,Office,19515.34,Manager B,Operations,UPI,Mumbai,False
TX000494,EMP005,Rohan,2026-02-08,OfficeMart,Software,23722.25,Manager A,Engineering,Bank Transfer,Mumbai,False
TX000495,EMP002,Meera,2026-05-11,OfficeMart,Equipment,14272.9,Manager A,Engineering,UPI,Delhi,False
TX000496,EMP001,Aarav,2026-06-26,CloudWorks,Office,211221.32404426736,Manager A,Operations,Bank Transfer,Mumbai,True
TX000497,EMP001,Aarav,2026-06-20,EquipHub,Travel,15359.27,Manager A,Operations,Card,Delhi,False
TX000498,EMP004,Ishita,2026-08-21,OfficeMart,Equipment,6637.65,Manager A,Finance,Card,Bengaluru,False
TX000499,EMP004,Ishita,2026-08-02,TechSupply,Software,268029.2737072416,Manager B,Operations,UPI,Bengaluru,True
TX000500,EMP004,Ishita,2026-07-27,TechSupply,Equipment,20468.69,Manager A,Engineering,UPI,Bengaluru,False
TX000501,EMP005,Rohan,2026-03-01,TravelDesk,Equipment,18596.04,Manager A,Finance,UPI,Mumbai,False
TX000502,EMP002,Meera,2026-03-29,OfficeMart,Office,16637.42,Manager B,Operations,Bank Transfer,Delhi,False
TX000503,EMP003,Kabir,2026-06-16,CloudWorks,Equipment,237657.23430637163,Manager B,Operations,UPI,Bengaluru,True
TX000504,EMP002,Meera,2026-03-21,OfficeMart,Software,213169.5293864017,Manager A,Operations,UPI,Bengaluru,True
TX000505,EMP002,Meera,2026-04-09,TravelDesk,Office,18909.28,Manager A,Finance,Bank Transfer,Delhi,False
TX000506,EMP002,Meera,2026-03-07,TravelDesk,Equipment,16780.91,Manager A,Operations,Bank Transfer,Mumbai,False
TX000507,EMP004,Ishita,2026-08-16,EquipHub,Equipment,22625.35,Manager B,Engineering,UPI,Delhi,False
TX000508,EMP005,Rohan,2026-04-02,TravelDesk,Office,17485.64,Manager B,Finance,Bank Transfer,Varanasi,False
TX000509,EMP005,Rohan,2026-05-29,TechSupply,Equipment,20320.06,Manager A,Finance,Card,Varanasi,False
TX000510,EMP003,Kabir,2026-07-01,TechSupply,Software,18934.84,Manager A,Engineering,UPI,Bengaluru,False
TX000511,EMP001,Aarav,2026-01-27,OfficeMart,Equipment,12728.69,Manager A,Operations,Card,Bengaluru,False
TX000512,EMP005,Rohan,2026-01-16,OfficeMart,Office,30106.05,Manager A,Engineering,Card,Bengaluru,False
TX000513,EMP004,Ishita,2026-06-10,TechSupply,Software,15929.99,Manager A,Operations,UPI,Mumbai,False
TX000514,EMP001,Aarav,2026-04-05,OfficeMart,Travel,13304.69,Manager A,Operations,Card,Varanasi,False
TX000515,EMP002,Meera,2026-05-27,TravelDesk,Equipment,28157.19,Manager B,Finance,Bank Transfer,Delhi,False
TX000516,EMP005,Rohan,2026-06-09,TravelDesk,Office,12946.91,Manager A,Engineering,Card,Varanasi,False
TX000517,EMP004,Ishita,2026-05-28,TechSupply,Office,366988.0042323515,Manager B,Operations,Card,Delhi,True
TX000518,EMP005,Rohan,2026-06-11,TechSupply,Equipment,11503.16,Manager B,Finance,Bank Transfer,Delhi,False
TX000519,EMP005,Rohan,2026-03-13,TravelDesk,Software,258899.17349174776,Manager A,Operations,UPI,Mumbai,True
TX000520,EMP005,Rohan,2026-07-28,EquipHub,Software,29332.58,Manager B,Engineering,Card,Mumbai,False
TX000521,EMP003,Kabir,2026-06-30,TechSupply,Travel,24988.48,Manager A,Finance,UPI,Bengaluru,False
TX000522,EMP004,Ishita,2026-08-18,CloudWorks,Equipment,31794.51,Manager A,Finance,Card,Delhi,False
TX000523,EMP003,Kabir,2026-05-31,TravelDesk,Equipment,21862.01,Manager B,Engineering,Bank Transfer,Delhi,False
TX000524,EMP003,Kabir,2026-03-17,EquipHub,Travel,20636.98,Manager A,Finance,UPI,Bengaluru,False
TX000525,EMP005,Rohan,2026-05-22,CloudWorks,Software,28832.76,Manager B,Operations,Bank Transfer,Bengaluru,False
TX000526,EMP002,Meera,2026-07-08,CloudWorks,Travel,23982.03,Manager A,Engineering,UPI,Delhi,False
TX000527,EMP002,Meera,2026-08-20,EquipHub,Software,12739.02,Manager A,Operations,Card,Bengaluru,False
TX000528,EMP005,Rohan,2026-01-03,EquipHub,Travel,25004.8,Manager B,Operations,Bank Transfer,Bengaluru,False
TX000529,EMP003,Kabir,2026-04-17,OfficeMart,Software,17478.03,Manager B,Engineering,Bank Transfer,Mumbai,False
TX000530,EMP004,Ishita,2026-06-15,CloudWorks,Equipment,100.0,Manager A,Finance,UPI,Mumbai,False
TX000531,EMP004,Ishita,2026-02-16,EquipHub,Office,24271.83,Manager B,Engineering,Bank Transfer,Mumbai,False
TX000532,EMP002,Meera,2026-02-01,CloudWorks,Equipment,30476.71,Manager A,Engineering,Card,Delhi,False
TX000533,EMP001,Aarav,2026-05-18,CloudWorks,Travel,25822.88,Manager A,Finance,Bank Transfer,Varanasi,False
TX000534,EMP003,Kabir,2026-07-13,TechSupply,Office,15422.35,Manager B,Engineering,Card,Mumbai,False
TX000535,EMP005,Rohan,2026-04-11,EquipHub,Travel,23409.48,Manager B,Operations,Bank Transfer,Varanasi,False
TX000536,EMP002,Meera,2026-02-24,CloudWorks,Travel,14542.87,Manager A,Engineering,Card,Delhi,False
TX000537,EMP001,Aarav,2026-07-09,TravelDesk,Office,17809.32,Manager B,Operations,Card,Varanasi,False
TX000538,EMP001,Aarav,2026-04-21,OfficeMart,Equipment,146899.29026269913,Manager B,Finance,Card,Mumbai,True
TX000539,EMP003,Kabir,2026-05-26,TravelDesk,Equipment,11059.93,Manager A,Operations,Card,Varanasi,False
TX000540,EMP003,Kabir,2026-04-12,EquipHub,Software,19225.58,Manager A,Operations,Bank Transfer,Varanasi,False
TX000541,EMP003,Kabir,2026-08-15,EquipHub,Equipment,20264.21,Manager A,Operations,Card,Delhi,False
TX000542,EMP002,Meera,2026-08-26,TechSupply,Office,7590.23,Manager A,Operations,Bank Transfer,Bengaluru,False
TX000543,EMP003,Kabir,2026-03-27,EquipHub,Software,38658.3,Manager A,Operations,Bank Transfer,Mumbai,False
TX000544,EMP004,Ishita,2026-04-20,TechSupply,Travel,439594.0783058085,Manager A,Operations,UPI,Delhi,True
TX000545,EMP005,Rohan,2026-03-24,CloudWorks,Equipment,580859.6941143351,Manager B,Operations,Bank Transfer,Bengaluru,True
TX000546,EMP003,Kabir,2026-04-21,TravelDesk,Software,11162.78,Manager A,Engineering,Bank Transfer,Delhi,False
TX000547,EMP003,Kabir,2026-03-29,OfficeMart,Equipment,21229.48,Manager B,Operations,Bank Transfer,Mumbai,False
TX000548,EMP005,Rohan,2026-01-23,TravelDesk,Equipment,19992.23,Manager A,Finance,Bank Transfer,Varanasi,False
TX000549,EMP005,Rohan,2026-01-18,TravelDesk,Software,22539.99,Manager B,Finance,Bank Transfer,Delhi,False
TX000550,EMP004,Ishita,2026-04-21,TechSupply,Equipment,278711.554847699,Manager A,Engineering,Bank Transfer,Delhi,True
TX000551,EMP003,Kabir,2026-07-17,EquipHub,Travel,269576.0577422322,Manager A,Finance,UPI,Varanasi,True
TX000552,EMP005,Rohan,2026-03-23,CloudWorks,Office,25433.56,Manager B,Engineering,Card,Bengaluru,False
TX000553,EMP004,Ishita,2026-02-21,EquipHub,Office,456672.6273068977,Manager B,Operations,UPI,Delhi,True
TX000554,EMP001,Aarav,2026-01-06,EquipHub,Travel,19504.85,Manager B,Engineering,Card,Varanasi,False
TX000555,EMP005,Rohan,2026-06-30,OfficeMart,Equipment,21933.57,Manager A,Finance,UPI,Delhi,False
TX000556,EMP002,Meera,2026-01-15,CloudWorks,Equipment,19663.28,Manager A,Engineering,Bank Transfer,Bengaluru,False
TX000557,EMP003,Kabir,2026-06-03,TechSupply,Office,17611.6,Manager A,Finance,Card,Bengaluru,False
TX000558,EMP004,Ishita,2026-06-13,TravelDesk,Travel,23114.35,Manager B,Engineering,Card,Varanasi,False
TX000559,EMP003,Kabir,2026-04-23,OfficeMart,Travel,24836.16,Manager B,Finance,Card,Delhi,False
TX000560,EMP004,Ishita,2026-06-18,TravelDesk,Travel,26103.79,Manager A,Engineering,Bank Transfer,Bengaluru,False
TX000561,EMP003,Kabir,2026-04-26,EquipHub,Travel,320300.49031616707,Manager B,Operations,UPI,Delhi,True
TX000562,EMP003,Kabir,2026-06-06,CloudWorks,Office,25099.68,Manager A,Engineering,UPI,Bengaluru,False
TX000563,EMP001,Aarav,2026-08-16,TravelDesk,Equipment,16300.47,Manager B,Operations,UPI,Delhi,False
TX000564,EMP002,Meera,2026-06-04,OfficeMart,Travel,404476.84540019516,Manager A,Finance,Bank Transfer,Varanasi,True
TX000565,EMP003,Kabir,2026-03-17,CloudWorks,Software,20760.01,Manager A,Engineering,UPI,Mumbai,False
TX000566,EMP003,Kabir,2026-08-11,CloudWorks,Software,17298.58,Manager B,Finance,Bank Transfer,Mumbai,False
TX000567,EMP003,Kabir,2026-08-17,TravelDesk,Office,14391.97,Manager A,Operations,Bank Transfer,Delhi,False
TX000568,EMP005,Rohan,2026-03-18,OfficeMart,Travel,20659.54,Manager B,Engineering,UPI,Bengaluru,False
TX000569,EMP005,Rohan,2026-04-13,CloudWorks,Equipment,19547.41,Manager A,Operations,UPI,Bengaluru,False
TX000570,EMP004,Ishita,2026-07-04,TravelDesk,Office,13643.33,Manager B,Finance,Card,Mumbai,False
TX000571,EMP002,Meera,2026-01-21,TechSupply,Software,94354.70754410846,Manager A,Finance,Bank Transfer,Delhi,True
TX000572,EMP002,Meera,2026-01-25,TravelDesk,Travel,18823.26,Manager B,Operations,Bank Transfer,Bengaluru,False
TX000573,EMP002,Meera,2026-06-02,CloudWorks,Travel,14566.09,Manager A,Operations,UPI,Varanasi,False
TX000574,EMP003,Kabir,2026-07-09,TechSupply,Office,22736.83,Manager A,Operations,UPI,Mumbai,False
TX000575,EMP004,Ishita,2026-08-11,CloudWorks,Software,13126.84,Manager A,Engineering,Card,Delhi,False
TX000576,EMP005,Rohan,2026-04-15,EquipHub,Equipment,11413.67,Manager B,Engineering,Bank Transfer,Mumbai,False
TX000577,EMP004,Ishita,2026-06-12,CloudWorks,Software,31005.09,Manager A,Operations,Bank Transfer,Delhi,False
TX000578,EMP001,Aarav,2026-02-19,TechSupply,Office,10946.33,Manager B,Operations,Card,Bengaluru,False
TX000579,EMP004,Ishita,2026-02-14,EquipHub,Equipment,12037.9,Manager B,Engineering,Card,Mumbai,False
TX000580,EMP002,Meera,2026-07-26,EquipHub,Office,19363.4,Manager A,Operations,Card,Delhi,False
TX000581,EMP003,Kabir,2026-05-04,EquipHub,Travel,14201.91,Manager A,Engineering,Card,Bengaluru,False
TX000582,EMP004,Ishita,2026-04-18,TechSupply,Software,19841.1,Manager A,Finance,Bank Transfer,Mumbai,False
TX000583,EMP001,Aarav,2026-08-19,OfficeMart,Office,17690.52,Manager A,Engineering,Card,Varanasi,False
TX000584,EMP004,Ishita,2026-06-18,CloudWorks,Travel,12553.67,Manager A,Engineering,Bank Transfer,Mumbai,False
TX000585,EMP004,Ishita,2026-05-22,OfficeMart,Equipment,23761.45,Manager B,Finance,Bank Transfer,Mumbai,False
TX000586,EMP003,Kabir,2026-06-17,OfficeMart,Equipment,269556.3893904494,Manager B,Engineering,Bank Transfer,Delhi,True
TX000587,EMP004,Ishita,2026-06-18,OfficeMart,Travel,15078.75,Manager B,Finance,Bank Transfer,Varanasi,False
TX000588,EMP004,Ishita,2026-03-31,OfficeMart,Travel,12937.84,Manager A,Finance,Card,Bengaluru,False
TX000589,EMP005,Rohan,2026-07-14,EquipHub,Travel,27021.63,Manager A,Operations,Bank Transfer,Delhi,False
TX000590,EMP001,Aarav,2026-01-18,OfficeMart,Software,18855.59,Manager B,Operations,UPI,Bengaluru,False
TX000591,EMP002,Meera,2026-06-13,TechSupply,Travel,18151.06,Manager A,Operations,UPI,Bengaluru,False
TX000592,EMP001,Aarav,2026-03-04,OfficeMart,Software,26797.23,Manager A,Engineering,UPI,Delhi,False
TX000593,EMP002,Meera,2026-05-17,TravelDesk,Travel,22908.27,Manager B,Finance,Bank Transfer,Varanasi,False
TX000594,EMP003,Kabir,2026-08-06,TravelDesk,Office,12018.82,Manager A,Finance,Bank Transfer,Bengaluru,False
TX000595,EMP005,Rohan,2026-06-08,CloudWorks,Office,8586.35,Manager A,Engineering,Card,Mumbai,False
TX000596,EMP003,Kabir,2026-05-26,TravelDesk,Travel,17551.98,Manager B,Finance,Bank Transfer,Bengaluru,False
TX000597,EMP001,Aarav,2026-05-05,TravelDesk,Office,20754.66,Manager B,Finance,Card,Bengaluru,False
TX000598,EMP005,Rohan,2026-06-18,TechSupply,Travel,9981.89,Manager B,Operations,UPI,Bengaluru,False
TX000599,EMP003,Kabir,2026-03-05,OfficeMart,Office,24531.93,Manager A,Finance,Card,Bengaluru,False
TX000600,EMP003,Kabir,2026-08-17,EquipHub,Office,20647.42,Manager B,Finance,UPI,Varanasi,False
TX000601,EMP005,Rohan,2026-05-17,TravelDesk,Office,398724.2579432438,Manager A,Operations,Card,Varanasi,True
TX000602,EMP001,Aarav,2026-03-16,CloudWorks,Equipment,27656.47,Manager B,Finance,Card,Varanasi,False
TX000603,EMP004,Ishita,2026-03-05,CloudWorks,Equipment,13801.01,Manager B,Engineering,Card,Delhi,False
TX000604,EMP002,Meera,2026-06-11,OfficeMart,Equipment,19074.34,Manager B,Engineering,UPI,Varanasi,False
TX000605,EMP004,Ishita,2026-06-05,EquipHub,Travel,14162.78,Manager B,Operations,Card,Mumbai,False
TX000606,EMP005,Rohan,2026-05-27,EquipHub,Travel,18528.68,Manager A,Engineering,UPI,Mumbai,False
TX000607,EMP004,Ishita,2026-06-07,TechSupply,Travel,20487.21,Manager A,Operations,Bank Transfer,Varanasi,False
TX000608,EMP002,Meera,2026-02-14,CloudWorks,Office,13633.34,Manager B,Operations,UPI,Mumbai,False
TX000609,EMP002,Meera,2026-04-24,OfficeMart,Office,331591.636827813,Manager A,Engineering,UPI,Bengaluru,True
TX000610,EMP002,Meera,2026-03-10,TravelDesk,Software,21609.51,Manager A,Operations,Card,Delhi,False
TX000611,EMP005,Rohan,2026-03-25,TravelDesk,Travel,17877.8,Manager A,Operations,Card,Bengaluru,False
TX000612,EMP003,Kabir,2026-01-05,CloudWorks,Software,11642.55,Manager B,Finance,Card,Mumbai,False
TX000613,EMP003,Kabir,2026-01-05,EquipHub,Software,11557.03,Manager A,Finance,Card,Delhi,False
TX000614,EMP003,Kabir,2026-03-24,CloudWorks,Software,25876.79,Manager B,Finance,Bank Transfer,Mumbai,False
TX000615,EMP003,Kabir,2026-04-28,CloudWorks,Travel,21725.66,Manager B,Operations,Bank Transfer,Delhi,False
TX000616,EMP005,Rohan,2026-04-13,TechSupply,Equipment,12814.19,Manager A,Operations,UPI,Varanasi,False
TX000617,EMP001,Aarav,2026-01-20,TravelDesk,Equipment,27616.53,Manager B,Finance,Card,Mumbai,False
TX000618,EMP003,Kabir,2026-08-19,TravelDesk,Equipment,13783.03,Manager A,Finance,Card,Bengaluru,False
TX000619,EMP002,Meera,2026-04-15,TravelDesk,Office,17469.23,Manager A,Engineering,UPI,Varanasi,False
TX000620,EMP004,Ishita,2026-07-25,TravelDesk,Software,24018.77,Manager B,Engineering,Bank Transfer,Bengaluru,False
TX000621,EMP001,Aarav,2026-01-21,OfficeMart,Equipment,14956.28,Manager A,Engineering,Card,Varanasi,False
TX000622,EMP004,Ishita,2026-08-04,OfficeMart,Office,22131.22,Manager A,Operations,Bank Transfer,Varanasi,False
TX000623,EMP003,Kabir,2026-07-20,TravelDesk,Office,343991.1287499749,Manager B,Operations,Card,Mumbai,True
TX000624,EMP005,Rohan,2026-05-23,OfficeMart,Equipment,19018.89,Manager B,Operations,UPI,Varanasi,False
TX000625,EMP001,Aarav,2026-03-31,EquipHub,Travel,19866.45,Manager B,Operations,Card,Mumbai,False
TX000626,EMP001,Aarav,2026-01-09,TechSupply,Software,22303.09,Manager B,Finance,UPI,Mumbai,False
TX000627,EMP001,Aarav,2026-02-25,TravelDesk,Travel,22224.23,Manager A,Engineering,UPI,Bengaluru,False
TX000628,EMP003,Kabir,2026-06-25,CloudWorks,Equipment,17950.4,Manager A,Finance,Bank Transfer,Bengaluru,False
TX000629,EMP002,Meera,2026-06-30,TravelDesk,Travel,20420.61,Manager A,Operations,Bank Transfer,Mumbai,False
TX000630,EMP003,Kabir,2026-05-06,EquipHub,Office,15797.17,Manager B,Finance,Card,Bengaluru,False
TX000631,EMP001,Aarav,2026-06-12,EquipHub,Equipment,11907.08,Manager B,Engineering,UPI,Delhi,False
TX000632,EMP001,Aarav,2026-03-10,OfficeMart,Office,24464.0,Manager A,Operations,Card,Mumbai,False
TX000633,EMP005,Rohan,2026-04-28,TechSupply,Travel,23034.95,Manager A,Engineering,Card,Varanasi,False
TX000634,EMP001,Aarav,2026-02-02,CloudWorks,Software,11413.75,Manager A,Finance,Bank Transfer,Mumbai,False
TX000635,EMP001,Aarav,2026-04-07,OfficeMart,Travel,8588.06,Manager A,Finance,UPI,Delhi,False
TX000636,EMP001,Aarav,2026-05-14,OfficeMart,Software,22562.69,Manager B,Operations,UPI,Delhi,False
TX000637,EMP005,Rohan,2026-06-03,CloudWorks,Travel,17033.8,Manager B,Engineering,UPI,Varanasi,False
TX000638,EMP002,Meera,2026-03-17,TravelDesk,Software,246238.8463612001,Manager A,Operations,Bank Transfer,Mumbai,True
TX000639,EMP004,Ishita,2026-02-03,CloudWorks,Software,550107.407259496,Manager A,Operations,Bank Transfer,Delhi,True
TX000640,EMP002,Meera,2026-07-12,TravelDesk,Travel,18591.91,Manager A,Engineering,UPI,Bengaluru,False
TX000641,EMP004,Ishita,2026-08-28,EquipHub,Office,18772.73,Manager A,Engineering,UPI,Delhi,False
TX000642,EMP001,Aarav,2026-08-22,TechSupply,Equipment,15992.83,Manager A,Finance,Bank Transfer,Mumbai,False
TX000643,EMP004,Ishita,2026-03-21,EquipHub,Office,13727.26,Manager B,Finance,UPI,Bengaluru,False
TX000644,EMP001,Aarav,2026-07-23,OfficeMart,Office,28921.92,Manager A,Engineering,UPI,Bengaluru,False
TX000645,EMP002,Meera,2026-07-03,OfficeMart,Office,237043.2300445406,Manager A,Operations,UPI,Mumbai,True
TX000646,EMP004,Ishita,2026-02-14,CloudWorks,Software,15157.5,Manager A,Finance,Bank Transfer,Bengaluru,False
TX000647,EMP001,Aarav,2026-05-22,EquipHub,Software,24335.94,Manager A,Operations,Bank Transfer,Delhi,False
TX000648,EMP002,Meera,2026-08-21,OfficeMart,Travel,21338.63,Manager B,Finance,Bank Transfer,Delhi,False
TX000649,EMP005,Rohan,2026-07-13,TravelDesk,Software,18071.72,Manager B,Finance,Bank Transfer,Mumbai,False
TX000650,EMP002,Meera,2026-06-29,OfficeMart,Travel,27479.53,Manager A,Operations,Card,Varanasi,False
TX000651,EMP004,Ishita,2026-06-17,EquipHub,Equipment,358726.4666471595,Manager A,Engineering,UPI,Varanasi,True
TX000652,EMP003,Kabir,2026-08-12,EquipHub,Equipment,23514.48,Manager B,Operations,Card,Delhi,False
TX000653,EMP002,Meera,2026-04-25,TravelDesk,Travel,22211.92,Manager B,Finance,Bank Transfer,Varanasi,False
TX000654,EMP002,Meera,2026-01-25,OfficeMart,Equipment,14200.86,Manager B,Engineering,UPI,Delhi,False
TX000655,EMP002,Meera,2026-05-28,TravelDesk,Software,23898.99,Manager B,Engineering,UPI,Varanasi,False
TX000656,EMP004,Ishita,2026-03-01,TechSupply,Office,25445.07,Manager B,Engineering,UPI,Varanasi,False
TX000657,EMP001,Aarav,2026-05-12,EquipHub,Office,15662.47,Manager A,Finance,Bank Transfer,Delhi,False
TX000658,EMP003,Kabir,2026-08-19,CloudWorks,Travel,22907.0,Manager A,Operations,Bank Transfer,Mumbai,False
TX000659,EMP002,Meera,2026-02-16,TechSupply,Travel,14265.57,Manager A,Engineering,Bank Transfer,Bengaluru,False
TX000660,EMP002,Meera,2026-08-21,CloudWorks,Travel,12297.43,Manager A,Finance,Bank Transfer,Bengaluru,False
TX000661,EMP002,Meera,2026-05-16,EquipHub,Software,20867.93,Manager B,Finance,Card,Bengaluru,False
TX000662,EMP003,Kabir,2026-05-21,CloudWorks,Travel,21471.88,Manager A,Finance,Card,Delhi,False
TX000663,EMP004,Ishita,2026-02-11,TechSupply,Office,15505.76,Manager A,Finance,Bank Transfer,Varanasi,False
TX000664,EMP005,Rohan,2026-02-23,EquipHub,Travel,15928.52,Manager B,Engineering,UPI,Varanasi,False
TX000665,EMP001,Aarav,2026-06-16,TravelDesk,Software,170406.17984488214,Manager A,Operations,Card,Varanasi,True
TX000666,EMP003,Kabir,2026-01-08,OfficeMart,Equipment,9026.22,Manager A,Engineering,Card,Varanasi,False
TX000667,EMP002,Meera,2026-05-29,TechSupply,Travel,21876.57,Manager A,Engineering,UPI,Varanasi,False
TX000668,EMP005,Rohan,2026-08-24,TravelDesk,Software,22977.15,Manager B,Operations,Bank Transfer,Varanasi,False
TX000669,EMP005,Rohan,2026-06-04,TravelDesk,Equipment,23558.89,Manager B,Operations,UPI,Delhi,False
TX000670,EMP005,Rohan,2026-01-08,EquipHub,Software,20642.97,Manager B,Engineering,UPI,Delhi,False
TX000671,EMP002,Meera,2026-08-02,OfficeMart,Equipment,16903.06,Manager A,Operations,UPI,Bengaluru,False
TX000672,EMP005,Rohan,2026-03-20,TechSupply,Travel,9571.62,Manager B,Engineering,Bank Transfer,Varanasi,False
TX000673,EMP005,Rohan,2026-04-03,TravelDesk,Equipment,27773.7,Manager B,Engineering,UPI,Varanasi,False
TX000674,EMP002,Meera,2026-08-21,TechSupply,Travel,230695.37416407393,Manager B,Finance,Card,Varanasi,True
TX000675,EMP001,Aarav,2026-05-14,TechSupply,Office,19845.44,Manager B,Engineering,Bank Transfer,Varanasi,False
TX000676,EMP001,Aarav,2026-07-05,OfficeMart,Equipment,514268.9502148496,Manager B,Finance,UPI,Bengaluru,True
TX000677,EMP002,Meera,2026-04-22,OfficeMart,Travel,21660.11,Manager B,Finance,Bank Transfer,Varanasi,False
TX000678,EMP002,Meera,2026-04-18,OfficeMart,Software,24970.94,Manager B,Engineering,Bank Transfer,Varanasi,False
TX000679,EMP001,Aarav,2026-03-13,OfficeMart,Travel,23370.28,Manager A,Engineering,Card,Bengaluru,False
TX000680,EMP002,Meera,2026-08-16,CloudWorks,Software,24545.75,Manager B,Operations,Bank Transfer,Delhi,False
TX000681,EMP004,Ishita,2026-04-08,TechSupply,Software,13284.58,Manager A,Operations,Bank Transfer,Varanasi,False
TX000682,EMP004,Ishita,2026-04-29,OfficeMart,Office,338319.8947914686,Manager A,Operations,Bank Transfer,Delhi,True
TX000683,EMP002,Meera,2026-08-23,TechSupply,Software,28797.1,Manager A,Finance,Card,Delhi,False
TX000684,EMP003,Kabir,2026-01-17,TechSupply,Software,17386.12,Manager B,Engineering,UPI,Bengaluru,False
TX000685,EMP003,Kabir,2026-02-20,TechSupply,Office,16435.96,Manager A,Finance,UPI,Mumbai,False
TX000686,EMP002,Meera,2026-02-15,OfficeMart,Equipment,11259.61,Manager A,Finance,Bank Transfer,Mumbai,False
TX000687,EMP001,Aarav,2026-04-23,EquipHub,Equipment,16209.0,Manager A,Finance,UPI,Bengaluru,False
TX000688,EMP003,Kabir,2026-03-31,TravelDesk,Office,17502.51,Manager A,Engineering,Bank Transfer,Varanasi,False
TX000689,EMP001,Aarav,2026-07-02,TechSupply,Travel,23726.04,Manager B,Operations,UPI,Varanasi,False
TX000690,EMP003,Kabir,2026-03-27,EquipHub,Software,15709.22,Manager B,Finance,UPI,Delhi,False
TX000691,EMP001,Aarav,2026-07-21,TechSupply,Office,265291.9185381765,Manager A,Engineering,Bank Transfer,Bengaluru,True
TX000692,EMP001,Aarav,2026-02-14,TravelDesk,Equipment,22857.39,Manager A,Engineering,UPI,Varanasi,False
TX000693,EMP003,Kabir,2026-07-29,OfficeMart,Equipment,22041.67,Manager B,Engineering,UPI,Bengaluru,False
TX000694,EMP001,Aarav,2026-06-25,EquipHub,Software,15461.32,Manager A,Engineering,Bank Transfer,Delhi,False
TX000695,EMP005,Rohan,2026-04-27,TechSupply,Travel,26522.94,Manager B,Engineering,Card,Varanasi,False
TX000696,EMP001,Aarav,2026-01-03,OfficeMart,Software,13189.17,Manager A,Engineering,Bank Transfer,Delhi,False
TX000697,EMP002,Meera,2026-06-18,EquipHub,Software,17252.13,Manager B,Operations,Card,Delhi,False
TX000698,EMP001,Aarav,2026-07-20,TravelDesk,Travel,18984.27,Manager A,Engineering,Card,Bengaluru,False
TX000699,EMP002,Meera,2026-08-19,TravelDesk,Office,8124.68,Manager B,Operations,Card,Mumbai,False
TX000700,EMP005,Rohan,2026-03-08,TechSupply,Travel,18834.19,Manager B,Finance,UPI,Mumbai,False
TX000701,EMP001,Aarav,2026-03-01,CloudWorks,Software,17597.45,Manager B,Engineering,Card,Varanasi,False
TX000702,EMP003,Kabir,2026-02-14,OfficeMart,Travel,467759.82764088473,Manager A,Engineering,UPI,Mumbai,True
TX000703,EMP003,Kabir,2026-03-03,TechSupply,Travel,25930.09,Manager B,Operations,Bank Transfer,Delhi,False
TX000704,EMP005,Rohan,2026-01-27,TechSupply,Equipment,11000.37,Manager A,Operations,UPI,Delhi,False
TX000705,EMP001,Aarav,2026-04-12,EquipHub,Office,16342.37,Manager A,Engineering,UPI,Delhi,False
TX000706,EMP002,Meera,2026-08-14,TechSupply,Equipment,325119.00456809567,Manager B,Operations,UPI,Delhi,True
TX000707,EMP005,Rohan,2026-05-10,CloudWorks,Software,15152.26,Manager A,Finance,UPI,Varanasi,False
TX000708,EMP004,Ishita,2026-05-28,EquipHub,Software,23509.0,Manager A,Engineering,Bank Transfer,Mumbai,False
TX000709,EMP003,Kabir,2026-05-31,CloudWorks,Travel,442526.2103677585,Manager A,Operations,Card,Bengaluru,True
TX000710,EMP003,Kabir,2026-01-02,TravelDesk,Travel,22973.96,Manager A,Operations,Bank Transfer,Bengaluru,False
TX000711,EMP005,Rohan,2026-02-16,OfficeMart,Equipment,41126.89,Manager A,Finance,Bank Transfer,Mumbai,False
TX000712,EMP002,Meera,2026-02-11,TechSupply,Equipment,17883.98,Manager B,Finance,UPI,Bengaluru,False
TX000713,EMP001,Aarav,2026-02-17,TechSupply,Travel,22677.16,Manager A,Operations,UPI,Delhi,False
TX000714,EMP001,Aarav,2026-03-05,CloudWorks,Equipment,100.0,Manager B,Engineering,Bank Transfer,Bengaluru,False
TX000715,EMP003,Kabir,2026-08-24,CloudWorks,Travel,18348.0,Manager B,Operations,Bank Transfer,Mumbai,False
TX000716,EMP004,Ishita,2026-04-27,OfficeMart,Software,27417.91,Manager B,Engineering,Bank Transfer,Mumbai,False
TX000717,EMP004,Ishita,2026-02-18,TravelDesk,Office,22821.46,Manager A,Finance,UPI,Bengaluru,False
TX000718,EMP001,Aarav,2026-07-22,OfficeMart,Travel,14304.67,Manager B,Operations,Bank Transfer,Varanasi,False
TX000719,EMP003,Kabir,2026-01-28,CloudWorks,Travel,22226.01,Manager A,Operations,Bank Transfer,Delhi,False
TX000720,EMP001,Aarav,2026-04-18,EquipHub,Travel,14358.08,Manager B,Operations,Card,Delhi,False
TX000721,EMP005,Rohan,2026-07-23,CloudWorks,Software,16273.39,Manager B,Finance,Bank Transfer,Varanasi,False
TX000722,EMP005,Rohan,2026-03-14,TravelDesk,Office,28817.78,Manager A,Engineering,UPI,Mumbai,False
TX000723,EMP005,Rohan,2026-01-05,OfficeMart,Travel,14343.12,Manager A,Finance,Card,Delhi,False
TX000724,EMP003,Kabir,2026-02-23,TravelDesk,Office,31004.62,Manager A,Operations,Card,Mumbai,False
TX000725,EMP004,Ishita,2026-08-09,EquipHub,Travel,19334.86,Manager A,Finance,Card,Delhi,False
TX000726,EMP004,Ishita,2026-02-11,EquipHub,Office,12996.99,Manager A,Operations,Card,Mumbai,False
TX000727,EMP002,Meera,2026-06-27,OfficeMart,Travel,18257.48,Manager B,Engineering,UPI,Delhi,False
TX000728,EMP001,Aarav,2026-05-23,EquipHub,Equipment,29217.84,Manager A,Operations,Card,Varanasi,False
TX000729,EMP001,Aarav,2026-03-02,EquipHub,Equipment,16726.62,Manager A,Operations,Bank Transfer,Bengaluru,False
TX000730,EMP004,Ishita,2026-06-17,CloudWorks,Equipment,32756.85,Manager A,Finance,UPI,Bengaluru,False
TX000731,EMP002,Meera,2026-04-25,EquipHub,Travel,31334.55,Manager B,Engineering,UPI,Mumbai,False
TX000732,EMP002,Meera,2026-02-14,TechSupply,Software,24469.64,Manager B,Finance,UPI,Mumbai,False
TX000733,EMP001,Aarav,2026-06-01,TechSupply,Office,20596.51,Manager B,Engineering,Card,Varanasi,False
TX000734,EMP001,Aarav,2026-03-23,TechSupply,Travel,13176.33,Manager A,Operations,Card,Mumbai,False
TX000735,EMP001,Aarav,2026-05-25,OfficeMart,Travel,16189.22,Manager B,Operations,Card,Delhi,False
TX000736,EMP001,Aarav,2026-06-29,TechSupply,Office,29105.9,Manager B,Operations,Bank Transfer,Delhi,False
TX000737,EMP003,Kabir,2026-08-23,EquipHub,Equipment,13931.3,Manager A,Operations,Bank Transfer,Mumbai,False
TX000738,EMP002,Meera,2026-03-09,TechSupply,Office,10574.12,Manager B,Engineering,Bank Transfer,Varanasi,False
TX000739,EMP002,Meera,2026-03-02,OfficeMart,Software,23065.88,Manager B,Engineering,Bank Transfer,Mumbai,False
TX000740,EMP002,Meera,2026-05-05,TechSupply,Software,7830.12,Manager B,Engineering,Bank Transfer,Delhi,False
TX000741,EMP001,Aarav,2026-05-01,CloudWorks,Software,22087.82,Manager A,Finance,Card,Mumbai,False
TX000742,EMP003,Kabir,2026-01-31,OfficeMart,Software,26960.0,Manager B,Finance,Card,Bengaluru,False
TX000743,EMP002,Meera,2026-05-20,CloudWorks,Office,20920.67,Manager A,Finance,Bank Transfer,Bengaluru,False
TX000744,EMP001,Aarav,2026-03-03,TechSupply,Travel,21252.77,Manager B,Finance,UPI,Mumbai,False
TX000745,EMP002,Meera,2026-08-23,TravelDesk,Travel,18444.13,Manager B,Operations,Bank Transfer,Mumbai,False
TX000746,EMP001,Aarav,2026-02-17,TravelDesk,Travel,15015.61,Manager B,Engineering,UPI,Delhi,False
TX000747,EMP004,Ishita,2026-01-31,TravelDesk,Software,21460.99,Manager B,Operations,UPI,Bengaluru,False
TX000748,EMP005,Rohan,2026-03-05,EquipHub,Office,15715.03,Manager B,Operations,Bank Transfer,Bengaluru,False
TX000749,EMP004,Ishita,2026-07-05,CloudWorks,Office,336324.3425122379,Manager B,Engineering,UPI,Mumbai,True
TX000750,EMP004,Ishita,2026-05-28,EquipHub,Office,15054.23,Manager A,Operations,Card,Delhi,False
TX000751,EMP005,Rohan,2026-04-05,TechSupply,Software,23044.33,Manager A,Finance,UPI,Bengaluru,False
TX000752,EMP001,Aarav,2026-08-28,TechSupply,Equipment,24014.46,Manager B,Operations,UPI,Delhi,False
TX000753,EMP003,Kabir,2026-06-09,OfficeMart,Office,21112.29,Manager A,Engineering,UPI,Bengaluru,False
TX000754,EMP005,Rohan,2026-07-25,TechSupply,Travel,20493.0,Manager B,Finance,Bank Transfer,Varanasi,False
TX000755,EMP001,Aarav,2026-05-08,OfficeMart,Software,22388.02,Manager A,Operations,Card,Delhi,False
TX000756,EMP001,Aarav,2026-02-10,TechSupply,Equipment,15930.89,Manager A,Operations,Bank Transfer,Bengaluru,False
TX000757,EMP003,Kabir,2026-02-13,TravelDesk,Software,16821.92,Manager A,Engineering,Bank Transfer,Delhi,False
TX000758,EMP005,Rohan,2026-05-02,TechSupply,Office,25924.59,Manager A,Operations,Card,Varanasi,False
TX000759,EMP004,Ishita,2026-01-09,CloudWorks,Travel,13280.58,Manager A,Operations,UPI,Mumbai,False
TX000760,EMP001,Aarav,2026-05-24,EquipHub,Software,18491.9,Manager B,Finance,Card,Varanasi,False
TX000761,EMP001,Aarav,2026-06-17,TravelDesk,Office,21585.9,Manager B,Finance,Bank Transfer,Mumbai,False
TX000762,EMP003,Kabir,2026-03-04,EquipHub,Equipment,176694.62090198032,Manager A,Engineering,Card,Delhi,True
TX000763,EMP005,Rohan,2026-03-17,OfficeMart,Equipment,16457.51,Manager B,Engineering,Bank Transfer,Mumbai,False
TX000764,EMP003,Kabir,2026-05-07,TechSupply,Office,16646.48,Manager A,Operations,UPI,Bengaluru,False
TX000765,EMP004,Ishita,2026-05-06,TechSupply,Travel,330952.6899277878,Manager B,Engineering,Card,Varanasi,True
TX000766,EMP002,Meera,2026-02-10,OfficeMart,Travel,17307.99,Manager B,Operations,Card,Varanasi,False
TX000767,EMP005,Rohan,2026-08-22,TechSupply,Equipment,16738.47,Manager A,Engineering,Bank Transfer,Bengaluru,False
TX000768,EMP005,Rohan,2026-02-03,OfficeMart,Office,10409.64,Manager B,Operations,Bank Transfer,Bengaluru,False
TX000769,EMP005,Rohan,2026-04-20,OfficeMart,Equipment,190129.6637709536,Manager B,Operations,Bank Transfer,Delhi,True
TX000770,EMP005,Rohan,2026-03-02,TravelDesk,Equipment,22919.0,Manager A,Engineering,UPI,Delhi,False
TX000771,EMP001,Aarav,2026-05-17,OfficeMart,Software,19890.66,Manager A,Engineering,UPI,Bengaluru,False
TX000772,EMP005,Rohan,2026-03-19,EquipHub,Travel,24767.67,Manager A,Finance,UPI,Mumbai,False
TX000773,EMP003,Kabir,2026-05-11,TravelDesk,Office,27883.64,Manager A,Engineering,Card,Delhi,False
TX000774,EMP004,Ishita,2026-08-20,CloudWorks,Software,23954.31,Manager A,Finance,UPI,Delhi,False
TX000775,EMP001,Aarav,2026-02-24,EquipHub,Software,26789.36,Manager A,Engineering,UPI,Bengaluru,False
TX000776,EMP005,Rohan,2026-07-27,OfficeMart,Office,23735.55,Manager A,Finance,Card,Bengaluru,False
TX000777,EMP001,Aarav,2026-05-24,TechSupply,Travel,11614.09,Manager A,Operations,Bank Transfer,Delhi,False
TX000778,EMP005,Rohan,2026-06-14,TechSupply,Equipment,33771.21,Manager B,Operations,Bank Transfer,Varanasi,False
TX000779,EMP004,Ishita,2026-01-29,EquipHub,Equipment,23508.2,Manager A,Engineering,UPI,Mumbai,False
TX000780,EMP003,Kabir,2026-05-20,EquipHub,Office,23332.69,Manager B,Engineering,Bank Transfer,Delhi,False
TX000781,EMP001,Aarav,2026-07-20,OfficeMart,Equipment,20380.86,Manager A,Finance,UPI,Mumbai,False
TX000782,EMP004,Ishita,2026-06-11,CloudWorks,Travel,16545.5,Manager B,Engineering,Card,Mumbai,False
TX000783,EMP003,Kabir,2026-08-23,OfficeMart,Office,22686.06,Manager B,Finance,Bank Transfer,Mumbai,False
TX000784,EMP003,Kabir,2026-01-21,TravelDesk,Office,24539.8,Manager B,Engineering,UPI,Delhi,False
TX000785,EMP003,Kabir,2026-06-24,EquipHub,Office,18060.34,Manager A,Operations,Card,Varanasi,False
TX000786,EMP003,Kabir,2026-08-19,TravelDesk,Software,17234.33,Manager A,Operations,UPI,Bengaluru,False
TX000787,EMP004,Ishita,2026-03-31,TechSupply,Office,25883.16,Manager A,Operations,UPI,Varanasi,False
TX000788,EMP001,Aarav,2026-05-12,OfficeMart,Travel,14760.22,Manager B,Engineering,Card,Bengaluru,False
TX000789,EMP001,Aarav,2026-03-14,CloudWorks,Software,15764.84,Manager B,Operations,Card,Mumbai,False
TX000790,EMP005,Rohan,2026-05-16,TravelDesk,Office,100.0,Manager A,Finance,UPI,Bengaluru,False
TX000791,EMP003,Kabir,2026-06-30,OfficeMart,Software,22041.5,Manager B,Engineering,Bank Transfer,Delhi,False
TX000792,EMP001,Aarav,2026-06-22,TechSupply,Equipment,17772.73,Manager B,Engineering,UPI,Delhi,False
TX000793,EMP002,Meera,2026-07-15,EquipHub,Office,120443.7813432954,Manager A,Operations,Bank Transfer,Delhi,True
TX000794,EMP005,Rohan,2026-05-12,EquipHub,Software,29741.04,Manager A,Operations,Card,Bengaluru,False
TX000795,EMP004,Ishita,2026-06-21,TechSupply,Office,11813.0,Manager A,Finance,Bank Transfer,Mumbai,False
TX000796,EMP002,Meera,2026-07-13,OfficeMart,Office,20524.66,Manager B,Operations,UPI,Bengaluru,False
TX000797,EMP005,Rohan,2026-05-17,OfficeMart,Software,29222.11,Manager B,Operations,Card,Delhi,False
TX000798,EMP001,Aarav,2026-03-25,TechSupply,Travel,12137.57,Manager B,Finance,Card,Delhi,False
TX000799,EMP005,Rohan,2026-08-02,TechSupply,Software,29572.03,Manager A,Engineering,Card,Bengaluru,False
TX000800,EMP003,Kabir,2026-03-28,TechSupply,Travel,16811.94,Manager B,Finance,Card,Mumbai,False
TX000801,EMP004,Ishita,2026-07-13,TravelDesk,Equipment,16202.61,Manager B,Engineering,UPI,Delhi,False
TX000802,EMP002,Meera,2026-07-26,EquipHub,Software,27822.94,Manager A,Finance,Bank Transfer,Bengaluru,False
TX000803,EMP002,Meera,2026-03-29,EquipHub,Travel,181338.855592115,Manager A,Operations,Card,Delhi,True
TX000804,EMP002,Meera,2026-01-28,CloudWorks,Office,14971.97,Manager A,Finance,UPI,Delhi,False
TX000805,EMP001,Aarav,2026-07-04,TechSupply,Software,14993.36,Manager B,Engineering,UPI,Mumbai,False
TX000806,EMP005,Rohan,2026-08-12,EquipHub,Equipment,26099.48,Manager B,Engineering,UPI,Bengaluru,False
TX000807,EMP004,Ishita,2026-02-26,TravelDesk,Travel,12392.33,Manager B,Engineering,Card,Delhi,False
TX000808,EMP004,Ishita,2026-02-05,OfficeMart,Equipment,30707.16,Manager A,Operations,UPI,Mumbai,False
TX000809,EMP002,Meera,2026-07-06,TechSupply,Travel,113841.5479007185,Manager A,Finance,UPI,Mumbai,True
TX000810,EMP002,Meera,2026-04-08,CloudWorks,Travel,20956.19,Manager A,Finance,Bank Transfer,Bengaluru,False
TX000811,EMP004,Ishita,2026-03-21,TechSupply,Travel,30820.27,Manager B,Finance,Card,Delhi,False
TX000812,EMP005,Rohan,2026-04-02,CloudWorks,Equipment,19496.42,Manager A,Engineering,Bank Transfer,Delhi,False
TX000813,EMP001,Aarav,2026-02-18,OfficeMart,Travel,21723.45,Manager A,Finance,Bank Transfer,Varanasi,False
TX000814,EMP001,Aarav,2026-02-26,TechSupply,Travel,9760.76,Manager B,Operations,Card,Mumbai,False
TX000815,EMP001,Aarav,2026-05-11,TravelDesk,Software,22036.0,Manager A,Finance,Card,Delhi,False
TX000816,EMP005,Rohan,2026-07-27,EquipHub,Software,198152.24691195687,Manager B,Finance,UPI,Delhi,True
TX000817,EMP004,Ishita,2026-05-23,TravelDesk,Equipment,12682.57,Manager A,Operations,Bank Transfer,Bengaluru,False
TX000818,EMP005,Rohan,2026-02-16,OfficeMart,Equipment,23033.38,Manager B,Operations,UPI,Mumbai,False
TX000819,EMP002,Meera,2026-06-20,OfficeMart,Office,10043.58,Manager B,Engineering,Bank Transfer,Mumbai,False
TX000820,EMP003,Kabir,2026-07-29,CloudWorks,Software,18648.27,Manager B,Operations,UPI,Bengaluru,False
TX000821,EMP002,Meera,2026-05-04,TravelDesk,Travel,18693.45,Manager A,Operations,Bank Transfer,Varanasi,False
TX000822,EMP005,Rohan,2026-06-21,OfficeMart,Equipment,23023.39,Manager B,Engineering,Card,Varanasi,False
TX000823,EMP002,Meera,2026-03-01,OfficeMart,Equipment,317821.3078277068,Manager B,Finance,Card,Varanasi,True
TX000824,EMP004,Ishita,2026-01-14,EquipHub,Office,10319.81,Manager A,Engineering,Card,Mumbai,False
TX000825,EMP004,Ishita,2026-02-03,TechSupply,Travel,10855.37,Manager B,Engineering,UPI,Delhi,False
TX000826,EMP005,Rohan,2026-08-18,OfficeMart,Software,15319.09,Manager B,Engineering,Bank Transfer,Bengaluru,False
TX000827,EMP005,Rohan,2026-01-07,OfficeMart,Travel,18004.96,Manager B,Engineering,Bank Transfer,Delhi,False
TX000828,EMP002,Meera,2026-05-06,TechSupply,Travel,10781.44,Manager B,Engineering,Card,Delhi,False
TX000829,EMP003,Kabir,2026-08-20,CloudWorks,Office,4950.71,Manager A,Engineering,Card,Varanasi,False
TX000830,EMP002,Meera,2026-04-14,TechSupply,Equipment,18856.85,Manager B,Finance,Card,Bengaluru,False
TX000831,EMP002,Meera,2026-04-09,EquipHub,Travel,14272.4,Manager B,Operations,Card,Varanasi,False
TX000832,EMP001,Aarav,2026-04-14,CloudWorks,Software,22688.12,Manager B,Finance,Card,Delhi,False
TX000833,EMP001,Aarav,2026-06-20,EquipHub,Travel,21958.82,Manager B,Operations,Card,Varanasi,False
TX000834,EMP003,Kabir,2026-01-14,CloudWorks,Software,14012.96,Manager A,Operations,Bank Transfer,Varanasi,False
TX000835,EMP001,Aarav,2026-05-14,OfficeMart,Travel,206013.4753894509,Manager A,Finance,Card,Bengaluru,True
TX000836,EMP001,Aarav,2026-03-16,OfficeMart,Office,16744.12,Manager A,Engineering,Bank Transfer,Varanasi,False
TX000837,EMP002,Meera,2026-02-13,TechSupply,Equipment,31867.46,Manager A,Engineering,UPI,Mumbai,False
TX000838,EMP003,Kabir,2026-07-14,OfficeMart,Software,6051.99,Manager B,Operations,Card,Delhi,False
TX000839,EMP005,Rohan,2026-01-16,TechSupply,Travel,14101.88,Manager A,Finance,UPI,Mumbai,False
TX000840,EMP002,Meera,2026-02-03,TravelDesk,Equipment,21088.07,Manager A,Engineering,UPI,Varanasi,False
TX000841,EMP002,Meera,2026-04-28,TechSupply,Software,6269.54,Manager B,Engineering,Bank Transfer,Bengaluru,False
TX000842,EMP002,Meera,2026-02-09,OfficeMart,Office,450462.0008992083,Manager B,Operations,UPI,Delhi,True
TX000843,EMP005,Rohan,2026-02-13,TechSupply,Office,32786.63,Manager B,Finance,Card,Varanasi,False
TX000844,EMP002,Meera,2026-06-16,EquipHub,Equipment,14292.71,Manager A,Operations,UPI,Delhi,False
TX000845,EMP003,Kabir,2026-03-13,TechSupply,Software,31307.57,Manager B,Engineering,Bank Transfer,Bengaluru,False
TX000846,EMP003,Kabir,2026-07-07,CloudWorks,Equipment,17266.0,Manager A,Engineering,Bank Transfer,Varanasi,False
TX000847,EMP005,Rohan,2026-02-02,TravelDesk,Travel,13436.11,Manager A,Finance,Bank Transfer,Bengaluru,False
TX000848,EMP002,Meera,2026-04-15,TravelDesk,Software,10460.48,Manager A,Engineering,Bank Transfer,Bengaluru,False
TX000849,EMP001,Aarav,2026-01-27,CloudWorks,Equipment,14801.26,Manager A,Operations,UPI,Varanasi,False
TX000850,EMP004,Ishita,2026-08-24,TravelDesk,Software,25012.28,Manager B,Engineering,Card,Mumbai,False
TX000851,EMP003,Kabir,2026-05-24,OfficeMart,Office,494307.1066952281,Manager A,Operations,Bank Transfer,Bengaluru,True
TX000852,EMP003,Kabir,2026-06-17,OfficeMart,Office,372877.6544898718,Manager A,Operations,Bank Transfer,Bengaluru,True
TX000853,EMP005,Rohan,2026-03-25,EquipHub,Travel,22546.8,Manager B,Engineering,Bank Transfer,Varanasi,False
TX000854,EMP001,Aarav,2026-06-24,OfficeMart,Office,27781.35,Manager B,Operations,Card,Delhi,False
TX000855,EMP002,Meera,2026-04-30,EquipHub,Software,15358.28,Manager B,Finance,Card,Mumbai,False
TX000856,EMP003,Kabir,2026-02-09,TravelDesk,Equipment,25214.32,Manager B,Operations,UPI,Varanasi,False
TX000857,EMP001,Aarav,2026-06-01,TechSupply,Office,251978.37451486272,Manager B,Finance,Card,Bengaluru,True
TX000858,EMP004,Ishita,2026-08-25,TechSupply,Travel,19780.27,Manager B,Engineering,UPI,Mumbai,False
TX000859,EMP003,Kabir,2026-04-28,EquipHub,Software,28895.05,Manager B,Operations,Bank Transfer,Mumbai,False
TX000860,EMP002,Meera,2026-01-22,EquipHub,Software,13225.77,Manager A,Engineering,UPI,Bengaluru,False
TX000861,EMP004,Ishita,2026-07-18,CloudWorks,Software,29765.12,Manager A,Finance,UPI,Mumbai,False
TX000862,EMP001,Aarav,2026-07-18,TechSupply,Software,20172.56,Manager B,Engineering,Bank Transfer,Delhi,False
TX000863,EMP003,Kabir,2026-07-20,OfficeMart,Travel,20603.55,Manager B,Operations,Card,Bengaluru,False
TX000864,EMP004,Ishita,2026-01-03,EquipHub,Office,14779.57,Manager A,Engineering,Card,Mumbai,False
TX000865,EMP005,Rohan,2026-02-27,EquipHub,Office,20001.39,Manager B,Operations,UPI,Bengaluru,False
TX000866,EMP005,Rohan,2026-01-19,EquipHub,Travel,20181.1,Manager A,Engineering,Card,Delhi,False
TX000867,EMP002,Meera,2026-02-02,OfficeMart,Software,15100.01,Manager A,Engineering,Bank Transfer,Bengaluru,False
TX000868,EMP005,Rohan,2026-04-16,OfficeMart,Office,24274.44,Manager B,Engineering,Bank Transfer,Varanasi,False
TX000869,EMP005,Rohan,2026-06-30,OfficeMart,Software,18310.7,Manager B,Finance,Bank Transfer,Delhi,False
TX000870,EMP003,Kabir,2026-02-12,EquipHub,Software,23628.72,Manager A,Operations,Bank Transfer,Mumbai,False
TX000871,EMP001,Aarav,2026-08-12,CloudWorks,Travel,24941.28,Manager A,Operations,Card,Delhi,False
TX000872,EMP004,Ishita,2026-01-10,TravelDesk,Travel,16238.7,Manager B,Finance,Bank Transfer,Mumbai,False
TX000873,EMP004,Ishita,2026-07-10,TechSupply,Equipment,20952.36,Manager B,Finance,UPI,Varanasi,False
TX000874,EMP003,Kabir,2026-04-24,TravelDesk,Software,16462.03,Manager A,Engineering,UPI,Bengaluru,False
TX000875,EMP003,Kabir,2026-06-20,TravelDesk,Equipment,18611.19,Manager B,Operations,Bank Transfer,Mumbai,False
TX000876,EMP002,Meera,2026-02-24,EquipHub,Travel,14800.89,Manager B,Operations,Card,Mumbai,False
TX000877,EMP004,Ishita,2026-08-26,OfficeMart,Equipment,16060.83,Manager A,Operations,Bank Transfer,Mumbai,False
TX000878,EMP005,Rohan,2026-04-10,TravelDesk,Office,33817.82,Manager A,Engineering,Bank Transfer,Varanasi,False
TX000879,EMP003,Kabir,2026-05-30,TechSupply,Office,23882.73,Manager A,Operations,Card,Mumbai,False
TX000880,EMP005,Rohan,2026-07-28,OfficeMart,Office,18550.69,Manager B,Operations,UPI,Delhi,False
TX000881,EMP002,Meera,2026-01-14,CloudWorks,Equipment,18790.11,Manager B,Operations,UPI,Delhi,False
TX000882,EMP003,Kabir,2026-04-05,EquipHub,Equipment,16450.62,Manager A,Finance,UPI,Bengaluru,False
TX000883,EMP002,Meera,2026-06-16,TravelDesk,Software,20116.84,Manager B,Operations,Bank Transfer,Bengaluru,False
TX000884,EMP002,Meera,2026-08-22,TravelDesk,Office,10900.34,Manager A,Operations,Card,Delhi,False
TX000885,EMP003,Kabir,2026-03-24,CloudWorks,Software,21067.76,Manager A,Operations,Bank Transfer,Varanasi,False
TX000886,EMP002,Meera,2026-03-16,OfficeMart,Equipment,20092.54,Manager B,Operations,UPI,Delhi,False
TX000887,EMP005,Rohan,2026-02-22,CloudWorks,Office,15339.1,Manager A,Engineering,Bank Transfer,Mumbai,False
TX000888,EMP002,Meera,2026-06-30,OfficeMart,Equipment,25073.25,Manager B,Operations,UPI,Delhi,False
TX000889,EMP003,Kabir,2026-04-12,TravelDesk,Equipment,19242.0,Manager B,Engineering,Card,Bengaluru,False
TX000890,EMP005,Rohan,2026-01-14,OfficeMart,Software,15285.59,Manager A,Engineering,Bank Transfer,Varanasi,False
TX000891,EMP001,Aarav,2026-01-13,OfficeMart,Travel,19000.7,Manager B,Engineering,UPI,Bengaluru,False
TX000892,EMP003,Kabir,2026-06-25,TravelDesk,Equipment,20425.97,Manager A,Finance,UPI,Delhi,False
TX000893,EMP004,Ishita,2026-01-27,TravelDesk,Software,13075.41,Manager B,Operations,Bank Transfer,Delhi,False
TX000894,EMP004,Ishita,2026-06-21,TravelDesk,Office,22415.01,Manager B,Finance,Card,Bengaluru,False
TX000895,EMP001,Aarav,2026-04-11,OfficeMart,Software,25919.1,Manager B,Operations,UPI,Delhi,False
TX000896,EMP005,Rohan,2026-06-22,OfficeMart,Office,24768.4,Manager B,Finance,Bank Transfer,Delhi,False
TX000897,EMP005,Rohan,2026-03-14,TechSupply,Equipment,16619.15,Manager A,Operations,UPI,Mumbai,False
TX000898,EMP001,Aarav,2026-08-26,CloudWorks,Software,24344.02,Manager A,Operations,UPI,Mumbai,False
TX000899,EMP001,Aarav,2026-08-22,CloudWorks,Equipment,272811.46079379943,Manager B,Engineering,Card,Delhi,True
TX000900,EMP001,Aarav,2026-06-11,TravelDesk,Equipment,24153.55,Manager B,Operations,UPI,Delhi,False
TX000901,EMP004,Ishita,2026-07-16,OfficeMart,Travel,24821.68,Manager A,Finance,Bank Transfer,Bengaluru,False
TX000902,EMP005,Rohan,2026-05-31,OfficeMart,Travel,15504.47,Manager B,Finance,UPI,Bengaluru,False
TX000903,EMP002,Meera,2026-05-22,CloudWorks,Software,18812.45,Manager B,Operations,UPI,Delhi,False
TX000904,EMP002,Meera,2026-05-03,CloudWorks,Office,22190.95,Manager A,Finance,UPI,Bengaluru,False
TX000905,EMP003,Kabir,2026-01-08,TravelDesk,Software,30335.08,Manager A,Operations,Card,Mumbai,False
TX000906,EMP005,Rohan,2026-08-25,OfficeMart,Travel,17774.07,Manager A,Engineering,Bank Transfer,Mumbai,False
TX000907,EMP001,Aarav,2026-07-18,CloudWorks,Office,24449.55,Manager B,Operations,UPI,Varanasi,False
TX000908,EMP005,Rohan,2026-03-10,CloudWorks,Equipment,26852.2,Manager A,Finance,Bank Transfer,Bengaluru,False
TX000909,EMP005,Rohan,2026-07-04,EquipHub,Travel,19845.14,Manager A,Engineering,UPI,Bengaluru,False
TX000910,EMP001,Aarav,2026-06-08,CloudWorks,Software,14459.12,Manager A,Finance,Card,Varanasi,False
TX000911,EMP005,Rohan,2026-03-09,EquipHub,Travel,20292.8,Manager A,Engineering,Card,Varanasi,False
TX000912,EMP001,Aarav,2026-02-09,OfficeMart,Travel,20359.19,Manager A,Operations,UPI,Bengaluru,False
TX000913,EMP003,Kabir,2026-02-07,EquipHub,Equipment,23186.05,Manager B,Operations,Card,Delhi,False
TX000914,EMP005,Rohan,2026-03-05,CloudWorks,Equipment,15237.3,Manager B,Finance,Card,Delhi,False
TX000915,EMP005,Rohan,2026-06-25,EquipHub,Office,19038.9,Manager A,Finance,Card,Mumbai,False
TX000916,EMP003,Kabir,2026-07-23,OfficeMart,Office,30215.28,Manager B,Engineering,Bank Transfer,Delhi,False
TX000917,EMP001,Aarav,2026-08-06,TechSupply,Travel,25509.01,Manager B,Engineering,Bank Transfer,Varanasi,False
TX000918,EMP001,Aarav,2026-07-20,EquipHub,Software,17929.61,Manager A,Engineering,Card,Varanasi,False
TX000919,EMP002,Meera,2026-04-05,OfficeMart,Travel,12549.05,Manager B,Engineering,Bank Transfer,Mumbai,False
TX000920,EMP003,Kabir,2026-04-11,TravelDesk,Office,20456.11,Manager B,Engineering,UPI,Bengaluru,False
TX000921,EMP001,Aarav,2026-05-06,EquipHub,Software,21642.19,Manager B,Engineering,Bank Transfer,Bengaluru,False
TX000922,EMP005,Rohan,2026-05-09,CloudWorks,Office,17379.48,Manager B,Finance,UPI,Delhi,False
TX000923,EMP005,Rohan,2026-01-02,OfficeMart,Equipment,25397.12,Manager A,Engineering,Card,Mumbai,False
TX000924,EMP005,Rohan,2026-07-19,CloudWorks,Office,23130.15,Manager B,Engineering,UPI,Varanasi,False
TX000925,EMP004,Ishita,2026-04-09,CloudWorks,Travel,19764.23,Manager A,Operations,Card,Varanasi,False
TX000926,EMP005,Rohan,2026-05-17,TravelDesk,Office,16116.99,Manager A,Engineering,Bank Transfer,Bengaluru,False
TX000927,EMP004,Ishita,2026-05-22,EquipHub,Software,228871.89752798012,Manager B,Operations,Card,Mumbai,True
TX000928,EMP001,Aarav,2026-08-13,TravelDesk,Equipment,21831.19,Manager A,Engineering,Card,Varanasi,False
TX000929,EMP003,Kabir,2026-07-09,CloudWorks,Software,18160.18,Manager B,Engineering,Bank Transfer,Bengaluru,False
TX000930,EMP004,Ishita,2026-08-24,OfficeMart,Equipment,15745.6,Manager B,Engineering,Card,Varanasi,False
TX000931,EMP001,Aarav,2026-06-19,TechSupply,Equipment,25949.4,Manager A,Operations,Bank Transfer,Varanasi,False
TX000932,EMP002,Meera,2026-06-01,TechSupply,Office,23207.75,Manager A,Operations,Bank Transfer,Mumbai,False
TX000933,EMP002,Meera,2026-05-01,OfficeMart,Software,18083.04,Manager B,Engineering,Card,Mumbai,False
TX000934,EMP002,Meera,2026-02-17,OfficeMart,Software,17052.55,Manager B,Finance,UPI,Delhi,False
TX000935,EMP004,Ishita,2026-07-20,TravelDesk,Software,25275.99,Manager A,Engineering,Bank Transfer,Varanasi,False
TX000936,EMP001,Aarav,2026-07-19,EquipHub,Office,162553.31936561302,Manager B,Finance,Bank Transfer,Bengaluru,True
TX000937,EMP001,Aarav,2026-03-18,CloudWorks,Software,22199.25,Manager B,Engineering,Bank Transfer,Bengaluru,False
TX000938,EMP003,Kabir,2026-06-19,TravelDesk,Travel,29893.56,Manager A,Engineering,Bank Transfer,Bengaluru,False
TX000939,EMP002,Meera,2026-06-30,EquipHub,Office,11997.33,Manager A,Operations,Bank Transfer,Mumbai,False
TX000940,EMP001,Aarav,2026-07-19,TechSupply,Travel,25377.65,Manager B,Operations,UPI,Bengaluru,False
TX000941,EMP003,Kabir,2026-01-07,OfficeMart,Office,16283.27,Manager A,Finance,Bank Transfer,Delhi,False
TX000942,EMP005,Rohan,2026-04-01,CloudWorks,Travel,23635.86,Manager A,Finance,UPI,Mumbai,False
TX000943,EMP005,Rohan,2026-05-07,TravelDesk,Software,29992.49,Manager B,Finance,Bank Transfer,Varanasi,False
TX000944,EMP003,Kabir,2026-05-19,CloudWorks,Software,12408.23,Manager A,Engineering,Card,Bengaluru,False
TX000945,EMP001,Aarav,2026-01-11,EquipHub,Office,24544.52,Manager B,Engineering,Bank Transfer,Mumbai,False
TX000946,EMP002,Meera,2026-08-19,TechSupply,Equipment,16409.1,Manager B,Operations,Card,Delhi,False
TX000947,EMP004,Ishita,2026-07-21,EquipHub,Travel,14696.6,Manager B,Engineering,UPI,Delhi,False
TX000948,EMP004,Ishita,2026-01-01,EquipHub,Office,106448.81005417851,Manager A,Engineering,Bank Transfer,Delhi,True
TX000949,EMP002,Meera,2026-01-27,EquipHub,Software,21472.73,Manager B,Finance,UPI,Bengaluru,False
TX000950,EMP002,Meera,2026-08-23,TechSupply,Software,13593.02,Manager A,Finance,Bank Transfer,Mumbai,False
TX000951,EMP002,Meera,2026-02-12,TravelDesk,Office,25560.44,Manager A,Finance,Bank Transfer,Delhi,False
TX000952,EMP004,Ishita,2026-01-20,EquipHub,Equipment,21050.02,Manager A,Operations,Bank Transfer,Delhi,False
TX000953,EMP003,Kabir,2026-06-06,TravelDesk,Software,12035.08,Manager A,Operations,Bank Transfer,Mumbai,False
TX000954,EMP005,Rohan,2026-05-03,TravelDesk,Office,24486.59,Manager A,Operations,Card,Mumbai,False
TX000955,EMP002,Meera,2026-04-05,TechSupply,Travel,21243.73,Manager A,Operations,Bank Transfer,Varanasi,False
TX000956,EMP003,Kabir,2026-06-30,OfficeMart,Equipment,7676.22,Manager A,Finance,Card,Varanasi,False
TX000957,EMP004,Ishita,2026-03-04,TechSupply,Software,24076.48,Manager B,Finance,Bank Transfer,Varanasi,False
TX000958,EMP001,Aarav,2026-08-24,OfficeMart,Travel,11290.35,Manager B,Engineering,Bank Transfer,Bengaluru,False
TX000959,EMP004,Ishita,2026-05-14,CloudWorks,Software,18766.08,Manager A,Operations,Card,Varanasi,False
TX000960,EMP004,Ishita,2026-07-22,EquipHub,Software,23966.9,Manager A,Operations,Card,Delhi,False
TX000961,EMP001,Aarav,2026-01-28,EquipHub,Travel,404921.2255551807,Manager B,Engineering,UPI,Varanasi,True
TX000962,EMP004,Ishita,2026-08-12,TechSupply,Travel,21490.49,Manager A,Operations,UPI,Bengaluru,False
TX000963,EMP001,Aarav,2026-03-01,OfficeMart,Equipment,17650.89,Manager B,Engineering,Bank Transfer,Varanasi,False
TX000964,EMP005,Rohan,2026-02-17,TechSupply,Office,22064.58,Manager A,Operations,Bank Transfer,Mumbai,False
TX000965,EMP005,Rohan,2026-01-07,OfficeMart,Travel,22939.84,Manager B,Engineering,Card,Varanasi,False
TX000966,EMP002,Meera,2026-05-06,CloudWorks,Software,7058.38,Manager B,Engineering,Card,Varanasi,False
TX000967,EMP002,Meera,2026-07-14,OfficeMart,Travel,26323.67,Manager B,Finance,UPI,Varanasi,False
TX000968,EMP003,Kabir,2026-02-15,OfficeMart,Equipment,19799.36,Manager B,Operations,Card,Bengaluru,False
TX000969,EMP003,Kabir,2026-07-21,CloudWorks,Software,19193.34,Manager A,Operations,UPI,Mumbai,False
TX000970,EMP003,Kabir,2026-05-18,TechSupply,Office,18781.56,Manager A,Operations,Bank Transfer,Delhi,False
TX000971,EMP001,Aarav,2026-06-01,TravelDesk,Software,288119.3239740277,Manager B,Engineering,Bank Transfer,Bengaluru,True
TX000972,EMP005,Rohan,2026-03-31,TravelDesk,Office,20763.97,Manager B,Operations,Bank Transfer,Delhi,False
TX000973,EMP004,Ishita,2026-04-28,EquipHub,Travel,22819.75,Manager A,Operations,Card,Bengaluru,False
TX000974,EMP002,Meera,2026-02-21,CloudWorks,Equipment,19996.32,Manager A,Finance,UPI,Delhi,False
TX000975,EMP002,Meera,2026-02-23,TravelDesk,Travel,27812.1,Manager B,Engineering,Bank Transfer,Varanasi,False
TX000976,EMP001,Aarav,2026-08-22,TechSupply,Office,14905.58,Manager A,Finance,Card,Delhi,False
TX000977,EMP005,Rohan,2026-01-01,EquipHub,Travel,13081.21,Manager B,Finance,UPI,Bengaluru,False
TX000978,EMP002,Meera,2026-04-24,TravelDesk,Office,322096.1628315049,Manager A,Finance,UPI,Delhi,True
TX000979,EMP002,Meera,2026-03-18,TravelDesk,Software,29930.03,Manager B,Finance,Bank Transfer,Delhi,False
TX000980,EMP005,Rohan,2026-04-19,TechSupply,Travel,20801.67,Manager B,Finance,UPI,Varanasi,False
TX000981,EMP002,Meera,2026-01-17,CloudWorks,Software,23412.98,Manager B,Engineering,Bank Transfer,Bengaluru,False
TX000982,EMP002,Meera,2026-02-07,TechSupply,Software,23948.28,Manager A,Finance,Bank Transfer,Bengaluru,False
TX000983,EMP001,Aarav,2026-06-02,EquipHub,Office,271708.733014091,Manager A,Engineering,UPI,Mumbai,True
TX000984,EMP004,Ishita,2026-01-12,TravelDesk,Software,22562.08,Manager A,Engineering,Card,Bengaluru,False
TX000985,EMP002,Meera,2026-01-10,TravelDesk,Travel,22395.12,Manager A,Engineering,Bank Transfer,Varanasi,False
TX000986,EMP004,Ishita,2026-05-05,TravelDesk,Travel,20792.03,Manager B,Engineering,Bank Transfer,Mumbai,False
TX000987,EMP001,Aarav,2026-01-09,OfficeMart,Equipment,18646.27,Manager A,Engineering,UPI,Mumbai,False
TX000988,EMP004,Ishita,2026-02-09,EquipHub,Office,15940.34,Manager A,Finance,Card,Mumbai,False
TX000989,EMP005,Rohan,2026-02-26,TravelDesk,Travel,17952.06,Manager B,Finance,UPI,Delhi,False
TX000990,EMP001,Aarav,2026-07-30,TechSupply,Equipment,19030.09,Manager A,Operations,Bank Transfer,Delhi,False
TX000991,EMP005,Rohan,2026-07-25,TechSupply,Travel,23455.27,Manager B,Engineering,Bank Transfer,Mumbai,False
TX000992,EMP004,Ishita,2026-02-06,OfficeMart,Office,15519.97,Manager B,Finance,Bank Transfer,Mumbai,False
TX000993,EMP001,Aarav,2026-07-21,CloudWorks,Travel,15385.1,Manager A,Finance,UPI,Mumbai,False
TX000994,EMP005,Rohan,2026-03-03,OfficeMart,Office,18069.57,Manager A,Operations,Bank Transfer,Mumbai,False
TX000995,EMP005,Rohan,2026-04-06,OfficeMart,Software,22256.65,Manager A,Engineering,Card,Delhi,False
TX000996,EMP003,Kabir,2026-01-30,CloudWorks,Office,10560.11,Manager A,Engineering,Card,Bengaluru,False
TX000997,EMP003,Kabir,2026-05-31,OfficeMart,Office,21332.84,Manager B,Operations,Card,Bengaluru,False
TX000998,EMP001,Aarav,2026-01-27,CloudWorks,Software,15500.65,Manager A,Operations,UPI,Delhi,False
TX000999,EMP001,Aarav,2026-02-26,EquipHub,Software,28320.06,Manager A,Finance,Bank Transfer,Bengaluru,False
TX001000,EMP004,Ishita,2026-07-23,CloudWorks,Travel,27916.3,Manager A,Engineering,Bank Transfer,Mumbai,False
