transaction_id,employee_id,employee_name,date,vendor,category,amount,manager_name,department,payment_method,location,synthetic_anomaly
TX000001,EMP001,Aarav,2026-07-05,TravelDesk,Equipment,13760.1,Manager A,Operations,Card,Mumbai,False
TX000002,EMP003,Kabir,2026-08-23,CloudWorks,Equipment,20767.04,Manager B,Finance,UPI,Delhi,False
TX000003,EMP003,Kabir,2026-03-30,CloudWorks,Travel,24666.75,Manager A,Operations,Bank Transfer,Delhi,False
TX000004,EMP003,Kabir,2026-02-24,EquipHub,Office,22212.5,Manager B,Operations,Card,Bengaluru,False
TX000005,EMP001,Aarav,2026-07-01,OfficeMart,Equipment,15914.42,Manager A,Operations,UPI,Varanasi,False
TX000006,EMP004,Ishita,2026-02-16,TravelDesk,Office,23193.86,Manager B,Finance,UPI,Bengaluru,False
TX000007,EMP005,Rohan,2026-06-28,TravelDesk,Software,17561.51,Manager B,Engineering,Card,Delhi,False
TX000008,EMP004,Ishita,2026-02-15,CloudWorks,Software,19316.32,Manager A,Finance,Bank Transfer,Bengaluru,False
TX000009,EMP005,Rohan,2026-04-15,CloudWorks,Equipment,23258.93,Manager A,Operations,UPI,Delhi,False
TX000010,EMP005,Rohan,2026-03-11,CloudWorks,Office,25228.57,Manager B,Finance,UPI,Mumbai,False
TX000011,EMP004,Ishita,2026-07-08,TravelDesk,Travel,23787.73,Manager A,Operations,Bank Transfer,Delhi,False
TX000012,EMP003,Kabir,2026-05-17,TechSupply,Office,18349.15,Manager A,Operations,Bank Transfer,Delhi,False
TX000013,EMP005,Rohan,2026-05-16,TravelDesk,Travel,17990.69,Manager B,Engineering,Card,Bengaluru,False
TX000014,EMP004,Ishita,2026-03-14,TechSupply,Software,17907.65,Manager B,Finance,Card,Delhi,False
TX000015,EMP005,Rohan,2026-07-24,EquipHub,Office,13200.28,Manager B,Finance,UPI,Delhi,False
TX000016,EMP003,Kabir,2026-06-08,TravelDesk,Equipment,17436.48,Manager B,Engineering,Bank Transfer,Delhi,False
TX000017,EMP003,Kabir,2026-07-15,TechSupply,Office,16028.44,Manager A,Finance,UPI,Bengaluru,False
TX000018,EMP004,Ishita,2026-04-21,EquipHub,Travel,17183.59,Manager B,Finance,Bank Transfer,Bengaluru,False
TX000019,EMP003,Kabir,2026-04-18,TechSupply,Software,19409.09,Manager B,Engineering,Bank Transfer,Delhi,False
TX000020,EMP005,Rohan,2026-01-22,TechSupply,Equipment,12063.8,Manager A,Operations,Bank Transfer,Bengaluru,False
TX000021,EMP003,Kabir,2026-03-05,TechSupply,Equipment,27795.37,Manager A,Operations,UPI,Delhi,False
TX000022,EMP004,Ishita,2026-03-07,TravelDesk,Equipment,14299.87,Manager A,Engineering,UPI,Mumbai,False
TX000023,EMP004,Ishita,2026-03-15,TravelDesk,Office,21426.41,Manager A,Operations,Card,Varanasi,False
TX000024,EMP003,Kabir,2026-06-22,TechSupply,Travel,21396.06,Manager A,Engineering,Card,Bengaluru,False
TX000025,EMP004,Ishita,2026-01-21,CloudWorks,Office,21075.65,Manager A,Engineering,Card,Delhi,False
TX000026,EMP004,Ishita,2026-02-04,OfficeMart,Travel,28779.82,Manager B,Finance,Card,Varanasi,False
TX000027,EMP005,Rohan,2026-05-20,CloudWorks,Travel,11739.88,Manager A,Finance,Card,Varanasi,False
TX000028,EMP003,Kabir,2026-04-26,OfficeMart,Office,21881.08,Manager A,Engineering,UPI,Delhi,False
TX000029,EMP003,Kabir,2026-08-14,TravelDesk,Software,14062.77,Manager B,Finance,UPI,Delhi,False
TX000030,EMP003,Kabir,2026-05-05,TechSupply,Office,16327.42,Manager A,Operations,Card,Varanasi,False
TX000031,EMP003,Kabir,2026-02-03,TechSupply,Office,13786.08,Manager B,Operations,Card,Delhi,False
TX000032,EMP002,Meera,2026-06-08,EquipHub,Equipment,30607.58,Manager A,Finance,Bank Transfer,Varanasi,False
TX000033,EMP005,Rohan,2026-02-25,OfficeMart,Travel,14209.3,Manager B,Engineering,Card,Varanasi,False
TX000034,EMP003,Kabir,2026-07-13,TechSupply,Equipment,14582.44,Manager B,Finance,Bank Transfer,Bengaluru,False
TX000035,EMP005,Rohan,2026-03-03,OfficeMart,Office,16071.27,Manager B,Finance,Card,Delhi,False
TX000036,EMP005,Rohan,2026-08-27,OfficeMart,Travel,21035.53,Manager B,Operations,Card,Varanasi,False
TX000037,EMP001,Aarav,2026-05-05,OfficeMart,Equipment,27836.01,Manager A,Engineering,Bank Transfer,Delhi,False
TX000038,EMP005,Rohan,2026-01-23,TechSupply,Software,29214.54,Manager A,Operations,UPI,Mumbai,False
TX000039,EMP001,Aarav,2026-01-30,EquipHub,Office,30341.99,Manager B,Finance,Bank Transfer,Bengaluru,False
TX000040,EMP004,Ishita,2026-07-29,TechSupply,Software,28432.29,Manager B,Operations,Card,Varanasi,False
TX000041,EMP003,Kabir,2026-05-01,EquipHub,Office,19019.34,Manager A,Finance,Card,Mumbai,False
TX000042,EMP001,Aarav,2026-06-12,TechSupply,Travel,7698.97,Manager B,Operations,UPI,Bengaluru,False
TX000043,EMP003,Kabir,2026-02-17,OfficeMart,Travel,17995.26,Manager A,Operations,UPI,Mumbai,False
TX000044,EMP003,Kabir,2026-01-30,OfficeMart,Software,22931.09,Manager B,Finance,Card,Delhi,False
TX000045,EMP003,Kabir,2026-06-09,TravelDesk,Software,28024.39,Manager B,Operations,Bank Transfer,Mumbai,False
TX000046,EMP003,Kabir,2026-05-14,EquipHub,Office,238286.58838802236,Manager B,Finance,UPI,Delhi,True
TX000047,EMP001,Aarav,2026-08-20,OfficeMart,Equipment,31261.07,Manager B,Operations,Bank Transfer,Delhi,False
TX000048,EMP004,Ishita,2026-07-08,CloudWorks,Office,21893.63,Manager A,Operations,Card,Varanasi,False
TX000049,EMP003,Kabir,2026-02-25,CloudWorks,Travel,19024.0,Manager B,Operations,UPI,Bengaluru,False
TX000050,EMP002,Meera,2026-04-10,OfficeMart,Travel,14738.84,Manager B,Operations,Card,Delhi,False
TX000051,EMP003,Kabir,2026-03-01,EquipHub,Travel,12275.46,Manager B,Operations,UPI,Mumbai,False
TX000052,EMP005,Rohan,2026-01-16,TechSupply,Office,17790.51,Manager A,Operations,Card,Delhi,False
TX000053,EMP005,Rohan,2026-02-04,TravelDesk,Office,24664.03,Manager A,Finance,Bank Transfer,Mumbai,False
TX000054,EMP003,Kabir,2026-01-28,CloudWorks,Office,18570.96,Manager A,Finance,UPI,Mumbai,False
TX000055,EMP003,Kabir,2026-05-22,EquipHub,Software,26076.29,Manager B,Finance,UPI,Bengaluru,False
TX000056,EMP004,Ishita,2026-07-30,TravelDesk,Office,15670.65,Manager A,Finance,UPI,Mumbai,False
TX000057,EMP002,Meera,2026-03-01,EquipHub,Software,29440.13,Manager A,Finance,Card,Delhi,False
TX000058,EMP005,Rohan,2026-05-06,OfficeMart,Equipment,13325.53,Manager A,Finance,Bank Transfer,Varanasi,False
TX000059,EMP004,Ishita,2026-01-24,EquipHub,Equipment,25564.63,Manager A,Operations,Card,Varanasi,False
TX000060,EMP003,Kabir,2026-07-07,CloudWorks,Equipment,20314.8,Manager B,Finance,UPI,Bengaluru,False
TX000061,EMP002,Meera,2026-05-04,EquipHub,Software,28828.95,Manager B,Engineering,UPI,Bengaluru,False
TX000062,EMP002,Meera,2026-03-05,TravelDesk,Software,17768.51,Manager A,Engineering,Bank Transfer,Mumbai,False
TX000063,EMP002,Meera,2026-03-30,CloudWorks,Software,25182.97,Manager A,Engineering,Card,Bengaluru,False
TX000064,EMP002,Meera,2026-03-13,CloudWorks,Equipment,27800.27,Manager B,Engineering,UPI,Delhi,False
TX000065,EMP003,Kabir,2026-05-09,TravelDesk,Travel,30463.61,Manager A,Operations,Bank Transfer,Bengaluru,False
TX000066,EMP004,Ishita,2026-06-01,OfficeMart,Travel,15815.46,Manager A,Finance,Bank Transfer,Bengaluru,False
TX000067,EMP003,Kabir,2026-07-26,EquipHub,Travel,286692.0849149437,Manager B,Finance,Bank Transfer,Bengaluru,True
TX000068,EMP003,Kabir,2026-01-21,CloudWorks,Office,10567.76,Manager B,Operations,Card,Varanasi,False
TX000069,EMP003,Kabir,2026-05-23,EquipHub,Equipment,23825.2,Manager B,Operations,Card,Delhi,False
TX000070,EMP004,Ishita,2026-05-22,TravelDesk,Travel,15973.16,Manager A,Finance,Card,Bengaluru,False
TX000071,EMP001,Aarav,2026-05-18,CloudWorks,Travel,6252.26,Manager B,Operations,UPI,Varanasi,False
TX000072,EMP003,Kabir,2026-04-29,OfficeMart,Equipment,7620.57,Manager B,Finance,UPI,Mumbai,False
TX000073,EMP004,Ishita,2026-01-22,CloudWorks,Software,22210.14,Manager B,Operations,Card,Bengaluru,False
TX000074,EMP004,Ishita,2026-03-22,EquipHub,Equipment,21397.27,Manager B,Finance,UPI,Delhi,False
TX000075,EMP003,Kabir,2026-03-17,EquipHub,Office,19084.86,Manager A,Operations,Bank Transfer,Delhi,False
TX000076,EMP004,Ishita,2026-04-02,OfficeMart,Travel,28888.73,Manager B,Operations,Bank Transfer,Varanasi,False
TX000077,EMP004,Ishita,2026-04-26,CloudWorks,Equipment,20068.56,Manager A,Operations,UPI,Varanasi,False
TX000078,EMP003,Kabir,2026-01-29,EquipHub,Travel,33965.92,Manager A,Finance,Bank Transfer,Bengaluru,False
TX000079,EMP001,Aarav,2026-06-14,OfficeMart,Software,20647.28,Manager B,Operations,Bank Transfer,Delhi,False
TX000080,EMP005,Rohan,2026-04-21,OfficeMart,Software,15235.18,Manager B,Operations,UPI,Varanasi,False
TX000081,EMP003,Kabir,2026-01-27,OfficeMart,Equipment,6139.38,Manager B,Finance,UPI,Varanasi,False
TX000082,EMP001,Aarav,2026-01-26,CloudWorks,Office,20829.45,Manager B,Operations,UPI,Mumbai,False
TX000083,EMP002,Meera,2026-02-27,EquipHub,Equipment,18922.33,Manager B,Finance,Card,Varanasi,False
TX000084,EMP002,Meera,2026-06-07,OfficeMart,Office,18404.97,Manager A,Finance,UPI,Bengaluru,False
TX000085,EMP005,Rohan,2026-07-12,TechSupply,Equipment,11106.89,Manager A,Finance,UPI,Varanasi,False
TX000086,EMP005,Rohan,2026-08-11,EquipHub,Travel,21186.74,Manager B,Operations,Bank Transfer,Mumbai,False
TX000087,EMP003,Kabir,2026-02-18,TravelDesk,Travel,28121.52,Manager A,Operations,Bank Transfer,Mumbai,False
TX000088,EMP005,Rohan,2026-06-26,OfficeMart,Software,14671.2,Manager A,Operations,Bank Transfer,Varanasi,False
TX000089,EMP004,Ishita,2026-05-27,OfficeMart,Travel,22356.96,Manager A,Finance,Card,Varanasi,False
TX000090,EMP003,Kabir,2026-06-20,TechSupply,Office,25569.78,Manager B,Finance,Bank Transfer,Varanasi,False
TX000091,EMP003,Kabir,2026-04-21,TechSupply,Travel,22567.34,Manager B,Engineering,Bank Transfer,Mumbai,False
TX000092,EMP002,Meera,2026-08-16,TravelDesk,Travel,17943.28,Manager B,Operations,Card,Bengaluru,False
TX000093,EMP003,Kabir,2026-08-14,TravelDesk,Travel,22300.26,Manager B,Engineering,UPI,Delhi,False
TX000094,EMP001,Aarav,2026-01-29,EquipHub,Software,20416.29,Manager A,Finance,Bank Transfer,Delhi,False
TX000095,EMP004,Ishita,2026-05-27,EquipHub,Software,19844.82,Manager A,Engineering,UPI,Mumbai,False
TX000096,EMP005,Rohan,2026-05-22,EquipHub,Office,13295.7,Manager A,Engineering,Bank Transfer,Delhi,False
TX000097,EMP001,Aarav,2026-02-24,TechSupply,Travel,14227.45,Manager B,Operations,Bank Transfer,Bengaluru,False
TX000098,EMP003,Kabir,2026-06-06,TechSupply,Equipment,23715.03,Manager A,Engineering,Card,Delhi,False
TX000099,EMP003,Kabir,2026-05-31,EquipHub,Travel,35586.04,Manager B,Operations,Bank Transfer,Varanasi,False
TX000100,EMP001,Aarav,2026-08-10,CloudWorks,Travel,19659.3,Manager A,Operations,Card,Delhi,False
TX000101,EMP003,Kabir,2026-07-20,EquipHub,Equipment,23993.51,Manager B,Finance,Card,Delhi,False
TX000102,EMP003,Kabir,2026-03-22,CloudWorks,Software,18147.96,Manager A,Operations,UPI,Mumbai,False
TX000103,EMP003,Kabir,2026-07-18,TravelDesk,Software,11029.64,Manager B,Finance,Card,Bengaluru,False
TX000104,EMP004,Ishita,2026-01-29,TravelDesk,Equipment,2212.83,Manager A,Operations,Bank Transfer,Varanasi,False
TX000105,EMP003,Kabir,2026-03-16,OfficeMart,Travel,22790.48,Manager B,Engineering,UPI,Bengaluru,False
TX000106,EMP002,Meera,2026-01-03,CloudWorks,Travel,24744.84,Manager A,Finance,UPI,Mumbai,False
TX000107,EMP003,Kabir,2026-07-20,EquipHub,Travel,29773.62,Manager A,Operations,UPI,Varanasi,False
TX000108,EMP004,Ishita,2026-02-03,EquipHub,Software,28422.93,Manager A,Finance,UPI,Varanasi,False
TX000109,EMP001,Aarav,2026-04-15,EquipHub,Office,29388.31,Manager A,Finance,Card,Varanasi,False
TX000110,EMP005,Rohan,2026-01-11,OfficeMart,Software,10605.45,Manager A,Engineering,UPI,Bengaluru,False
TX000111,EMP004,Ishita,2026-04-29,TechSupply,Office,15280.61,Manager B,Operations,UPI,Bengaluru,False
TX000112,EMP003,Kabir,2026-06-05,CloudWorks,Equipment,18479.73,Manager B,Finance,UPI,Delhi,False
TX000113,EMP004,Ishita,2026-05-10,EquipHub,Equipment,23976.0,Manager A,Engineering,Bank Transfer,Varanasi,False
TX000114,EMP004,Ishita,2026-07-24,TravelDesk,Equipment,19477.43,Manager A,Engineering,Card,Varanasi,False
TX000115,EMP002,Meera,2026-03-23,OfficeMart,Software,14667.22,Manager B,Operations,Bank Transfer,Bengaluru,False
TX000116,EMP002,Meera,2026-02-12,TechSupply,Office,25401.11,Manager A,Finance,Bank Transfer,Varanasi,False
TX000117,EMP004,Ishita,2026-04-18,OfficeMart,Travel,21127.84,Manager B,Finance,Bank Transfer,Delhi,False
TX000118,EMP001,Aarav,2026-06-18,CloudWorks,Equipment,21139.06,Manager B,Engineering,UPI,Delhi,False
TX000119,EMP005,Rohan,2026-07-02,TravelDesk,Travel,22180.73,Manager A,Operations,Bank Transfer,Varanasi,False
TX000120,EMP003,Kabir,2026-07-28,TravelDesk,Travel,24286.38,Manager B,Engineering,Bank Transfer,Bengaluru,False
TX000121,EMP005,Rohan,2026-06-06,OfficeMart,Equipment,29666.7,Manager A,Finance,UPI,Bengaluru,False
TX000122,EMP005,Rohan,2026-06-29,OfficeMart,Office,17456.52,Manager A,Finance,Bank Transfer,Varanasi,False
TX000123,EMP005,Rohan,2026-04-28,EquipHub,Software,24875.61,Manager A,Operations,Card,Delhi,False
TX000124,EMP001,Aarav,2026-07-10,TechSupply,Travel,27646.68,Manager B,Operations,Card,Varanasi,False
TX000125,EMP003,Kabir,2026-07-17,OfficeMart,Software,22688.6,Manager B,Finance,Bank Transfer,Mumbai,False
TX000126,EMP005,Rohan,2026-06-12,CloudWorks,Equipment,11457.59,Manager A,Operations,UPI,Bengaluru,False
TX000127,EMP002,Meera,2026-07-12,EquipHub,Office,21449.87,Manager A,Engineering,Card,Varanasi,False
TX000128,EMP003,Kabir,2026-01-02,TechSupply,Travel,21613.48,Manager B,Finance,UPI,Delhi,False
TX000129,EMP004,Ishita,2026-08-03,TechSupply,Office,244167.26465925173,Manager A,Operations,Bank Transfer,Delhi,True
TX000130,EMP004,Ishita,2026-07-24,CloudWorks,Travel,17568.38,Manager A,Engineering,Card,Delhi,False
TX000131,EMP003,Kabir,2026-08-01,CloudWorks,Office,13319.67,Manager B,Engineering,Bank Transfer,Bengaluru,False
TX000132,EMP003,Kabir,2026-07-13,CloudWorks,Software,32316.11,Manager B,Engineering,Bank Transfer,Mumbai,False
TX000133,EMP001,Aarav,2026-05-18,OfficeMart,Software,9615.97,Manager A,Operations,Card,Delhi,False
TX000134,EMP002,Meera,2026-02-02,OfficeMart,Office,30007.33,Manager A,Finance,Bank Transfer,Mumbai,False
TX000135,EMP002,Meera,2026-04-19,EquipHub,Software,21064.38,Manager A,Engineering,UPI,Varanasi,False
TX000136,EMP005,Rohan,2026-06-30,EquipHub,Software,14585.46,Manager A,Operations,Bank Transfer,Mumbai,False
TX000137,EMP003,Kabir,2026-03-20,TechSupply,Travel,22892.4,Manager B,Operations,Card,Bengaluru,False
TX000138,EMP004,Ishita,2026-06-06,EquipHub,Office,15716.75,Manager A,Finance,Card,Mumbai,False
TX000139,EMP002,Meera,2026-07-29,OfficeMart,Travel,22310.62,Manager A,Operations,Bank Transfer,Varanasi,False
TX000140,EMP004,Ishita,2026-04-16,EquipHub,Equipment,23750.51,Manager B,Operations,Card,Varanasi,False
TX000141,EMP004,Ishita,2026-08-05,TravelDesk,Office,17387.56,Manager A,Engineering,Card,Mumbai,False
TX000142,EMP003,Kabir,2026-06-06,CloudWorks,Travel,17451.36,Manager B,Engineering,Card,Mumbai,False
TX000143,EMP005,Rohan,2026-08-19,TechSupply,Office,15039.77,Manager A,Finance,Bank Transfer,Mumbai,False
TX000144,EMP005,Rohan,2026-04-20,CloudWorks,Software,18793.37,Manager A,Finance,UPI,Mumbai,False
TX000145,EMP004,Ishita,2026-04-03,EquipHub,Travel,26295.04,Manager A,Finance,UPI,Delhi,False
TX000146,EMP003,Kabir,2026-04-05,OfficeMart,Office,23884.91,Manager A,Finance,Bank Transfer,Varanasi,False
TX000147,EMP001,Aarav,2026-01-01,TechSupply,Software,18735.86,Manager A,Finance,Bank Transfer,Delhi,False
TX000148,EMP003,Kabir,2026-07-07,TravelDesk,Software,13866.32,Manager A,Finance,Bank Transfer,Mumbai,False
TX000149,EMP005,Rohan,2026-04-26,TechSupply,Office,14462.68,Manager B,Finance,Card,Varanasi,False
TX000150,EMP003,Kabir,2026-01-12,EquipHub,Travel,13282.78,Manager A,Finance,Bank Transfer,Mumbai,False
TX000151,EMP002,Meera,2026-02-03,OfficeMart,Office,21668.86,Manager B,Finance,UPI,Mumbai,False
TX000152,EMP001,Aarav,2026-01-27,TravelDesk,Office,6516.39,Manager A,Engineering,Card,Bengaluru,False
TX000153,EMP004,Ishita,2026-07-23,TechSupply,Equipment,20594.21,Manager B,Engineering,Bank Transfer,Mumbai,False
TX000154,EMP005,Rohan,2026-07-05,TechSupply,Software,14641.22,Manager A,Operations,Bank Transfer,Delhi,False
TX000155,EMP005,Rohan,2026-05-25,OfficeMart,Software,30711.01,Manager B,Operations,Card,Delhi,False
TX000156,EMP003,Kabir,2026-07-11,TechSupply,Office,22655.27,Manager B,Engineering,Bank Transfer,Delhi,False
TX000157,EMP005,Rohan,2026-01-19,CloudWorks,Software,22044.75,Manager A,Finance,UPI,Mumbai,False
TX000158,EMP004,Ishita,2026-06-24,TechSupply,Travel,30090.9,Manager B,Finance,Card,Varanasi,False
TX000159,EMP001,Aarav,2026-05-23,CloudWorks,Office,20072.32,Manager B,Operations,Card,Mumbai,False
TX000160,EMP004,Ishita,2026-05-02,TechSupply,Office,12184.09,Manager B,Finance,Bank Transfer,Varanasi,False
TX000161,EMP003,Kabir,2026-05-21,TravelDesk,Equipment,20068.67,Manager A,Operations,Bank Transfer,Bengaluru,False
TX000162,EMP001,Aarav,2026-05-30,CloudWorks,Office,19093.69,Manager A,Engineering,Card,Delhi,False
TX000163,EMP002,Meera,2026-06-09,OfficeMart,Office,9279.75,Manager A,Engineering,Card,Mumbai,False
TX000164,EMP005,Rohan,2026-07-29,CloudWorks,Travel,20233.48,Manager A,Engineering,Bank Transfer,Delhi,False
TX000165,EMP004,Ishita,2026-06-12,CloudWorks,Travel,27723.99,Manager A,Operations,UPI,Varanasi,False
TX000166,EMP001,Aarav,2026-04-11,EquipHub,Office,21303.39,Manager A,Operations,Bank Transfer,Bengaluru,False
TX000167,EMP003,Kabir,2026-04-08,CloudWorks,Equipment,16231.6,Manager B,Engineering,Card,Bengaluru,False
TX000168,EMP003,Kabir,2026-02-05,TechSupply,Office,13163.43,Manager B,Finance,UPI,Varanasi,False
TX000169,EMP005,Rohan,2026-08-08,TechSupply,Software,13027.52,Manager B,Operations,Bank Transfer,Varanasi,False
TX000170,EMP004,Ishita,2026-04-01,OfficeMart,Travel,19294.33,Manager B,Operations,Bank Transfer,Varanasi,False
TX000171,EMP005,Rohan,2026-05-17,CloudWorks,Equipment,13233.32,Manager B,Operations,UPI,Varanasi,False
TX000172,EMP003,Kabir,2026-01-24,TravelDesk,Travel,28564.91,Manager A,Finance,Card,Varanasi,False
TX000173,EMP005,Rohan,2026-04-01,EquipHub,Equipment,30522.15,Manager B,Engineering,Bank Transfer,Delhi,False
TX000174,EMP002,Meera,2026-05-27,TechSupply,Software,25107.71,Manager A,Engineering,Bank Transfer,Varanasi,False
TX000175,EMP003,Kabir,2026-04-23,TechSupply,Software,25451.61,Manager A,Engineering,UPI,Mumbai,False
TX000176,EMP002,Meera,2026-02-09,OfficeMart,Software,22549.8,Manager A,Operations,UPI,Mumbai,False
TX000177,EMP001,Aarav,2026-01-24,TravelDesk,Equipment,19649.53,Manager A,Finance,Bank Transfer,Mumbai,False
TX000178,EMP005,Rohan,2026-02-14,OfficeMart,Software,17558.34,Manager A,Finance,Card,Mumbai,False
TX000179,EMP001,Aarav,2026-04-26,TechSupply,Travel,24345.7,Manager B,Engineering,UPI,Mumbai,False
TX000180,EMP002,Meera,2026-03-02,TechSupply,Equipment,18674.2,Manager A,Operations,UPI,Varanasi,False
TX000181,EMP001,Aarav,2026-08-25,TechSupply,Equipment,13333.37,Manager B,Finance,Bank Transfer,Mumbai,False
TX000182,EMP005,Rohan,2026-03-15,TravelDesk,Office,17411.96,Manager B,Operations,UPI,Bengaluru,False
TX000183,EMP003,Kabir,2026-05-11,OfficeMart,Software,17549.67,Manager A,Finance,Card,Varanasi,False
TX000184,EMP002,Meera,2026-05-21,CloudWorks,Software,14826.09,Manager B,Engineering,UPI,Delhi,False
TX000185,EMP001,Aarav,2026-07-02,OfficeMart,Office,19115.35,Manager B,Operations,Bank Transfer,Mumbai,False
TX000186,EMP002,Meera,2026-08-04,TechSupply,Software,12337.9,Manager A,Operations,Bank Transfer,Mumbai,False
TX000187,EMP004,Ishita,2026-04-10,OfficeMart,Office,23333.49,Manager B,Operations,Card,Varanasi,False
TX000188,EMP003,Kabir,2026-07-29,TravelDesk,Travel,14222.49,Manager B,Finance,Card,Mumbai,False
TX000189,EMP002,Meera,2026-02-08,OfficeMart,Equipment,148326.34454824822,Manager A,Operations,Card,Bengaluru,True
TX000190,EMP002,Meera,2026-04-28,TechSupply,Travel,18981.68,Manager B,Engineering,Bank Transfer,Mumbai,False
TX000191,EMP002,Meera,2026-01-31,OfficeMart,Software,22689.94,Manager B,Operations,Card,Mumbai,False
TX000192,EMP002,Meera,2026-05-14,OfficeMart,Software,13094.81,Manager B,Finance,Bank Transfer,Mumbai,False
TX000193,EMP001,Aarav,2026-08-09,EquipHub,Travel,25318.36,Manager A,Engineering,UPI,Delhi,False
TX000194,EMP003,Kabir,2026-05-08,EquipHub,Equipment,22015.05,Manager A,Operations,UPI,Bengaluru,False
TX000195,EMP002,Meera,2026-04-23,EquipHub,Equipment,22710.61,Manager B,Engineering,Bank Transfer,Mumbai,False
TX000196,EMP005,Rohan,2026-03-24,CloudWorks,Travel,17095.82,Manager A,Operations,Bank Transfer,Varanasi,False
TX000197,EMP005,Rohan,2026-02-20,TravelDesk,Software,303386.5959657545,Manager A,Engineering,UPI,Mumbai,True
TX000198,EMP003,Kabir,2026-08-27,EquipHub,Office,18465.01,Manager A,Engineering,UPI,Mumbai,False
TX000199,EMP003,Kabir,2026-02-06,TravelDesk,Software,19362.91,Manager A,Operations,Bank Transfer,Delhi,False
TX000200,EMP003,Kabir,2026-06-24,TechSupply,Travel,26628.08,Manager B,Engineering,Card,Delhi,False
TX000201,EMP004,Ishita,2026-08-17,TravelDesk,Office,10815.71,Manager A,Operations,UPI,Varanasi,False
TX000202,EMP003,Kabir,2026-01-10,TechSupply,Equipment,11574.39,Manager B,Operations,Card,Varanasi,False
TX000203,EMP003,Kabir,2026-05-08,OfficeMart,Software,17103.26,Manager A,Operations,UPI,Delhi,False
TX000204,EMP004,Ishita,2026-06-27,EquipHub,Travel,19341.59,Manager A,Operations,Bank Transfer,Bengaluru,False
TX000205,EMP004,Ishita,2026-08-06,OfficeMart,Travel,24942.52,Manager A,Engineering,UPI,Delhi,False
TX000206,EMP003,Kabir,2026-04-16,EquipHub,Office,20017.96,Manager A,Operations,Card,Bengaluru,False
TX000207,EMP004,Ishita,2026-06-09,EquipHub,Software,22273.06,Manager B,Finance,Card,Varanasi,False
TX000208,EMP005,Rohan,2026-07-26,EquipHub,Travel,13729.74,Manager A,Finance,UPI,Delhi,False
TX000209,EMP004,Ishita,2026-02-03,TechSupply,Travel,23718.21,Manager B,Operations,UPI,Mumbai,False
TX000210,EMP005,Rohan,2026-05-11,CloudWorks,Equipment,7352.28,Manager B,Engineering,UPI,Delhi,False
TX000211,EMP002,Meera,2026-05-31,CloudWorks,Equipment,26273.19,Manager B,Engineering,Bank Transfer,Bengaluru,False
TX000212,EMP003,Kabir,2026-01-06,CloudWorks,Equipment,16832.49,Manager B,Engineering,Bank Transfer,Delhi,False
TX000213,EMP001,Aarav,2026-08-13,TechSupply,Software,24064.41,Manager B,Engineering,UPI,Delhi,False
TX000214,EMP003,Kabir,2026-06-01,EquipHub,Office,15426.06,Manager A,Operations,UPI,Varanasi,False
TX000215,EMP002,Meera,2026-07-22,OfficeMart,Travel,22625.07,Manager B,Operations,Card,Varanasi,False
TX000216,EMP001,Aarav,2026-04-26,CloudWorks,Office,11736.11,Manager B,Engineering,Bank Transfer,Delhi,False
TX000217,EMP002,Meera,2026-03-03,TechSupply,Software,22668.36,Manager A,Finance,Bank Transfer,Varanasi,False
TX000218,EMP002,Meera,2026-07-26,TechSupply,Office,16133.8,Manager A,Engineering,Bank Transfer,Varanasi,False
TX000219,EMP001,Aarav,2026-07-21,CloudWorks,Equipment,19535.86,Manager B,Finance,Card,Delhi,False
TX000220,EMP003,Kabir,2026-08-28,EquipHub,Office,14522.73,Manager A,Engineering,Bank Transfer,Bengaluru,False
TX000221,EMP005,Rohan,2026-08-12,CloudWorks,Office,28611.8,Manager B,Finance,Bank Transfer,Varanasi,False
TX000222,EMP002,Meera,2026-03-06,TechSupply,Travel,20662.37,Manager A,Finance,UPI,Varanasi,False
TX000223,EMP003,Kabir,2026-02-12,TravelDesk,Travel,18339.8,Manager A,Engineering,Card,Bengaluru,False
TX000224,EMP004,Ishita,2026-06-06,OfficeMart,Equipment,16063.67,Manager A,Engineering,Card,Mumbai,False
TX000225,EMP004,Ishita,2026-06-24,TechSupply,Software,25841.98,Manager A,Engineering,Card,Delhi,False
TX000226,EMP002,Meera,2026-01-13,CloudWorks,Software,23117.96,Manager A,Operations,UPI,Varanasi,False
TX000227,EMP005,Rohan,2026-07-17,TechSupply,Software,27821.39,Manager A,Operations,UPI,Varanasi,False
TX000228,EMP001,Aarav,2026-04-28,TechSupply,Office,18557.38,Manager B,Operations,UPI,Mumbai,False
TX000229,EMP002,Meera,2026-02-06,TechSupply,Office,22112.21,Manager B,Finance,Card,Mumbai,False
TX000230,EMP001,Aarav,2026-04-15,OfficeMart,Office,18585.02,Manager A,Engineering,UPI,Varanasi,False
TX000231,EMP002,Meera,2026-02-10,OfficeMart,Equipment,18536.62,Manager A,Operations,Bank Transfer,Bengaluru,False
TX000232,EMP003,Kabir,2026-07-16,TravelDesk,Software,28290.25,Manager B,Operations,Bank Transfer,Delhi,False
TX000233,EMP002,Meera,2026-06-30,TravelDesk,Equipment,19467.22,Manager B,Engineering,Card,Delhi,False
TX000234,EMP003,Kabir,2026-02-22,CloudWorks,Equipment,259198.94891425222,Manager B,Finance,UPI,Mumbai,True
TX000235,EMP002,Meera,2026-02-12,OfficeMart,Equipment,26114.26,Manager A,Engineering,UPI,Varanasi,False
TX000236,EMP005,Rohan,2026-02-02,OfficeMart,Software,16631.1,Manager B,Engineering,Card,Varanasi,False
TX000237,EMP005,Rohan,2026-08-23,TravelDesk,Office,5294.77,Manager B,Finance,Bank Transfer,Bengaluru,False
TX000238,EMP005,Rohan,2026-03-11,OfficeMart,Travel,10956.05,Manager B,Engineering,Bank Transfer,Varanasi,False
TX000239,EMP002,Meera,2026-06-20,TravelDesk,Office,17529.5,Manager B,Engineering,Bank Transfer,Delhi,False
TX000240,EMP004,Ishita,2026-03-04,TechSupply,Equipment,14012.89,Manager A,Operations,Bank Transfer,Bengaluru,False
TX000241,EMP001,Aarav,2026-04-03,OfficeMart,Travel,289902.0458746677,Manager A,Finance,Bank Transfer,Bengaluru,True
TX000242,EMP004,Ishita,2026-06-12,TechSupply,Office,23797.15,Manager A,Finance,Bank Transfer,Varanasi,False
TX000243,EMP004,Ishita,2026-06-05,EquipHub,Equipment,23677.79,Manager A,Engineering,UPI,Delhi,False
TX000244,EMP005,Rohan,2026-08-13,TechSupply,Office,24500.73,Manager A,Engineering,Bank Transfer,Mumbai,False
TX000245,EMP002,Meera,2026-06-13,EquipHub,Office,28909.51,Manager A,Finance,Card,Delhi,False
TX000246,EMP003,Kabir,2026-02-12,CloudWorks,Equipment,19385.62,Manager A,Finance,Bank Transfer,Delhi,False
TX000247,EMP002,Meera,2026-01-14,TechSupply,Software,33689.8,Manager B,Engineering,Bank Transfer,Mumbai,False
TX000248,EMP005,Rohan,2026-08-02,CloudWorks,Office,15718.68,Manager B,Finance,Card,Mumbai,False
TX000249,EMP003,Kabir,2026-05-29,OfficeMart,Equipment,12827.85,Manager B,Operations,Card,Varanasi,False
TX000250,EMP004,Ishita,2026-05-07,TravelDesk,Office,24695.35,Manager A,Engineering,Card,Delhi,False
TX000251,EMP003,Kabir,2026-08-16,EquipHub,Equipment,23357.24,Manager B,Finance,UPI,Varanasi,False
TX000252,EMP002,Meera,2026-04-30,EquipHub,Software,20519.03,Manager B,Engineering,Bank Transfer,Mumbai,False
TX000253,EMP004,Ishita,2026-03-19,EquipHub,Office,23709.14,Manager B,Operations,Card,Bengaluru,False
TX000254,EMP003,Kabir,2026-03-28,TravelDesk,Software,16814.14,Manager B,Engineering,Bank Transfer,Varanasi,False
TX000255,EMP005,Rohan,2026-08-12,CloudWorks,Software,18970.61,Manager A,Engineering,UPI,Bengaluru,False
TX000256,EMP002,Meera,2026-04-21,TechSupply,Travel,21811.82,Manager A,Finance,UPI,Delhi,False
TX000257,EMP001,Aarav,2026-04-01,TechSupply,Office,30437.89,Manager B,Operations,UPI,Delhi,False
TX000258,EMP005,Rohan,2026-02-21,CloudWorks,Equipment,17317.05,Manager B,Finance,Bank Transfer,Varanasi,False
TX000259,EMP005,Rohan,2026-08-11,OfficeMart,Travel,23901.49,Manager B,Finance,Bank Transfer,Varanasi,False
TX000260,EMP005,Rohan,2026-04-05,EquipHub,Travel,22238.31,Manager B,Finance,Bank Transfer,Mumbai,False
TX000261,EMP005,Rohan,2026-06-13,OfficeMart,Office,22182.19,Manager A,Operations,Card,Varanasi,False
TX000262,EMP002,Meera,2026-04-30,TravelDesk,Office,24775.03,Manager B,Operations,UPI,Delhi,False
TX000263,EMP005,Rohan,2026-07-30,EquipHub,Travel,32021.06,Manager A,Finance,UPI,Mumbai,False
TX000264,EMP003,Kabir,2026-07-05,TechSupply,Travel,7224.81,Manager A,Operations,Card,Varanasi,False
TX000265,EMP004,Ishita,2026-07-25,EquipHub,Travel,13055.21,Manager B,Operations,Bank Transfer,Delhi,False
TX000266,EMP001,Aarav,2026-01-25,TravelDesk,Software,23685.62,Manager A,Engineering,Bank Transfer,Varanasi,False
TX000267,EMP004,Ishita,2026-05-26,EquipHub,Software,27397.41,Manager A,Engineering,Card,Mumbai,False
TX000268,EMP005,Rohan,2026-07-10,OfficeMart,Software,15949.32,Manager B,Finance,UPI,Varanasi,False
TX000269,EMP001,Aarav,2026-01-06,TravelDesk,Software,22256.27,Manager A,Operations,Bank Transfer,Mumbai,False
TX000270,EMP004,Ishita,2026-06-10,CloudWorks,Travel,19866.51,Manager A,Finance,Bank Transfer,Delhi,False
TX000271,EMP005,Rohan,2026-05-06,TravelDesk,Office,10466.61,Manager B,Finance,Bank Transfer,Delhi,False
TX000272,EMP001,Aarav,2026-01-24,OfficeMart,Software,25259.26,Manager A,Operations,Bank Transfer,Varanasi,False
TX000273,EMP002,Meera,2026-01-20,EquipHub,Equipment,23947.33,Manager B,Engineering,Bank Transfer,Delhi,False
TX000274,EMP001,Aarav,2026-04-14,TechSupply,Travel,22633.95,Manager A,Operations,Bank Transfer,Varanasi,False
TX000275,EMP004,Ishita,2026-01-10,TravelDesk,Software,15606.29,Manager B,Operations,Bank Transfer,Mumbai,False
TX000276,EMP002,Meera,2026-08-13,EquipHub,Office,12248.71,Manager A,Finance,Card,Varanasi,False
TX000277,EMP005,Rohan,2026-02-07,OfficeMart,Equipment,17742.73,Manager B,Engineering,UPI,Delhi,False
TX000278,EMP004,Ishita,2026-04-17,OfficeMart,Equipment,25497.87,Manager A,Finance,UPI,Mumbai,False
TX000279,EMP003,Kabir,2026-03-10,OfficeMart,Office,13238.07,Manager B,Operations,Card,Bengaluru,False
TX000280,EMP003,Kabir,2026-07-19,CloudWorks,Equipment,24974.73,Manager A,Operations,Bank Transfer,Mumbai,False
TX000281,EMP005,Rohan,2026-07-10,TechSupply,Travel,23336.45,Manager B,Operations,Card,Varanasi,False
TX000282,EMP003,Kabir,2026-06-19,TravelDesk,Software,2797.67,Manager B,Engineering,Card,Delhi,False
TX000283,EMP001,Aarav,2026-04-04,CloudWorks,Office,27492.55,Manager B,Operations,UPI,Delhi,False
TX000284,EMP001,Aarav,2026-08-12,OfficeMart,Office,28864.36,Manager A,Finance,UPI,Mumbai,False
TX000285,EMP002,Meera,2026-08-23,TechSupply,Travel,23615.91,Manager B,Operations,UPI,Varanasi,False
TX000286,EMP001,Aarav,2026-02-26,TechSupply,Office,18056.09,Manager B,Finance,Card,Mumbai,False
TX000287,EMP001,Aarav,2026-05-17,TechSupply,Travel,21535.44,Manager B,Engineering,UPI,Mumbai,False
TX000288,EMP003,Kabir,2026-07-12,CloudWorks,Equipment,33378.39,Manager B,Operations,Card,Delhi,False
TX000289,EMP001,Aarav,2026-01-22,TravelDesk,Software,33375.64,Manager B,Operations,UPI,Delhi,False
TX000290,EMP002,Meera,2026-07-04,TravelDesk,Office,18743.55,Manager B,Finance,Card,Bengaluru,False
TX000291,EMP001,Aarav,2026-06-11,EquipHub,Office,24946.56,Manager B,Operations,UPI,Mumbai,False
TX000292,EMP004,Ishita,2026-08-13,EquipHub,Office,14426.06,Manager B,Engineering,Bank Transfer,Bengaluru,False
TX000293,EMP001,Aarav,2026-05-02,TechSupply,Equipment,17360.07,Manager A,Engineering,Bank Transfer,Delhi,False
TX000294,EMP005,Rohan,2026-04-12,CloudWorks,Travel,22163.55,Manager A,Finance,UPI,Bengaluru,False
TX000295,EMP004,Ishita,2026-01-13,OfficeMart,Software,33954.68,Manager A,Operations,Card,Delhi,False
TX000296,EMP004,Ishita,2026-01-15,CloudWorks,Travel,23059.39,Manager B,Operations,UPI,Delhi,False
TX000297,EMP003,Kabir,2026-06-03,CloudWorks,Travel,33797.53,Manager A,Engineering,Bank Transfer,Bengaluru,False
TX000298,EMP004,Ishita,2026-06-11,CloudWorks,Software,15652.33,Manager B,Engineering,Bank Transfer,Varanasi,False
TX000299,EMP002,Meera,2026-05-02,TravelDesk,Software,12281.64,Manager B,Finance,Bank Transfer,Bengaluru,False
TX000300,EMP002,Meera,2026-02-01,TechSupply,Travel,26750.26,Manager A,Operations,Card,Varanasi,False
TX000301,EMP004,Ishita,2026-03-07,OfficeMart,Equipment,32575.99,Manager B,Finance,Card,Mumbai,False
TX000302,EMP002,Meera,2026-03-11,OfficeMart,Equipment,23379.88,Manager B,Operations,Card,Bengaluru,False
TX000303,EMP005,Rohan,2026-02-12,CloudWorks,Software,25268.35,Manager B,Finance,Bank Transfer,Delhi,False
TX000304,EMP002,Meera,2026-03-15,CloudWorks,Travel,19863.89,Manager B,Operations,Card,Mumbai,False
TX000305,EMP003,Kabir,2026-04-26,TravelDesk,Travel,334134.1849095268,Manager A,Operations,Card,Delhi,True
TX000306,EMP003,Kabir,2026-07-16,TechSupply,Software,16252.38,Manager A,Finance,Card,Delhi,False
TX000307,EMP002,Meera,2026-04-05,EquipHub,Equipment,7356.85,Manager A,Finance,Card,Delhi,False
TX000308,EMP002,Meera,2026-02-01,CloudWorks,Software,23288.77,Manager B,Engineering,UPI,Mumbai,False
TX000309,EMP003,Kabir,2026-07-03,TechSupply,Software,15710.74,Manager B,Engineering,Card,Varanasi,False
TX000310,EMP004,Ishita,2026-08-28,TravelDesk,Equipment,3501.94,Manager B,Operations,Bank Transfer,Varanasi,False
TX000311,EMP002,Meera,2026-04-21,CloudWorks,Office,27191.12,Manager B,Engineering,Bank Transfer,Delhi,False
TX000312,EMP003,Kabir,2026-04-08,CloudWorks,Travel,21856.35,Manager B,Operations,UPI,Mumbai,False
TX000313,EMP004,Ishita,2026-02-24,OfficeMart,Equipment,24495.34,Manager B,Operations,UPI,Varanasi,False
TX000314,EMP001,Aarav,2026-08-02,OfficeMart,Software,25039.54,Manager B,Finance,UPI,Bengaluru,False
TX000315,EMP004,Ishita,2026-08-14,EquipHub,Travel,9315.57,Manager B,Finance,Card,Mumbai,False
TX000316,EMP002,Meera,2026-02-16,CloudWorks,Equipment,15653.94,Manager B,Engineering,Card,Varanasi,False
TX000317,EMP001,Aarav,2026-06-13,CloudWorks,Office,15628.34,Manager A,Operations,UPI,Delhi,False
TX000318,EMP005,Rohan,2026-08-08,TechSupply,Travel,20839.55,Manager B,Operations,Bank Transfer,Mumbai,False
TX000319,EMP005,Rohan,2026-03-08,TravelDesk,Software,13019.16,Manager A,Engineering,UPI,Delhi,False
TX000320,EMP004,Ishita,2026-03-02,CloudWorks,Equipment,18680.39,Manager B,Engineering,UPI,Varanasi,False
TX000321,EMP005,Rohan,2026-02-21,TravelDesk,Travel,20176.54,Manager A,Operations,UPI,Mumbai,False
TX000322,EMP002,Meera,2026-02-19,CloudWorks,Equipment,19081.84,Manager B,Finance,Card,Delhi,False
TX000323,EMP002,Meera,2026-06-29,TechSupply,Office,5933.94,Manager A,Finance,Bank Transfer,Delhi,False
TX000324,EMP003,Kabir,2026-04-26,TravelDesk,Travel,11540.18,Manager B,Operations,Card,Varanasi,False
TX000325,EMP001,Aarav,2026-04-09,TechSupply,Equipment,21925.1,Manager A,Finance,UPI,Bengaluru,False
TX000326,EMP001,Aarav,2026-07-01,TravelDesk,Software,26796.14,Manager A,Finance,Card,Mumbai,False
TX000327,EMP003,Kabir,2026-04-22,OfficeMart,Equipment,23048.47,Manager A,Operations,Bank Transfer,Varanasi,False
TX000328,EMP004,Ishita,2026-03-05,OfficeMart,Software,18485.76,Manager A,Finance,Card,Varanasi,False
TX000329,EMP003,Kabir,2026-04-07,TravelDesk,Equipment,37485.47,Manager B,Engineering,Card,Mumbai,False
TX000330,EMP001,Aarav,2026-02-08,TravelDesk,Equipment,20279.34,Manager A,Finance,Bank Transfer,Varanasi,False
TX000331,EMP004,Ishita,2026-07-24,OfficeMart,Office,5934.21,Manager B,Finance,UPI,Varanasi,False
TX000332,EMP003,Kabir,2026-03-15,TravelDesk,Equipment,15015.38,Manager B,Finance,Card,Varanasi,False
TX000333,EMP001,Aarav,2026-08-14,EquipHub,Software,9408.68,Manager A,Operations,Card,Bengaluru,False
TX000334,EMP005,Rohan,2026-06-28,OfficeMart,Travel,23018.29,Manager B,Finance,Bank Transfer,Mumbai,False
TX000335,EMP005,Rohan,2026-02-27,CloudWorks,Travel,20320.75,Manager B,Engineering,UPI,Delhi,False
TX000336,EMP005,Rohan,2026-07-08,CloudWorks,Office,16960.38,Manager B,Operations,Card,Bengaluru,False
TX000337,EMP002,Meera,2026-05-06,TechSupply,Equipment,10596.94,Manager A,Operations,Card,Bengaluru,False
TX000338,EMP005,Rohan,2026-08-09,TechSupply,Software,34321.71,Manager A,Engineering,Bank Transfer,Delhi,False
TX000339,EMP001,Aarav,2026-08-25,TravelDesk,Software,15822.73,Manager B,Operations,Card,Delhi,False
TX000340,EMP003,Kabir,2026-07-09,CloudWorks,Equipment,19464.08,Manager A,Operations,UPI,Delhi,False
TX000341,EMP002,Meera,2026-07-04,TechSupply,Travel,10309.69,Manager A,Engineering,UPI,Varanasi,False
TX000342,EMP005,Rohan,2026-01-06,EquipHub,Travel,10995.98,Manager A,Engineering,Bank Transfer,Delhi,False
TX000343,EMP003,Kabir,2026-01-14,EquipHub,Equipment,23841.28,Manager B,Finance,UPI,Delhi,False
TX000344,EMP003,Kabir,2026-08-15,TechSupply,Travel,16791.13,Manager B,Finance,Bank Transfer,Varanasi,False
TX000345,EMP002,Meera,2026-06-29,TechSupply,Office,21070.55,Manager B,Engineering,Bank Transfer,Varanasi,False
TX000346,EMP004,Ishita,2026-02-28,TravelDesk,Office,9573.71,Manager A,Operations,Bank Transfer,Bengaluru,False
TX000347,EMP001,Aarav,2026-06-02,EquipHub,Travel,6047.77,Manager A,Engineering,Card,Delhi,False
TX000348,EMP001,Aarav,2026-06-03,OfficeMart,Equipment,26149.53,Manager B,Operations,Card,Delhi,False
TX000349,EMP005,Rohan,2026-05-19,TechSupply,Equipment,19320.99,Manager A,Operations,UPI,Varanasi,False
TX000350,EMP005,Rohan,2026-03-21,TechSupply,Office,23637.75,Manager A,Finance,Card,Mumbai,False
TX000351,EMP002,Meera,2026-01-18,OfficeMart,Office,31537.68,Manager A,Finance,Bank Transfer,Varanasi,False
TX000352,EMP004,Ishita,2026-05-20,OfficeMart,Travel,20439.65,Manager A,Operations,Card,Bengaluru,False
TX000353,EMP003,Kabir,2026-05-06,TravelDesk,Software,11348.13,Manager B,Engineering,Card,Delhi,False
TX000354,EMP001,Aarav,2026-02-10,CloudWorks,Software,15081.48,Manager A,Finance,UPI,Mumbai,False
TX000355,EMP004,Ishita,2026-07-22,EquipHub,Travel,12129.18,Manager B,Operations,UPI,Mumbai,False
TX000356,EMP005,Rohan,2026-07-03,CloudWorks,Office,17049.52,Manager A,Operations,Bank Transfer,Varanasi,False
TX000357,EMP001,Aarav,2026-03-12,TechSupply,Software,16606.17,Manager A,Engineering,Card,Bengaluru,False
TX000358,EMP003,Kabir,2026-05-27,EquipHub,Office,13815.7,Manager A,Operations,Bank Transfer,Bengaluru,False
TX000359,EMP003,Kabir,2026-06-13,CloudWorks,Software,13657.07,Manager A,Engineering,Bank Transfer,Mumbai,False
TX000360,EMP005,Rohan,2026-02-23,EquipHub,Travel,14493.48,Manager B,Finance,UPI,Varanasi,False
TX000361,EMP003,Kabir,2026-05-11,EquipHub,Software,20432.11,Manager B,Engineering,Card,Bengaluru,False
TX000362,EMP004,Ishita,2026-08-11,EquipHub,Travel,11919.18,Manager B,Engineering,UPI,Bengaluru,False
TX000363,EMP001,Aarav,2026-01-18,CloudWorks,Software,20572.63,Manager B,Operations,Bank Transfer,Delhi,False
TX000364,EMP003,Kabir,2026-04-23,TravelDesk,Software,26655.02,Manager B,Finance,Bank Transfer,Mumbai,False
TX000365,EMP001,Aarav,2026-01-23,CloudWorks,Software,198214.95412462513,Manager A,Operations,Bank Transfer,Bengaluru,True
TX000366,EMP004,Ishita,2026-01-08,EquipHub,Office,18036.17,Manager A,Operations,UPI,Mumbai,False
TX000367,EMP003,Kabir,2026-05-31,TechSupply,Travel,22654.73,Manager A,Engineering,Card,Varanasi,False
TX000368,EMP001,Aarav,2026-02-25,EquipHub,Travel,22862.21,Manager A,Operations,Bank Transfer,Varanasi,False
TX000369,EMP002,Meera,2026-08-28,CloudWorks,Software,8157.0,Manager A,Finance,UPI,Delhi,False
TX000370,EMP004,Ishita,2026-05-20,OfficeMart,Equipment,23986.12,Manager A,Engineering,Bank Transfer,Bengaluru,False
TX000371,EMP004,Ishita,2026-07-26,TechSupply,Office,24615.42,Manager A,Engineering,UPI,Varanasi,False
TX000372,EMP002,Meera,2026-03-14,TechSupply,Equipment,25163.18,Manager A,Operations,UPI,Varanasi,False
TX000373,EMP003,Kabir,2026-07-11,OfficeMart,Software,20344.46,Manager B,Engineering,Card,Bengaluru,False
TX000374,EMP001,Aarav,2026-05-02,TravelDesk,Software,21317.51,Manager B,Operations,UPI,Delhi,False
TX000375,EMP003,Kabir,2026-03-21,TravelDesk,Office,20065.91,Manager B,Operations,UPI,Delhi,False
TX000376,EMP001,Aarav,2026-02-24,EquipHub,Travel,20196.17,Manager A,Finance,UPI,Delhi,False
TX000377,EMP001,Aarav,2026-02-12,EquipHub,Software,21387.69,Manager B,Finance,Card,Mumbai,False
TX000378,EMP005,Rohan,2026-05-20,OfficeMart,Equipment,18988.09,Manager A,Finance,Bank Transfer,Bengaluru,False
TX000379,EMP002,Meera,2026-04-17,TechSupply,Office,13492.34,Manager A,Operations,Bank Transfer,Varanasi,False
TX000380,EMP001,Aarav,2026-01-03,TravelDesk,Equipment,18745.81,Manager A,Engineering,UPI,Mumbai,False
TX000381,EMP005,Rohan,2026-02-18,OfficeMart,Travel,16629.16,Manager A,Engineering,UPI,Varanasi,False
TX000382,EMP005,Rohan,2026-04-29,EquipHub,Software,24378.97,Manager B,Engineering,UPI,Mumbai,False
TX000383,EMP004,Ishita,2026-01-12,TravelDesk,Travel,28532.64,Manager A,Finance,Card,Delhi,False
TX000384,EMP003,Kabir,2026-06-04,CloudWorks,Equipment,13618.64,Manager B,Operations,Card,Bengaluru,False
TX000385,EMP001,Aarav,2026-01-25,CloudWorks,Travel,15300.92,Manager B,Finance,Card,Mumbai,False
TX000386,EMP005,Rohan,2026-02-23,OfficeMart,Software,10693.88,Manager A,Finance,Card,Varanasi,False
TX000387,EMP003,Kabir,2026-08-11,CloudWorks,Equipment,26427.83,Manager B,Finance,Card,Varanasi,False
TX000388,EMP003,Kabir,2026-08-17,EquipHub,Equipment,20194.22,Manager B,Operations,Card,Varanasi,False
TX000389,EMP002,Meera,2026-08-21,CloudWorks,Office,23058.92,Manager A,Operations,Card,Bengaluru,False
TX000390,EMP005,Rohan,2026-05-28,CloudWorks,Travel,16303.71,Manager B,Finance,Bank Transfer,Bengaluru,False
TX000391,EMP004,Ishita,2026-01-19,OfficeMart,Equipment,26161.43,Manager B,Engineering,UPI,Bengaluru,False
TX000392,EMP003,Kabir,2026-03-16,OfficeMart,Travel,16501.31,Manager A,Engineering,UPI,Mumbai,False
TX000393,EMP002,Meera,2026-02-22,TravelDesk,Equipment,17578.45,Manager B,Operations,Card,Mumbai,False
TX000394,EMP005,Rohan,2026-07-26,OfficeMart,Equipment,19800.23,Manager B,Finance,Bank Transfer,Bengaluru,False
TX000395,EMP003,Kabir,2026-08-11,OfficeMart,Travel,20568.96,Manager B,Operations,Bank Transfer,Mumbai,False
TX000396,EMP003,Kabir,2026-01-22,EquipHub,Software,15487.03,Manager A,Finance,Bank Transfer,Delhi,False
TX000397,EMP004,Ishita,2026-06-30,TravelDesk,Software,21472.23,Manager A,Operations,UPI,Bengaluru,False
TX000398,EMP002,Meera,2026-07-22,EquipHub,Equipment,25448.38,Manager A,Engineering,Card,Mumbai,False
TX000399,EMP002,Meera,2026-08-01,TechSupply,Office,16157.06,Manager A,Finance,Card,Bengaluru,False
TX000400,EMP001,Aarav,2026-01-12,TravelDesk,Office,21430.33,Manager A,Engineering,UPI,Delhi,False
TX000401,EMP003,Kabir,2026-05-06,TravelDesk,Office,18159.82,Manager B,Engineering,Card,Delhi,False
TX000402,EMP002,Meera,2026-06-06,TravelDesk,Office,8640.97,Manager A,Finance,Bank Transfer,Delhi,False
TX000403,EMP002,Meera,2026-04-05,OfficeMart,Software,16637.3,Manager B,Engineering,Card,Bengaluru,False
TX000404,EMP001,Aarav,2026-01-06,CloudWorks,Software,21190.29,Manager B,Engineering,UPI,Mumbai,False
TX000405,EMP001,Aarav,2026-07-07,TechSupply,Office,23271.94,Manager B,Engineering,Card,Varanasi,False
TX000406,EMP005,Rohan,2026-03-10,TravelDesk,Travel,21823.02,Manager A,Operations,UPI,Varanasi,False
TX000407,EMP004,Ishita,2026-01-11,EquipHub,Travel,16004.73,Manager B,Finance,UPI,Delhi,False
TX000408,EMP001,Aarav,2026-08-26,OfficeMart,Software,19434.83,Manager A,Operations,Bank Transfer,Delhi,False
TX000409,EMP001,Aarav,2026-04-26,TechSupply,Software,30663.1,Manager A,Finance,Card,Mumbai,False
TX000410,EMP004,Ishita,2026-08-15,CloudWorks,Travel,20955.79,Manager A,Finance,Bank Transfer,Delhi,False
TX000411,EMP001,Aarav,2026-08-12,EquipHub,Equipment,20088.08,Manager B,Finance,UPI,Bengaluru,False
TX000412,EMP004,Ishita,2026-07-26,OfficeMart,Software,11169.13,Manager A,Operations,UPI,Delhi,False
TX000413,EMP002,Meera,2026-05-08,TechSupply,Office,27849.48,Manager B,Finance,Card,Mumbai,False
TX000414,EMP003,Kabir,2026-04-05,CloudWorks,Travel,24421.02,Manager A,Finance,Bank Transfer,Bengaluru,False
TX000415,EMP002,Meera,2026-03-05,TravelDesk,Software,25535.84,Manager A,Operations,Bank Transfer,Delhi,False
TX000416,EMP004,Ishita,2026-03-28,OfficeMart,Travel,14033.99,Manager A,Finance,Card,Varanasi,False
TX000417,EMP003,Kabir,2026-03-24,TravelDesk,Software,24601.2,Manager B,Finance,UPI,Mumbai,False
TX000418,EMP004,Ishita,2026-06-29,TechSupply,Equipment,20322.71,Manager B,Operations,Card,Bengaluru,False
TX000419,EMP001,Aarav,2026-06-20,CloudWorks,Equipment,13442.63,Manager A,Engineering,Bank Transfer,Mumbai,False
TX000420,EMP001,Aarav,2026-05-05,CloudWorks,Office,18145.87,Manager A,Engineering,Bank Transfer,Mumbai,False
TX000421,EMP001,Aarav,2026-08-11,TechSupply,Office,18823.97,Manager B,Finance,UPI,Mumbai,False
TX000422,EMP002,Meera,2026-03-07,TechSupply,Office,20338.98,Manager B,Engineering,Bank Transfer,Delhi,False
TX000423,EMP005,Rohan,2026-03-23,TechSupply,Office,14509.25,Manager B,Finance,Card,Mumbai,False
TX000424,EMP002,Meera,2026-07-01,TechSupply,Equipment,26134.44,Manager A,Engineering,UPI,Bengaluru,False
TX000425,EMP005,Rohan,2026-03-17,OfficeMart,Equipment,22806.92,Manager B,Operations,Bank Transfer,Varanasi,False
TX000426,EMP001,Aarav,2026-04-15,CloudWorks,Equipment,20567.56,Manager B,Finance,Card,Varanasi,False
TX000427,EMP003,Kabir,2026-01-23,TravelDesk,Equipment,29260.96,Manager A,Finance,Card,Bengaluru,False
TX000428,EMP001,Aarav,2026-01-09,CloudWorks,Equipment,18321.94,Manager B,Engineering,Bank Transfer,Varanasi,False
TX000429,EMP002,Meera,2026-01-24,EquipHub,Software,21268.32,Manager B,Finance,Bank Transfer,Delhi,False
TX000430,EMP003,Kabir,2026-03-05,EquipHub,Software,22936.3,Manager A,Operations,Card,Delhi,False
TX000431,EMP005,Rohan,2026-08-03,CloudWorks,Software,24635.24,Manager B,Engineering,Card,Delhi,False
TX000432,EMP003,Kabir,2026-03-03,OfficeMart,Office,19831.89,Manager B,Engineering,Bank Transfer,Bengaluru,False
TX000433,EMP003,Kabir,2026-04-10,EquipHub,Software,26410.77,Manager B,Operations,Card,Varanasi,False
TX000434,EMP003,Kabir,2026-08-21,OfficeMart,Office,15207.17,Manager B,Engineering,Bank Transfer,Mumbai,False
TX000435,EMP002,Meera,2026-07-16,TechSupply,Software,27554.69,Manager A,Operations,UPI,Mumbai,False
TX000436,EMP002,Meera,2026-05-16,TechSupply,Office,15683.11,Manager A,Engineering,Card,Varanasi,False
TX000437,EMP001,Aarav,2026-01-17,TechSupply,Software,20764.17,Manager A,Engineering,Bank Transfer,Mumbai,False
TX000438,EMP002,Meera,2026-08-13,TechSupply,Office,21345.78,Manager A,Finance,Card,Bengaluru,False
TX000439,EMP002,Meera,2026-06-22,TravelDesk,Office,15536.83,Manager B,Finance,UPI,Varanasi,False
TX000440,EMP004,Ishita,2026-04-20,TechSupply,Software,27806.95,Manager B,Operations,UPI,Mumbai,False
TX000441,EMP005,Rohan,2026-01-28,CloudWorks,Equipment,9744.64,Manager A,Finance,Card,Delhi,False
TX000442,EMP004,Ishita,2026-04-19,TechSupply,Office,18202.08,Manager B,Operations,UPI,Delhi,False
TX000443,EMP003,Kabir,2026-06-19,TravelDesk,Office,23046.37,Manager A,Engineering,Card,Delhi,False
TX000444,EMP003,Kabir,2026-06-07,CloudWorks,Equipment,8825.09,Manager B,Operations,Bank Transfer,Varanasi,False
TX000445,EMP003,Kabir,2026-02-02,EquipHub,Software,17189.45,Manager B,Engineering,Bank Transfer,Delhi,False
TX000446,EMP005,Rohan,2026-01-15,TravelDesk,Software,14005.13,Manager B,Engineering,Card,Mumbai,False
TX000447,EMP004,Ishita,2026-03-04,TechSupply,Software,20084.43,Manager A,Engineering,UPI,Bengaluru,False
TX000448,EMP005,Rohan,2026-07-05,TechSupply,Travel,20544.8,Manager A,Operations,Card,Bengaluru,False
TX000449,EMP001,Aarav,2026-08-07,TechSupply,Office,22625.93,Manager B,Engineering,UPI,Bengaluru,False
TX000450,EMP003,Kabir,2026-08-25,OfficeMart,Office,27750.12,Manager A,Engineering,Card,Mumbai,False
TX000451,EMP004,Ishita,2026-06-30,OfficeMart,Travel,19411.56,Manager B,Operations,Bank Transfer,Bengaluru,False
TX000452,EMP005,Rohan,2026-05-27,TravelDesk,Equipment,20515.96,Manager B,Operations,Card,Mumbai,False
TX000453,EMP001,Aarav,2026-05-14,OfficeMart,Equipment,23475.69,Manager B,Engineering,Bank Transfer,Delhi,False
TX000454,EMP001,Aarav,2026-02-15,CloudWorks,Travel,12278.56,Manager A,Finance,UPI,Mumbai,False
TX000455,EMP003,Kabir,2026-08-02,OfficeMart,Office,19458.85,Manager A,Finance,Card,Varanasi,False
TX000456,EMP001,Aarav,2026-06-19,TechSupply,Software,11637.97,Manager B,Finance,UPI,Mumbai,False
TX000457,EMP001,Aarav,2026-06-24,EquipHub,Office,15532.26,Manager B,Operations,UPI,Varanasi,False
TX000458,EMP002,Meera,2026-07-01,TechSupply,Software,24050.87,Manager B,Engineering,Card,Delhi,False
TX000459,EMP004,Ishita,2026-05-06,TechSupply,Travel,21480.1,Manager B,Operations,Bank Transfer,Varanasi,False
TX000460,EMP005,Rohan,2026-01-19,OfficeMart,Office,20829.23,Manager B,Engineering,Card,Delhi,False
TX000461,EMP002,Meera,2026-02-11,EquipHub,Software,18714.35,Manager B,Operations,UPI,Mumbai,False
TX000462,EMP005,Rohan,2026-01-17,CloudWorks,Office,23787.65,Manager A,Finance,Bank Transfer,Varanasi,False
TX000463,EMP002,Meera,2026-02-20,OfficeMart,Travel,31317.13,Manager A,Engineering,UPI,Bengaluru,False
TX000464,EMP001,Aarav,2026-04-01,TechSupply,Office,26629.64,Manager B,Engineering,Card,Bengaluru,False
TX000465,EMP002,Meera,2026-07-28,TravelDesk,Travel,33664.58,Manager B,Finance,Card,Mumbai,False
TX000466,EMP004,Ishita,2026-01-17,EquipHub,Software,27216.2,Manager A,Operations,Card,Mumbai,False
TX000467,EMP005,Rohan,2026-07-27,OfficeMart,Office,15499.99,Manager A,Finance,UPI,Mumbai,False
TX000468,EMP003,Kabir,2026-07-24,TravelDesk,Travel,3423.95,Manager B,Engineering,Card,Varanasi,False
TX000469,EMP005,Rohan,2026-04-28,EquipHub,Equipment,20080.25,Manager A,Finance,Bank Transfer,Varanasi,False
TX000470,EMP005,Rohan,2026-01-13,OfficeMart,Equipment,28212.71,Manager A,Engineering,UPI,Bengaluru,False
TX000471,EMP004,Ishita,2026-03-05,OfficeMart,Software,22429.89,Manager A,Engineering,Card,Delhi,False
TX000472,EMP003,Kabir,2026-03-20,CloudWorks,Software,26841.52,Manager B,Engineering,Card,Mumbai,False
TX000473,EMP005,Rohan,2026-07-29,TravelDesk,Office,28819.62,Manager A,Operations,UPI,Varanasi,False
TX000474,EMP001,Aarav,2026-02-27,TravelDesk,Office,21564.53,Manager A,Finance,Card,Varanasi,False
TX000475,EMP001,Aarav,2026-08-25,TechSupply,Travel,25007.15,Manager A,Finance,UPI,Bengaluru,False
TX000476,EMP002,Meera,2026-07-01,TravelDesk,Office,7671.43,Manager A,Engineering,Card,Varanasi,False
TX000477,EMP005,Rohan,2026-03-03,TravelDesk,Office,15849.38,Manager A,Engineering,Bank Transfer,Bengaluru,False
TX000478,EMP002,Meera,2026-07-10,TravelDesk,Equipment,19776.5,Manager A,Operations,Card,Mumbai,False
TX000479,EMP003,Kabir,2026-05-14,EquipHub,Software,21943.94,Manager B,Operations,Bank Transfer,Bengaluru,False
TX000480,EMP005,Rohan,2026-08-22,OfficeMart,Travel,17886.41,Manager B,Engineering,Bank Transfer,Mumbai,False
TX000481,EMP002,Meera,2026-02-26,OfficeMart,Office,17673.27,Manager B,Operations,UPI,Mumbai,False
TX000482,EMP001,Aarav,2026-02-17,EquipHub,Office,19311.33,Manager A,Operations,UPI,Bengaluru,False
TX000483,EMP001,Aarav,2026-01-17,EquipHub,Travel,15805.87,Manager A,Operations,Card,Varanasi,False
TX000484,EMP005,Rohan,2026-06-22,TravelDesk,Software,10802.81,Manager B,Operations,Card,Varanasi,False
TX000485,EMP001,Aarav,2026-05-22,TravelDesk,Software,24011.33,Manager B,Operations,Bank Transfer,Varanasi,False
TX000486,EMP003,Kabir,2026-02-08,CloudWorks,Travel,10040.67,Manager A,Engineering,UPI,Bengaluru,False
TX000487,EMP001,Aarav,2026-01-12,EquipHub,Travel,18900.21,Manager B,Engineering,Bank Transfer,Bengaluru,False
TX000488,EMP004,Ishita,2026-06-22,TechSupply,Equipment,21687.04,Manager B,Engineering,UPI,Bengaluru,False
TX000489,EMP001,Aarav,2026-05-26,OfficeMart,Software,10115.02,Manager B,Engineering,UPI,Varanasi,False
TX000490,EMP003,Kabir,2026-06-12,TechSupply,Travel,14593.8,Manager A,Finance,Card,Bengaluru,False
TX000491,EMP005,Rohan,2026-07-18,EquipHub,Travel,28140.58,Manager A,Engineering,UPI,Delhi,False
TX000492,EMP005,Rohan,2026-07-27,TechSupply,Travel,8832.84,Manager A,Engineering,Card,Mumbai,False
TX000493,EMP004,Ishita,2026-02-04,OfficeMart,Software,26802.74,Manager B,Operations,Bank Transfer,Bengaluru,False
TX000494,EMP005,Rohan,2026-02-26,TechSupply,Software,10866.8,Manager A,Operations,UPI,Delhi,False
TX000495,EMP005,Rohan,2026-07-05,TravelDesk,Office,14251.93,Manager B,Engineering,UPI,Varanasi,False
TX000496,EMP001,Aarav,2026-04-07,EquipHub,Equipment,25973.24,Manager B,Operations,Bank Transfer,Bengaluru,False
TX000497,EMP005,Rohan,2026-05-13,CloudWorks,Equipment,24438.16,Manager B,Engineering,Card,Mumbai,False
TX000498,EMP004,Ishita,2026-06-13,TravelDesk,Equipment,24613.8,Manager B,Finance,UPI,Mumbai,False
TX000499,EMP003,Kabir,2026-08-14,OfficeMart,Travel,15034.49,Manager B,Engineering,UPI,Delhi,False
TX000500,EMP004,Ishita,2026-04-11,TechSupply,Office,8945.69,Manager B,Finance,Card,Varanasi,False
TX000501,EMP002,Meera,2026-02-04,EquipHub,Travel,12866.72,Manager B,Finance,Bank Transfer,Mumbai,False
TX000502,EMP002,Meera,2026-05-16,CloudWorks,Travel,23971.69,Manager A,Operations,Bank Transfer,Mumbai,False
TX000503,EMP005,Rohan,2026-08-08,EquipHub,Equipment,23505.01,Manager A,Engineering,Bank Transfer,Bengaluru,False
TX000504,EMP004,Ishita,2026-06-03,TravelDesk,Office,24572.9,Manager A,Operations,UPI,Bengaluru,False
TX000505,EMP001,Aarav,2026-07-07,TechSupply,Office,19785.05,Manager B,Engineering,Card,Bengaluru,False
TX000506,EMP001,Aarav,2026-04-15,EquipHub,Office,28266.42,Manager A,Engineering,UPI,Delhi,False
TX000507,EMP001,Aarav,2026-08-21,CloudWorks,Software,15789.4,Manager B,Finance,Bank Transfer,Bengaluru,False
TX000508,EMP002,Meera,2026-04-30,CloudWorks,Equipment,19267.5,Manager A,Finance,Bank Transfer,Bengaluru,False
TX000509,EMP005,Rohan,2026-01-07,TechSupply,Software,21493.48,Manager B,Finance,UPI,Bengaluru,False
TX000510,EMP004,Ishita,2026-06-12,TechSupply,Travel,29130.2,Manager B,Engineering,Card,Delhi,False
TX000511,EMP003,Kabir,2026-01-10,TravelDesk,Travel,30240.61,Manager A,Operations,Bank Transfer,Mumbai,False
TX000512,EMP004,Ishita,2026-05-14,TravelDesk,Equipment,20065.9,Manager A,Engineering,Card,Bengaluru,False
TX000513,EMP002,Meera,2026-06-17,EquipHub,Office,30693.76,Manager A,Operations,Bank Transfer,Mumbai,False
TX000514,EMP002,Meera,2026-07-20,CloudWorks,Office,31358.29,Manager A,Finance,Bank Transfer,Delhi,False
TX000515,EMP005,Rohan,2026-03-22,TechSupply,Software,16748.1,Manager A,Engineering,UPI,Varanasi,False
TX000516,EMP004,Ishita,2026-08-03,EquipHub,Office,18950.19,Manager B,Finance,UPI,Varanasi,False
TX000517,EMP003,Kabir,2026-01-22,EquipHub,Equipment,23686.64,Manager B,Operations,Bank Transfer,Delhi,False
TX000518,EMP005,Rohan,2026-06-10,CloudWorks,Equipment,303865.51265481196,Manager A,Finance,Card,Mumbai,True
TX000519,EMP003,Kabir,2026-05-28,CloudWorks,Travel,9590.14,Manager A,Engineering,Card,Varanasi,False
TX000520,EMP005,Rohan,2026-07-16,TechSupply,Equipment,7489.83,Manager A,Finance,Card,Delhi,False
TX000521,EMP002,Meera,2026-02-17,TravelDesk,Equipment,28610.04,Manager B,Operations,Bank Transfer,Varanasi,False
TX000522,EMP005,Rohan,2026-08-19,TravelDesk,Equipment,30094.3,Manager B,Engineering,Card,Delhi,False
TX000523,EMP004,Ishita,2026-05-15,OfficeMart,Software,9142.3,Manager B,Finance,UPI,Mumbai,False
TX000524,EMP003,Kabir,2026-04-30,TravelDesk,Travel,21097.49,Manager B,Engineering,Card,Delhi,False
TX000525,EMP002,Meera,2026-04-22,TechSupply,Equipment,27597.83,Manager A,Finance,UPI,Bengaluru,False
TX000526,EMP005,Rohan,2026-07-02,TechSupply,Equipment,22038.85,Manager A,Finance,UPI,Varanasi,False
TX000527,EMP002,Meera,2026-06-25,OfficeMart,Travel,21856.48,Manager A,Operations,Card,Varanasi,False
TX000528,EMP001,Aarav,2026-04-11,TechSupply,Travel,24277.98,Manager A,Engineering,UPI,Varanasi,False
TX000529,EMP002,Meera,2026-04-05,TravelDesk,Office,8517.32,Manager B,Finance,Card,Varanasi,False
TX000530,EMP004,Ishita,2026-04-06,TravelDesk,Office,21228.24,Manager A,Engineering,Bank Transfer,Varanasi,False
TX000531,EMP002,Meera,2026-08-03,CloudWorks,Travel,24963.04,Manager A,Engineering,Card,Bengaluru,False
TX000532,EMP003,Kabir,2026-04-18,TravelDesk,Software,17646.64,Manager A,Engineering,Card,Bengaluru,False
TX000533,EMP001,Aarav,2026-04-24,CloudWorks,Travel,15372.62,Manager A,Engineering,Bank Transfer,Varanasi,False
TX000534,EMP003,Kabir,2026-07-24,OfficeMart,Travel,21268.76,Manager B,Finance,UPI,Bengaluru,False
TX000535,EMP002,Meera,2026-02-27,OfficeMart,Software,15099.24,Manager A,Engineering,Card,Varanasi,False
TX000536,EMP002,Meera,2026-04-02,TechSupply,Equipment,20031.94,Manager A,Operations,Card,Mumbai,False
TX000537,EMP005,Rohan,2026-07-16,EquipHub,Software,18024.74,Manager B,Operations,UPI,Bengaluru,False
TX000538,EMP004,Ishita,2026-05-08,CloudWorks,Equipment,19472.56,Manager B,Operations,Card,Delhi,False
TX000539,EMP003,Kabir,2026-08-03,TechSupply,Office,29842.12,Manager B,Engineering,UPI,Varanasi,False
TX000540,EMP001,Aarav,2026-03-01,OfficeMart,Equipment,8613.11,Manager B,Finance,Card,Bengaluru,False
TX000541,EMP003,Kabir,2026-08-26,TravelDesk,Travel,21608.98,Manager B,Engineering,UPI,Varanasi,False
TX000542,EMP002,Meera,2026-03-27,TravelDesk,Office,15799.5,Manager A,Operations,UPI,Varanasi,False
TX000543,EMP002,Meera,2026-02-02,TravelDesk,Equipment,17602.71,Manager B,Finance,UPI,Delhi,False
TX000544,EMP001,Aarav,2026-05-14,TravelDesk,Software,28615.87,Manager B,Engineering,UPI,Mumbai,False
TX000545,EMP001,Aarav,2026-05-08,OfficeMart,Travel,29394.68,Manager B,Finance,Card,Varanasi,False
TX000546,EMP003,Kabir,2026-02-11,EquipHub,Software,18670.42,Manager A,Operations,Card,Mumbai,False
TX000547,EMP004,Ishita,2026-02-14,EquipHub,Office,9461.14,Manager B,Finance,Card,Bengaluru,False
TX000548,EMP003,Kabir,2026-07-20,TravelDesk,Equipment,13807.81,Manager A,Operations,UPI,Varanasi,False
TX000549,EMP003,Kabir,2026-06-17,TravelDesk,Travel,22971.64,Manager A,Engineering,UPI,Varanasi,False
TX000550,EMP004,Ishita,2026-01-25,OfficeMart,Office,13327.73,Manager B,Operations,Bank Transfer,Delhi,False
TX000551,EMP001,Aarav,2026-06-12,EquipHub,Equipment,22401.86,Manager A,Finance,Card,Varanasi,False
TX000552,EMP002,Meera,2026-08-01,TechSupply,Equipment,24239.2,Manager B,Engineering,Bank Transfer,Bengaluru,False
TX000553,EMP003,Kabir,2026-05-04,TravelDesk,Office,20689.6,Manager A,Finance,UPI,Mumbai,False
TX000554,EMP001,Aarav,2026-06-03,TechSupply,Office,27739.58,Manager B,Operations,Card,Bengaluru,False
TX000555,EMP004,Ishita,2026-05-10,TravelDesk,Software,14571.15,Manager B,Operations,UPI,Mumbai,False
TX000556,EMP003,Kabir,2026-06-27,EquipHub,Equipment,12188.39,Manager A,Engineering,Bank Transfer,Bengaluru,False
TX000557,EMP005,Rohan,2026-03-26,CloudWorks,Equipment,14333.46,Manager A,Operations,Card,Delhi,False
TX000558,EMP004,Ishita,2026-01-15,CloudWorks,Office,23885.44,Manager A,Finance,Bank Transfer,Delhi,False
TX000559,EMP003,Kabir,2026-06-25,EquipHub,Office,500906.76504329615,Manager A,Finance,Card,Varanasi,True
TX000560,EMP002,Meera,2026-06-16,TravelDesk,Office,22348.98,Manager A,Engineering,Bank Transfer,Delhi,False
TX000561,EMP004,Ishita,2026-05-24,OfficeMart,Equipment,12814.47,Manager B,Finance,UPI,Bengaluru,False
TX000562,EMP004,Ishita,2026-01-13,EquipHub,Equipment,15833.21,Manager B,Operations,Card,Delhi,False
TX000563,EMP002,Meera,2026-02-22,TravelDesk,Travel,15835.74,Manager A,Finance,UPI,Delhi,False
TX000564,EMP003,Kabir,2026-04-22,CloudWorks,Travel,25806.35,Manager A,Engineering,UPI,Bengaluru,False
TX000565,EMP003,Kabir,2026-03-06,CloudWorks,Office,35808.44,Manager A,Operations,Bank Transfer,Delhi,False
TX000566,EMP003,Kabir,2026-04-16,CloudWorks,Office,29027.04,Manager A,Engineering,UPI,Mumbai,False
TX000567,EMP003,Kabir,2026-01-16,CloudWorks,Software,20566.82,Manager B,Engineering,Card,Delhi,False
TX000568,EMP002,Meera,2026-07-15,TravelDesk,Equipment,28877.54,Manager A,Operations,Bank Transfer,Bengaluru,False
TX000569,EMP005,Rohan,2026-04-14,EquipHub,Software,24053.64,Manager B,Engineering,Card,Delhi,False
TX000570,EMP003,Kabir,2026-01-26,EquipHub,Office,18442.32,Manager B,Engineering,Bank Transfer,Bengaluru,False
TX000571,EMP002,Meera,2026-08-12,CloudWorks,Travel,20652.21,Manager B,Engineering,Card,Mumbai,False
TX000572,EMP003,Kabir,2026-03-01,EquipHub,Office,16581.34,Manager A,Finance,Card,Delhi,False
TX000573,EMP002,Meera,2026-05-07,OfficeMart,Office,20043.24,Manager A,Finance,Card,Bengaluru,False
TX000574,EMP002,Meera,2026-03-20,TechSupply,Office,25059.05,Manager A,Finance,Bank Transfer,Varanasi,False
TX000575,EMP002,Meera,2026-01-26,OfficeMart,Office,20055.04,Manager B,Operations,Bank Transfer,Bengaluru,False
TX000576,EMP004,Ishita,2026-05-27,CloudWorks,Office,34963.56,Manager A,Operations,Bank Transfer,Mumbai,False
TX000577,EMP005,Rohan,2026-05-30,OfficeMart,Software,22959.61,Manager A,Operations,Card,Mumbai,False
TX000578,EMP003,Kabir,2026-08-28,CloudWorks,Travel,20452.4,Manager A,Operations,Bank Transfer,Mumbai,False
TX000579,EMP003,Kabir,2026-08-10,CloudWorks,Travel,16012.48,Manager B,Finance,Bank Transfer,Bengaluru,False
TX000580,EMP001,Aarav,2026-06-11,TechSupply,Office,25855.9,Manager B,Finance,Card,Varanasi,False
TX000581,EMP005,Rohan,2026-01-09,CloudWorks,Equipment,15068.65,Manager B,Finance,UPI,Mumbai,False
TX000582,EMP001,Aarav,2026-06-11,OfficeMart,Travel,14661.26,Manager A,Operations,Bank Transfer,Bengaluru,False
TX000583,EMP003,Kabir,2026-03-29,TravelDesk,Travel,13483.56,Manager B,Finance,UPI,Bengaluru,False
TX000584,EMP004,Ishita,2026-07-31,CloudWorks,Software,23433.45,Manager B,Finance,UPI,Mumbai,False
TX000585,EMP005,Rohan,2026-02-28,OfficeMart,Equipment,20701.88,Manager B,Finance,Card,Varanasi,False
TX000586,EMP005,Rohan,2026-02-10,CloudWorks,Software,22378.45,Manager A,Finance,Bank Transfer,Varanasi,False
TX000587,EMP001,Aarav,2026-08-18,EquipHub,Office,19988.49,Manager A,Operations,Card,Mumbai,False
TX000588,EMP003,Kabir,2026-08-08,OfficeMart,Software,18005.34,Manager B,Finance,Bank Transfer,Mumbai,False
TX000589,EMP002,Meera,2026-03-01,OfficeMart,Equipment,16170.64,Manager B,Operations,UPI,Mumbai,False
TX000590,EMP004,Ishita,2026-05-23,EquipHub,Travel,20471.71,Manager A,Finance,UPI,Delhi,False
TX000591,EMP001,Aarav,2026-05-18,TechSupply,Software,26127.33,Manager A,Engineering,Card,Mumbai,False
TX000592,EMP002,Meera,2026-08-12,TravelDesk,Equipment,20120.22,Manager A,Engineering,UPI,Bengaluru,False
TX000593,EMP002,Meera,2026-06-21,OfficeMart,Travel,19993.28,Manager B,Finance,UPI,Mumbai,False
TX000594,EMP004,Ishita,2026-05-26,CloudWorks,Office,30985.73,Manager A,Finance,UPI,Bengaluru,False
TX000595,EMP005,Rohan,2026-02-08,CloudWorks,Equipment,12362.29,Manager B,Operations,Card,Delhi,False
TX000596,EMP005,Rohan,2026-05-12,OfficeMart,Software,21660.92,Manager B,Engineering,Card,Mumbai,False
TX000597,EMP005,Rohan,2026-08-24,CloudWorks,Equipment,27069.11,Manager B,Engineering,Bank Transfer,Mumbai,False
TX000598,EMP002,Meera,2026-06-28,TechSupply,Equipment,28529.76,Manager B,Engineering,Bank Transfer,Mumbai,False
TX000599,EMP002,Meera,2026-01-20,TechSupply,Software,20146.69,Manager A,Operations,Bank Transfer,Varanasi,False
TX000600,EMP003,Kabir,2026-06-17,EquipHub,Travel,22534.8,Manager B,Operations,Card,Mumbai,False
TX000601,EMP003,Kabir,2026-03-20,TechSupply,Travel,18232.59,Manager B,Engineering,Card,Bengaluru,False
TX000602,EMP001,Aarav,2026-03-17,TechSupply,Software,20682.8,Manager B,Operations,Card,Bengaluru,False
TX000603,EMP004,Ishita,2026-04-01,TechSupply,Office,21826.61,Manager A,Finance,Bank Transfer,Mumbai,False
TX000604,EMP001,Aarav,2026-08-25,CloudWorks,Travel,15910.31,Manager B,Finance,Card,Mumbai,False
TX000605,EMP003,Kabir,2026-06-02,TechSupply,Equipment,19815.54,Manager B,Operations,Bank Transfer,Delhi,False
TX000606,EMP002,Meera,2026-06-29,OfficeMart,Software,11932.58,Manager A,Engineering,UPI,Varanasi,False
TX000607,EMP004,Ishita,2026-03-01,TravelDesk,Office,19461.62,Manager B,Engineering,Card,Varanasi,False
TX000608,EMP004,Ishita,2026-05-28,OfficeMart,Office,252684.65372617092,Manager B,Finance,Bank Transfer,Delhi,True
TX000609,EMP002,Meera,2026-05-24,OfficeMart,Office,23844.37,Manager A,Operations,Card,Delhi,False
TX000610,EMP001,Aarav,2026-04-18,CloudWorks,Office,15401.23,Manager A,Operations,Card,Delhi,False
TX000611,EMP002,Meera,2026-01-04,OfficeMart,Equipment,27494.14,Manager B,Operations,Card,Varanasi,False
TX000612,EMP001,Aarav,2026-08-06,OfficeMart,Travel,17224.87,Manager A,Engineering,UPI,Delhi,False
TX000613,EMP002,Meera,2026-02-23,TechSupply,Travel,34158.63,Manager A,Operations,UPI,Varanasi,False
TX000614,EMP003,Kabir,2026-03-17,TravelDesk,Software,16599.72,Manager B,Engineering,UPI,Varanasi,False
TX000615,EMP002,Meera,2026-07-29,OfficeMart,Equipment,16811.92,Manager A,Operations,Card,Delhi,False
TX000616,EMP005,Rohan,2026-01-12,TechSupply,Software,15426.82,Manager B,Finance,Card,Mumbai,False
TX000617,EMP005,Rohan,2026-08-17,OfficeMart,Equipment,11850.42,Manager B,Operations,Card,Bengaluru,False
TX000618,EMP001,Aarav,2026-06-12,CloudWorks,Travel,12622.96,Manager A,Finance,Card,Varanasi,False
TX000619,EMP002,Meera,2026-03-14,TechSupply,Travel,19424.7,Manager B,Engineering,Card,Delhi,False
TX000620,EMP003,Kabir,2026-06-01,CloudWorks,Travel,14661.18,Manager B,Finance,UPI,Delhi,False
TX000621,EMP004,Ishita,2026-02-08,EquipHub,Software,23137.06,Manager B,Engineering,Card,Mumbai,False
TX000622,EMP004,Ishita,2026-02-16,TechSupply,Office,14578.79,Manager B,Operations,UPI,Varanasi,False
TX000623,EMP001,Aarav,2026-04-13,TravelDesk,Office,17152.92,Manager B,Finance,Card,Bengaluru,False
TX000624,EMP003,Kabir,2026-07-02,TravelDesk,Office,34830.85,Manager A,Operations,Card,Delhi,False
TX000625,EMP001,Aarav,2026-03-14,TravelDesk,Equipment,22611.52,Manager A,Finance,Card,Varanasi,False
TX000626,EMP003,Kabir,2026-06-03,OfficeMart,Travel,10573.41,Manager A,Operations,Card,Mumbai,False
TX000627,EMP002,Meera,2026-01-01,TechSupply,Software,9647.87,Manager B,Finance,Bank Transfer,Mumbai,False
TX000628,EMP003,Kabir,2026-03-21,EquipHub,Office,21376.76,Manager B,Operations,Bank Transfer,Delhi,False
TX000629,EMP004,Ishita,2026-08-24,EquipHub,Office,14567.81,Manager A,Operations,Card,Bengaluru,False
TX000630,EMP001,Aarav,2026-06-15,OfficeMart,Office,25624.26,Manager B,Finance,UPI,Bengaluru,False
TX000631,EMP002,Meera,2026-08-25,OfficeMart,Travel,16061.08,Manager B,Operations,Bank Transfer,Bengaluru,False
TX000632,EMP002,Meera,2026-01-10,CloudWorks,Software,24687.09,Manager B,Finance,Card,Bengaluru,False
TX000633,EMP004,Ishita,2026-08-13,EquipHub,Software,20790.79,Manager B,Finance,Card,Mumbai,False
TX000634,EMP005,Rohan,2026-01-20,OfficeMart,Equipment,29695.89,Manager A,Finance,Bank Transfer,Delhi,False
TX000635,EMP002,Meera,2026-02-16,TechSupply,Travel,19080.61,Manager A,Operations,Card,Bengaluru,False
TX000636,EMP004,Ishita,2026-04-04,TravelDesk,Office,24125.91,Manager B,Finance,Bank Transfer,Varanasi,False
TX000637,EMP003,Kabir,2026-07-02,EquipHub,Equipment,22477.35,Manager B,Engineering,Bank Transfer,Varanasi,False
TX000638,EMP005,Rohan,2026-04-11,TechSupply,Office,20310.99,Manager A,Finance,UPI,Mumbai,False
TX000639,EMP004,Ishita,2026-03-26,EquipHub,Equipment,26394.11,Manager B,Engineering,UPI,Mumbai,False
TX000640,EMP005,Rohan,2026-06-29,CloudWorks,Office,15245.89,Manager B,Finance,Card,Delhi,False
TX000641,EMP005,Rohan,2026-03-07,OfficeMart,Equipment,25013.69,Manager A,Operations,Card,Mumbai,False
TX000642,EMP004,Ishita,2026-07-13,TravelDesk,Office,14546.01,Manager A,Engineering,Bank Transfer,Delhi,False
TX000643,EMP001,Aarav,2026-04-16,OfficeMart,Travel,36030.58,Manager A,Finance,Bank Transfer,Mumbai,False
TX000644,EMP001,Aarav,2026-02-01,TechSupply,Software,23280.0,Manager A,Engineering,UPI,Delhi,False
TX000645,EMP004,Ishita,2026-08-04,CloudWorks,Equipment,14743.64,Manager B,Finance,Card,Mumbai,False
TX000646,EMP005,Rohan,2026-05-14,TechSupply,Equipment,24131.67,Manager B,Operations,Card,Delhi,False
TX000647,EMP001,Aarav,2026-08-22,TravelDesk,Software,25178.53,Manager B,Engineering,UPI,Mumbai,False
TX000648,EMP002,Meera,2026-07-12,EquipHub,Software,11011.76,Manager A,Engineering,Card,Mumbai,False
TX000649,EMP001,Aarav,2026-01-20,TechSupply,Office,14113.4,Manager A,Engineering,UPI,Delhi,False
TX000650,EMP001,Aarav,2026-02-24,EquipHub,Equipment,15068.99,Manager A,Operations,Card,Mumbai,False
TX000651,EMP005,Rohan,2026-08-19,OfficeMart,Travel,12189.32,Manager B,Operations,Bank Transfer,Bengaluru,False
TX000652,EMP003,Kabir,2026-07-16,TravelDesk,Travel,26980.97,Manager A,Finance,UPI,Mumbai,False
TX000653,EMP004,Ishita,2026-06-09,OfficeMart,Software,22878.14,Manager A,Finance,Card,Mumbai,False
TX000654,EMP005,Rohan,2026-06-03,OfficeMart,Software,19630.91,Manager A,Finance,Card,Delhi,False
TX000655,EMP003,Kabir,2026-03-26,CloudWorks,Travel,12098.45,Manager B,Engineering,Card,Delhi,False
TX000656,EMP001,Aarav,2026-08-20,EquipHub,Software,20512.23,Manager B,Engineering,Card,Mumbai,False
TX000657,EMP001,Aarav,2026-08-15,TravelDesk,Software,14512.54,Manager B,Operations,Card,Bengaluru,False
TX000658,EMP002,Meera,2026-01-12,TechSupply,Office,11283.45,Manager A,Engineering,Card,Mumbai,False
TX000659,EMP001,Aarav,2026-08-13,TravelDesk,Travel,17091.62,Manager B,Engineering,Bank Transfer,Delhi,False
TX000660,EMP003,Kabir,2026-01-16,EquipHub,Office,13090.44,Manager A,Finance,UPI,Delhi,False
TX000661,EMP002,Meera,2026-01-03,CloudWorks,Travel,22910.74,Manager A,Operations,Bank Transfer,Bengaluru,False
TX000662,EMP002,Meera,2026-07-23,OfficeMart,Equipment,21115.01,Manager B,Engineering,Bank Transfer,Mumbai,False
TX000663,EMP001,Aarav,2026-08-15,CloudWorks,Office,17777.78,Manager A,Finance,Bank Transfer,Delhi,False
TX000664,EMP001,Aarav,2026-03-26,TravelDesk,Equipment,17975.42,Manager B,Finance,UPI,Bengaluru,False
TX000665,EMP001,Aarav,2026-03-23,TechSupply,Office,17057.23,Manager A,Finance,UPI,Bengaluru,False
TX000666,EMP003,Kabir,2026-06-11,OfficeMart,Travel,15089.01,Manager B,Operations,Card,Delhi,False
TX000667,EMP005,Rohan,2026-01-08,EquipHub,Office,8499.1,Manager A,Finance,Card,Delhi,False
TX000668,EMP002,Meera,2026-03-27,EquipHub,Software,17601.68,Manager B,Operations,Card,Bengaluru,False
TX000669,EMP005,Rohan,2026-03-18,TechSupply,Travel,15556.91,Manager B,Engineering,Card,Delhi,False
TX000670,EMP004,Ishita,2026-03-21,TechSupply,Travel,13828.97,Manager A,Finance,Bank Transfer,Delhi,False
TX000671,EMP001,Aarav,2026-08-03,EquipHub,Equipment,16502.04,Manager A,Finance,Bank Transfer,Bengaluru,False
TX000672,EMP004,Ishita,2026-04-12,CloudWorks,Equipment,20909.24,Manager B,Engineering,Card,Varanasi,False
TX000673,EMP001,Aarav,2026-03-10,TravelDesk,Equipment,38531.07,Manager B,Engineering,Bank Transfer,Mumbai,False
TX000674,EMP003,Kabir,2026-06-14,EquipHub,Equipment,17336.59,Manager B,Engineering,Card,Delhi,False
TX000675,EMP005,Rohan,2026-02-03,TechSupply,Equipment,26524.73,Manager B,Finance,Card,Bengaluru,False
TX000676,EMP005,Rohan,2026-08-11,CloudWorks,Office,24643.35,Manager A,Operations,Bank Transfer,Bengaluru,False
TX000677,EMP005,Rohan,2026-01-17,TravelDesk,Travel,25460.61,Manager A,Operations,Card,Varanasi,False
TX000678,EMP005,Rohan,2026-07-15,TechSupply,Software,18432.41,Manager B,Engineering,UPI,Mumbai,False
TX000679,EMP004,Ishita,2026-06-08,TravelDesk,Travel,20337.23,Manager B,Finance,Bank Transfer,Delhi,False
TX000680,EMP004,Ishita,2026-02-25,OfficeMart,Equipment,10231.75,Manager B,Finance,Card,Varanasi,False
TX000681,EMP002,Meera,2026-07-26,TechSupply,Travel,11190.42,Manager A,Engineering,Bank Transfer,Mumbai,False
TX000682,EMP002,Meera,2026-05-07,EquipHub,Equipment,14497.71,Manager B,Operations,Bank Transfer,Varanasi,False
TX000683,EMP004,Ishita,2026-05-16,EquipHub,Equipment,17929.06,Manager A,Finance,UPI,Mumbai,False
TX000684,EMP001,Aarav,2026-05-15,TravelDesk,Software,13882.49,Manager A,Finance,Bank Transfer,Bengaluru,False
TX000685,EMP002,Meera,2026-03-05,OfficeMart,Office,14430.06,Manager B,Engineering,Card,Varanasi,False
TX000686,EMP001,Aarav,2026-03-22,CloudWorks,Equipment,21818.61,Manager A,Finance,UPI,Varanasi,False
TX000687,EMP001,Aarav,2026-06-16,CloudWorks,Office,16496.68,Manager A,Finance,Card,Varanasi,False
TX000688,EMP004,Ishita,2026-07-07,OfficeMart,Equipment,14209.92,Manager A,Finance,Card,Varanasi,False
TX000689,EMP002,Meera,2026-04-19,TechSupply,Office,15986.54,Manager A,Finance,UPI,Varanasi,False
TX000690,EMP001,Aarav,2026-07-10,TechSupply,Software,10704.46,Manager A,Finance,UPI,Varanasi,False
TX000691,EMP005,Rohan,2026-04-16,CloudWorks,Travel,13717.45,Manager A,Engineering,Bank Transfer,Bengaluru,False
TX000692,EMP004,Ishita,2026-04-14,TravelDesk,Equipment,8850.54,Manager A,Operations,Card,Bengaluru,False
TX000693,EMP002,Meera,2026-04-17,OfficeMart,Equipment,26311.13,Manager B,Engineering,Bank Transfer,Bengaluru,False
TX000694,EMP001,Aarav,2026-06-29,TechSupply,Travel,17799.88,Manager B,Finance,Bank Transfer,Delhi,False
TX000695,EMP002,Meera,2026-05-22,EquipHub,Equipment,19757.95,Manager B,Engineering,Bank Transfer,Mumbai,False
TX000696,EMP003,Kabir,2026-07-15,CloudWorks,Equipment,13364.99,Manager A,Engineering,Bank Transfer,Varanasi,False
TX000697,EMP005,Rohan,2026-04-10,TechSupply,Office,27370.37,Manager B,Engineering,UPI,Bengaluru,False
TX000698,EMP001,Aarav,2026-05-17,TravelDesk,Equipment,36886.68,Manager B,Operations,Bank Transfer,Delhi,False
TX000699,EMP003,Kabir,2026-08-19,OfficeMart,Equipment,24755.04,Manager A,Operations,Bank Transfer,Varanasi,False
TX000700,EMP005,Rohan,2026-07-01,EquipHub,Office,12324.48,Manager A,Engineering,UPI,Varanasi,False
TX000701,EMP003,Kabir,2026-05-06,EquipHub,Office,31550.08,Manager B,Engineering,UPI,Bengaluru,False
TX000702,EMP005,Rohan,2026-04-14,EquipHub,Office,26636.04,Manager A,Operations,UPI,Delhi,False
TX000703,EMP003,Kabir,2026-01-12,OfficeMart,Software,19773.47,Manager A,Finance,Bank Transfer,Bengaluru,False
TX000704,EMP002,Meera,2026-07-10,CloudWorks,Travel,28770.8,Manager B,Finance,Card,Delhi,False
TX000705,EMP002,Meera,2026-08-02,TravelDesk,Equipment,24633.27,Manager A,Finance,Card,Delhi,False
TX000706,EMP004,Ishita,2026-04-24,EquipHub,Equipment,22948.72,Manager A,Finance,Card,Varanasi,False
TX000707,EMP003,Kabir,2026-07-27,TechSupply,Software,25618.4,Manager A,Engineering,Card,Delhi,False
TX000708,EMP001,Aarav,2026-07-11,TravelDesk,Equipment,12145.43,Manager B,Engineering,Bank Transfer,Bengaluru,False
TX000709,EMP003,Kabir,2026-06-20,OfficeMart,Equipment,20110.37,Manager B,Finance,Card,Varanasi,False
TX000710,EMP002,Meera,2026-07-14,OfficeMart,Software,25246.05,Manager B,Operations,Card,Delhi,False
TX000711,EMP001,Aarav,2026-07-02,TechSupply,Software,18576.44,Manager B,Engineering,Card,Delhi,False
TX000712,EMP003,Kabir,2026-04-03,TravelDesk,Software,28644.88,Manager B,Operations,Card,Mumbai,False
TX000713,EMP001,Aarav,2026-07-03,CloudWorks,Software,23568.14,Manager B,Operations,Bank Transfer,Varanasi,False
TX000714,EMP005,Rohan,2026-07-12,OfficeMart,Software,20969.15,Manager B,Operations,Bank Transfer,Delhi,False
TX000715,EMP003,Kabir,2026-07-12,TechSupply,Equipment,13780.26,Manager A,Finance,Card,Mumbai,False
TX000716,EMP003,Kabir,2026-08-28,TechSupply,Software,22140.54,Manager B,Finance,Card,Mumbai,False
TX000717,EMP001,Aarav,2026-05-01,TravelDesk,Equipment,23940.91,Manager B,Finance,Bank Transfer,Mumbai,False
TX000718,EMP002,Meera,2026-03-01,TechSupply,Office,14477.27,Manager A,Engineering,Bank Transfer,Delhi,False
TX000719,EMP003,Kabir,2026-05-28,EquipHub,Travel,19327.02,Manager B,Operations,Bank Transfer,Delhi,False
TX000720,EMP002,Meera,2026-02-08,TechSupply,Equipment,22827.5,Manager B,Engineering,Card,Delhi,False
TX000721,EMP004,Ishita,2026-04-19,TravelDesk,Travel,15114.98,Manager A,Engineering,UPI,Varanasi,False
TX000722,EMP002,Meera,2026-06-11,OfficeMart,Office,18401.62,Manager A,Finance,UPI,Varanasi,False
TX000723,EMP003,Kabir,2026-05-24,TravelDesk,Travel,23410.67,Manager A,Finance,Bank Transfer,Varanasi,False
TX000724,EMP001,Aarav,2026-02-21,TravelDesk,Travel,25561.14,Manager B,Finance,UPI,Mumbai,False
TX000725,EMP001,Aarav,2026-07-15,TravelDesk,Office,15041.94,Manager B,Operations,Card,Delhi,False
TX000726,EMP002,Meera,2026-04-04,TravelDesk,Equipment,28287.67,Manager B,Finance,UPI,Mumbai,False
TX000727,EMP005,Rohan,2026-03-16,CloudWorks,Software,25105.17,Manager B,Finance,Bank Transfer,Mumbai,False
TX000728,EMP005,Rohan,2026-04-11,TravelDesk,Office,19729.95,Manager A,Finance,UPI,Varanasi,False
TX000729,EMP003,Kabir,2026-08-02,TechSupply,Office,23345.46,Manager A,Engineering,Bank Transfer,Mumbai,False
TX000730,EMP002,Meera,2026-01-31,OfficeMart,Travel,19630.01,Manager B,Engineering,UPI,Bengaluru,False
TX000731,EMP004,Ishita,2026-03-13,EquipHub,Equipment,15202.06,Manager B,Operations,Bank Transfer,Delhi,False
TX000732,EMP005,Rohan,2026-05-18,EquipHub,Office,22688.85,Manager A,Operations,Card,Mumbai,False
TX000733,EMP005,Rohan,2026-04-13,OfficeMart,Office,9350.34,Manager B,Finance,Bank Transfer,Delhi,False
TX000734,EMP002,Meera,2026-08-17,TechSupply,Software,28749.02,Manager B,Finance,Card,Bengaluru,False
TX000735,EMP004,Ishita,2026-01-23,TechSupply,Equipment,24719.1,Manager B,Engineering,Card,Delhi,False
TX000736,EMP003,Kabir,2026-01-12,OfficeMart,Software,17219.33,Manager B,Operations,Card,Mumbai,False
TX000737,EMP003,Kabir,2026-05-18,TravelDesk,Office,27149.56,Manager A,Finance,Bank Transfer,Delhi,False
TX000738,EMP002,Meera,2026-06-10,EquipHub,Travel,16234.54,Manager B,Operations,Card,Varanasi,False
TX000739,EMP005,Rohan,2026-08-27,EquipHub,Equipment,20277.86,Manager B,Operations,Bank Transfer,Bengaluru,False
TX000740,EMP003,Kabir,2026-07-12,TravelDesk,Software,27143.6,Manager A,Engineering,Bank Transfer,Bengaluru,False
TX000741,EMP004,Ishita,2026-07-24,CloudWorks,Equipment,18418.46,Manager B,Operations,UPI,Varanasi,False
TX000742,EMP004,Ishita,2026-03-01,OfficeMart,Equipment,29988.66,Manager B,Operations,Card,Varanasi,False
TX000743,EMP003,Kabir,2026-05-18,EquipHub,Office,28538.57,Manager B,Operations,Card,Delhi,False
TX000744,EMP003,Kabir,2026-06-23,CloudWorks,Software,21540.17,Manager B,Finance,Bank Transfer,Mumbai,False
TX000745,EMP001,Aarav,2026-07-25,OfficeMart,Office,18602.9,Manager A,Operations,Card,Delhi,False
TX000746,EMP005,Rohan,2026-07-30,TravelDesk,Office,22414.64,Manager B,Finance,UPI,Bengaluru,False
TX000747,EMP004,Ishita,2026-04-19,CloudWorks,Software,20057.31,Manager A,Engineering,Bank Transfer,Delhi,False
TX000748,EMP002,Meera,2026-03-08,TechSupply,Office,23160.19,Manager A,Operations,Bank Transfer,Delhi,False
TX000749,EMP003,Kabir,2026-01-22,EquipHub,Office,13716.75,Manager A,Operations,UPI,Bengaluru,False
TX000750,EMP002,Meera,2026-03-22,TechSupply,Travel,23369.25,Manager B,Operations,Bank Transfer,Varanasi,False
TX000751,EMP003,Kabir,2026-06-13,TravelDesk,Equipment,12723.69,Manager A,Engineering,Bank Transfer,Bengaluru,False
TX000752,EMP004,Ishita,2026-01-19,OfficeMart,Equipment,19486.36,Manager B,Finance,Bank Transfer,Varanasi,False
TX000753,EMP002,Meera,2026-08-12,TechSupply,Travel,15804.49,Manager B,Operations,Card,Varanasi,False
TX000754,EMP003,Kabir,2026-01-31,CloudWorks,Travel,14650.82,Manager A,Finance,UPI,Delhi,False
TX000755,EMP001,Aarav,2026-01-06,OfficeMart,Travel,18928.57,Manager A,Engineering,Bank Transfer,Bengaluru,False
TX000756,EMP003,Kabir,2026-07-06,OfficeMart,Software,24009.19,Manager A,Finance,Card,Mumbai,False
TX000757,EMP001,Aarav,2026-03-16,TechSupply,Office,24614.89,Manager A,Finance,Bank Transfer,Bengaluru,False
TX000758,EMP004,Ishita,2026-06-01,TechSupply,Equipment,24178.47,Manager B,Engineering,UPI,Mumbai,False
TX000759,EMP005,Rohan,2026-05-16,CloudWorks,Software,21370.76,Manager A,Engineering,UPI,Delhi,False
TX000760,EMP001,Aarav,2026-03-09,EquipHub,Equipment,24208.11,Manager B,Operations,Bank Transfer,Bengaluru,False
TX000761,EMP001,Aarav,2026-05-10,TravelDesk,Travel,17071.88,Manager A,Engineering,Card,Delhi,False
TX000762,EMP001,Aarav,2026-03-20,CloudWorks,Travel,145941.8616356992,Manager B,Engineering,Bank Transfer,Bengaluru,True
TX000763,EMP004,Ishita,2026-04-10,TechSupply,Software,9999.45,Manager A,Engineering,UPI,Bengaluru,False
TX000764,EMP005,Rohan,2026-01-10,TravelDesk,Software,16209.11,Manager A,Operations,UPI,Bengaluru,False
TX000765,EMP003,Kabir,2026-06-06,TechSupply,Travel,18807.01,Manager B,Operations,Bank Transfer,Mumbai,False
TX000766,EMP001,Aarav,2026-03-09,TravelDesk,Software,24556.31,Manager B,Engineering,UPI,Delhi,False
TX000767,EMP003,Kabir,2026-05-25,TechSupply,Equipment,25548.2,Manager A,Engineering,UPI,Bengaluru,False
TX000768,EMP003,Kabir,2026-01-20,EquipHub,Office,11936.61,Manager B,Operations,Card,Delhi,False
TX000769,EMP002,Meera,2026-08-16,TechSupply,Travel,14561.41,Manager A,Finance,Card,Bengaluru,False
TX000770,EMP004,Ishita,2026-04-23,EquipHub,Office,102466.02023971104,Manager A,Finance,UPI,Mumbai,True
TX000771,EMP003,Kabir,2026-08-28,TechSupply,Office,18023.65,Manager A,Operations,Card,Mumbai,False
TX000772,EMP005,Rohan,2026-04-11,TravelDesk,Equipment,29292.35,Manager A,Operations,UPI,Delhi,False
TX000773,EMP002,Meera,2026-08-22,TravelDesk,Equipment,23720.47,Manager A,Operations,UPI,Varanasi,False
TX000774,EMP003,Kabir,2026-03-03,EquipHub,Travel,18085.37,Manager A,Engineering,UPI,Bengaluru,False
TX000775,EMP005,Rohan,2026-08-10,CloudWorks,Software,4249.12,Manager A,Engineering,UPI,Mumbai,False
TX000776,EMP003,Kabir,2026-02-16,CloudWorks,Equipment,21605.24,Manager B,Operations,Card,Bengaluru,False
TX000777,EMP001,Aarav,2026-03-31,OfficeMart,Equipment,17456.9,Manager A,Operations,Bank Transfer,Bengaluru,False
TX000778,EMP004,Ishita,2026-07-16,OfficeMart,Software,18198.15,Manager B,Operations,Card,Delhi,False
TX000779,EMP003,Kabir,2026-04-06,TravelDesk,Travel,18025.68,Manager B,Engineering,Bank Transfer,Bengaluru,False
TX000780,EMP004,Ishita,2026-04-14,EquipHub,Equipment,13248.66,Manager A,Engineering,Card,Varanasi,False
TX000781,EMP001,Aarav,2026-02-19,TechSupply,Travel,28586.59,Manager B,Operations,Card,Mumbai,False
TX000782,EMP001,Aarav,2026-08-07,CloudWorks,Travel,18982.48,Manager A,Engineering,UPI,Mumbai,False
TX000783,EMP004,Ishita,2026-04-30,TravelDesk,Software,20515.99,Manager A,Engineering,Bank Transfer,Delhi,False
TX000784,EMP004,Ishita,2026-01-23,EquipHub,Office,15134.67,Manager B,Finance,Card,Bengaluru,False
TX000785,EMP005,Rohan,2026-02-12,TechSupply,Office,20549.16,Manager B,Finance,UPI,Varanasi,False
TX000786,EMP005,Rohan,2026-03-12,TechSupply,Equipment,22368.87,Manager B,Operations,UPI,Bengaluru,False
TX000787,EMP001,Aarav,2026-01-17,TechSupply,Equipment,9705.45,Manager A,Operations,UPI,Mumbai,False
TX000788,EMP001,Aarav,2026-04-06,TravelDesk,Office,23377.15,Manager A,Operations,UPI,Delhi,False
TX000789,EMP005,Rohan,2026-03-24,TravelDesk,Software,12327.74,Manager B,Finance,Card,Delhi,False
TX000790,EMP001,Aarav,2026-02-04,TravelDesk,Office,12189.06,Manager B,Engineering,UPI,Mumbai,False
TX000791,EMP003,Kabir,2026-01-19,EquipHub,Office,27414.7,Manager B,Finance,UPI,Delhi,False
TX000792,EMP005,Rohan,2026-06-06,TravelDesk,Software,18427.37,Manager A,Engineering,Card,Mumbai,False
TX000793,EMP001,Aarav,2026-03-31,TravelDesk,Office,13661.92,Manager A,Engineering,Card,Varanasi,False
TX000794,EMP003,Kabir,2026-08-28,TravelDesk,Software,16181.02,Manager B,Finance,UPI,Delhi,False
TX000795,EMP001,Aarav,2026-02-27,CloudWorks,Office,18613.64,Manager B,Engineering,UPI,Delhi,False
TX000796,EMP001,Aarav,2026-02-13,TechSupply,Software,13756.39,Manager B,Operations,Bank Transfer,Mumbai,False
TX000797,EMP002,Meera,2026-05-10,OfficeMart,Software,12077.46,Manager B,Finance,Bank Transfer,Mumbai,False
TX000798,EMP002,Meera,2026-05-27,EquipHub,Office,21328.25,Manager A,Operations,Bank Transfer,Mumbai,False
TX000799,EMP003,Kabir,2026-05-16,CloudWorks,Software,23995.0,Manager B,Engineering,UPI,Mumbai,False
TX000800,EMP002,Meera,2026-06-23,EquipHub,Office,11394.67,Manager A,Finance,Bank Transfer,Varanasi,False
TX000801,EMP004,Ishita,2026-07-11,TravelDesk,Travel,26595.1,Manager B,Engineering,Bank Transfer,Delhi,False
TX000802,EMP004,Ishita,2026-08-06,OfficeMart,Software,20408.61,Manager B,Engineering,Card,Bengaluru,False
TX000803,EMP005,Rohan,2026-01-30,CloudWorks,Software,21186.39,Manager B,Operations,Bank Transfer,Delhi,False
TX000804,EMP001,Aarav,2026-07-17,TravelDesk,Equipment,8179.91,Manager B,Finance,UPI,Varanasi,False
TX000805,EMP004,Ishita,2026-04-26,CloudWorks,Office,19602.84,Manager A,Finance,Bank Transfer,Delhi,False
TX000806,EMP001,Aarav,2026-06-22,OfficeMart,Travel,15440.79,Manager A,Engineering,Bank Transfer,Delhi,False
TX000807,EMP004,Ishita,2026-07-18,OfficeMart,Software,28041.53,Manager A,Operations,Card,Delhi,False
TX000808,EMP003,Kabir,2026-07-12,CloudWorks,Travel,14031.36,Manager B,Finance,Bank Transfer,Bengaluru,False
TX000809,EMP002,Meera,2026-01-29,CloudWorks,Software,21316.42,Manager B,Operations,UPI,Varanasi,False
TX000810,EMP005,Rohan,2026-02-13,TravelDesk,Travel,21876.28,Manager B,Engineering,UPI,Mumbai,False
TX000811,EMP001,Aarav,2026-01-07,TravelDesk,Travel,18466.16,Manager A,Engineering,Card,Mumbai,False
TX000812,EMP005,Rohan,2026-04-19,TechSupply,Software,13256.17,Manager A,Operations,Card,Delhi,False
TX000813,EMP003,Kabir,2026-05-10,TechSupply,Travel,13795.33,Manager A,Engineering,Card,Mumbai,False
TX000814,EMP004,Ishita,2026-02-12,CloudWorks,Equipment,26069.96,Manager B,Operations,Bank Transfer,Mumbai,False
TX000815,EMP001,Aarav,2026-02-22,TechSupply,Travel,25371.31,Manager A,Engineering,Bank Transfer,Bengaluru,False
TX000816,EMP003,Kabir,2026-08-06,TravelDesk,Travel,18091.84,Manager A,Engineering,Bank Transfer,Delhi,False
TX000817,EMP002,Meera,2026-08-06,EquipHub,Travel,21538.75,Manager A,Operations,Bank Transfer,Varanasi,False
TX000818,EMP003,Kabir,2026-05-05,CloudWorks,Equipment,29052.32,Manager B,Operations,Bank Transfer,Bengaluru,False
TX000819,EMP002,Meera,2026-07-04,EquipHub,Travel,22170.88,Manager A,Operations,UPI,Delhi,False
TX000820,EMP003,Kabir,2026-04-27,TravelDesk,Equipment,16137.06,Manager B,Operations,Bank Transfer,Delhi,False
TX000821,EMP003,Kabir,2026-08-28,OfficeMart,Travel,17230.15,Manager B,Engineering,Bank Transfer,Varanasi,False
TX000822,EMP003,Kabir,2026-08-07,CloudWorks,Travel,33193.09,Manager A,Engineering,Card,Bengaluru,False
TX000823,EMP001,Aarav,2026-05-03,OfficeMart,Travel,19092.99,Manager A,Operations,UPI,Bengaluru,False
TX000824,EMP001,Aarav,2026-07-10,OfficeMart,Travel,19008.39,Manager B,Finance,Card,Delhi,False
TX000825,EMP003,Kabir,2026-04-24,OfficeMart,Office,19404.73,Manager A,Operations,UPI,Delhi,False
TX000826,EMP001,Aarav,2026-04-10,TravelDesk,Software,25194.9,Manager B,Engineering,Card,Mumbai,False
TX000827,EMP003,Kabir,2026-08-06,CloudWorks,Software,26381.05,Manager A,Finance,Bank Transfer,Bengaluru,False
TX000828,EMP004,Ishita,2026-03-09,TechSupply,Software,15055.36,Manager A,Engineering,Card,Mumbai,False
TX000829,EMP004,Ishita,2026-01-05,TechSupply,Travel,19056.09,Manager B,Engineering,UPI,Varanasi,False
TX000830,EMP002,Meera,2026-06-19,TechSupply,Software,4326.83,Manager B,Operations,Card,Bengaluru,False
TX000831,EMP002,Meera,2026-05-27,EquipHub,Travel,25163.71,Manager B,Operations,Card,Bengaluru,False
TX000832,EMP004,Ishita,2026-01-31,TechSupply,Software,15090.38,Manager A,Operations,UPI,Varanasi,False
TX000833,EMP004,Ishita,2026-01-25,OfficeMart,Office,20369.66,Manager B,Engineering,Card,Mumbai,False
TX000834,EMP003,Kabir,2026-06-23,CloudWorks,Equipment,23302.07,Manager B,Finance,UPI,Bengaluru,False
TX000835,EMP005,Rohan,2026-01-29,CloudWorks,Office,237510.27651800044,Manager B,Finance,UPI,Mumbai,True
TX000836,EMP001,Aarav,2026-07-13,OfficeMart,Travel,5488.31,Manager A,Operations,UPI,Varanasi,False
TX000837,EMP002,Meera,2026-02-15,TravelDesk,Software,271447.43371879484,Manager B,Finance,UPI,Bengaluru,True
TX000838,EMP002,Meera,2026-03-27,TechSupply,Office,26761.66,Manager B,Engineering,Card,Mumbai,False
TX000839,EMP001,Aarav,2026-06-12,OfficeMart,Equipment,24395.84,Manager A,Operations,Bank Transfer,Mumbai,False
TX000840,EMP002,Meera,2026-01-04,TravelDesk,Office,26060.38,Manager B,Finance,Bank Transfer,Varanasi,False
TX000841,EMP004,Ishita,2026-05-25,EquipHub,Travel,15400.88,Manager A,Finance,UPI,Varanasi,False
TX000842,EMP004,Ishita,2026-01-08,TechSupply,Equipment,28297.23,Manager B,Finance,Bank Transfer,Mumbai,False
TX000843,EMP003,Kabir,2026-04-03,CloudWorks,Travel,40724.28,Manager B,Operations,UPI,Varanasi,False
TX000844,EMP001,Aarav,2026-04-25,TravelDesk,Travel,20565.92,Manager A,Finance,Bank Transfer,Varanasi,False
TX000845,EMP002,Meera,2026-01-05,CloudWorks,Equipment,28727.11,Manager A,Engineering,Card,Mumbai,False
TX000846,EMP001,Aarav,2026-02-14,OfficeMart,Equipment,22167.19,Manager B,Finance,UPI,Mumbai,False
TX000847,EMP003,Kabir,2026-04-22,EquipHub,Software,12032.4,Manager B,Operations,UPI,Varanasi,False
TX000848,EMP003,Kabir,2026-03-09,EquipHub,Travel,13174.44,Manager B,Engineering,Card,Delhi,False
TX000849,EMP003,Kabir,2026-07-15,OfficeMart,Equipment,23642.32,Manager B,Operations,Bank Transfer,Delhi,False
TX000850,EMP001,Aarav,2026-07-13,OfficeMart,Office,13574.56,Manager B,Finance,Bank Transfer,Delhi,False
TX000851,EMP005,Rohan,2026-07-25,TravelDesk,Travel,15285.94,Manager B,Finance,UPI,Delhi,False
TX000852,EMP001,Aarav,2026-05-28,OfficeMart,Equipment,19826.35,Manager B,Finance,UPI,Varanasi,False
TX000853,EMP005,Rohan,2026-02-21,EquipHub,Travel,32730.05,Manager A,Finance,Card,Mumbai,False
TX000854,EMP001,Aarav,2026-01-18,TravelDesk,Equipment,27665.18,Manager A,Engineering,Card,Delhi,False
TX000855,EMP001,Aarav,2026-05-22,TechSupply,Travel,21909.75,Manager B,Engineering,Card,Bengaluru,False
TX000856,EMP001,Aarav,2026-08-28,CloudWorks,Office,28337.36,Manager A,Finance,Bank Transfer,Bengaluru,False
TX000857,EMP001,Aarav,2026-03-24,OfficeMart,Travel,17938.79,Manager A,Engineering,UPI,Varanasi,False
TX000858,EMP002,Meera,2026-03-04,TravelDesk,Travel,19279.49,Manager A,Operations,UPI,Varanasi,False
TX000859,EMP001,Aarav,2026-07-24,TravelDesk,Equipment,17681.33,Manager B,Engineering,Card,Bengaluru,False
TX000860,EMP004,Ishita,2026-01-15,EquipHub,Travel,15863.93,Manager A,Finance,Card,Bengaluru,False
TX000861,EMP002,Meera,2026-07-21,EquipHub,Office,25429.51,Manager B,Operations,Card,Mumbai,False
TX000862,EMP005,Rohan,2026-04-24,CloudWorks,Office,27375.95,Manager A,Finance,UPI,Mumbai,False
TX000863,EMP004,Ishita,2026-05-03,EquipHub,Office,23844.71,Manager A,Finance,UPI,Bengaluru,False
TX000864,EMP001,Aarav,2026-02-26,TechSupply,Equipment,13708.45,Manager B,Operations,Bank Transfer,Varanasi,False
TX000865,EMP004,Ishita,2026-05-05,TravelDesk,Office,23004.88,Manager B,Finance,UPI,Bengaluru,False
TX000866,EMP003,Kabir,2026-01-13,TechSupply,Travel,22894.32,Manager B,Operations,Bank Transfer,Delhi,False
TX000867,EMP004,Ishita,2026-04-27,CloudWorks,Office,26705.45,Manager B,Engineering,UPI,Bengaluru,False
TX000868,EMP005,Rohan,2026-08-23,TechSupply,Software,17199.26,Manager B,Engineering,Bank Transfer,Mumbai,False
TX000869,EMP004,Ishita,2026-04-14,EquipHub,Office,22055.88,Manager A,Engineering,Card,Mumbai,False
TX000870,EMP005,Rohan,2026-05-22,TravelDesk,Travel,22367.6,Manager B,Finance,UPI,Varanasi,False
TX000871,EMP002,Meera,2026-01-07,CloudWorks,Software,18563.01,Manager A,Finance,Card,Delhi,False
TX000872,EMP001,Aarav,2026-07-22,TravelDesk,Software,24787.16,Manager B,Finance,UPI,Bengaluru,False
TX000873,EMP001,Aarav,2026-05-20,OfficeMart,Equipment,15919.59,Manager A,Engineering,Card,Bengaluru,False
TX000874,EMP001,Aarav,2026-03-28,CloudWorks,Office,14805.81,Manager A,Operations,Bank Transfer,Mumbai,False
TX000875,EMP005,Rohan,2026-07-06,CloudWorks,Travel,16043.01,Manager B,Finance,Bank Transfer,Delhi,False
TX000876,EMP004,Ishita,2026-04-23,TravelDesk,Equipment,15665.84,Manager A,Engineering,Bank Transfer,Varanasi,False
TX000877,EMP004,Ishita,2026-02-09,CloudWorks,Office,32550.01,Manager B,Operations,Card,Mumbai,False
TX000878,EMP004,Ishita,2026-03-03,EquipHub,Office,20260.7,Manager A,Finance,UPI,Bengaluru,False
TX000879,EMP002,Meera,2026-03-15,TravelDesk,Travel,16747.52,Manager A,Finance,Bank Transfer,Bengaluru,False
TX000880,EMP002,Meera,2026-04-02,TravelDesk,Office,11026.04,Manager A,Finance,Card,Mumbai,False
TX000881,EMP005,Rohan,2026-03-15,EquipHub,Equipment,406452.6974786427,Manager A,Engineering,UPI,Bengaluru,True
TX000882,EMP001,Aarav,2026-05-17,TechSupply,Office,29171.36,Manager A,Finance,Bank Transfer,Delhi,False
TX000883,EMP003,Kabir,2026-01-10,OfficeMart,Equipment,17174.47,Manager B,Operations,Bank Transfer,Mumbai,False
TX000884,EMP005,Rohan,2026-04-20,TravelDesk,Software,19513.36,Manager A,Engineering,UPI,Mumbai,False
TX000885,EMP001,Aarav,2026-07-22,CloudWorks,Travel,6468.95,Manager B,Engineering,Card,Bengaluru,False
TX000886,EMP002,Meera,2026-03-22,CloudWorks,Travel,20533.61,Manager A,Finance,UPI,Varanasi,False
TX000887,EMP004,Ishita,2026-04-12,TechSupply,Software,17824.33,Manager A,Operations,Bank Transfer,Mumbai,False
TX000888,EMP005,Rohan,2026-02-06,TechSupply,Travel,17781.8,Manager B,Operations,UPI,Mumbai,False
TX000889,EMP001,Aarav,2026-08-06,OfficeMart,Travel,278249.8995629916,Manager A,Finance,UPI,Delhi,True
TX000890,EMP001,Aarav,2026-06-07,EquipHub,Office,13182.18,Manager B,Operations,Bank Transfer,Varanasi,False
TX000891,EMP003,Kabir,2026-04-21,EquipHub,Equipment,19205.93,Manager B,Finance,Bank Transfer,Varanasi,False
TX000892,EMP004,Ishita,2026-03-09,OfficeMart,Office,22848.9,Manager B,Finance,UPI,Bengaluru,False
TX000893,EMP005,Rohan,2026-05-06,TechSupply,Equipment,23666.01,Manager B,Finance,Card,Delhi,False
TX000894,EMP001,Aarav,2026-03-27,OfficeMart,Software,13547.48,Manager A,Operations,Card,Varanasi,False
TX000895,EMP003,Kabir,2026-01-05,CloudWorks,Travel,17213.53,Manager B,Engineering,Card,Mumbai,False
TX000896,EMP003,Kabir,2026-04-06,EquipHub,Office,15886.36,Manager A,Operations,Card,Delhi,False
TX000897,EMP004,Ishita,2026-05-22,EquipHub,Equipment,21468.66,Manager B,Finance,Bank Transfer,Mumbai,False
TX000898,EMP002,Meera,2026-03-14,EquipHub,Software,24478.51,Manager B,Operations,UPI,Mumbai,False
TX000899,EMP004,Ishita,2026-01-21,EquipHub,Equipment,21868.46,Manager B,Operations,Bank Transfer,Bengaluru,False
TX000900,EMP001,Aarav,2026-05-14,EquipHub,Travel,11469.64,Manager B,Finance,UPI,Bengaluru,False
TX000901,EMP004,Ishita,2026-07-04,CloudWorks,Travel,11656.93,Manager B,Engineering,Bank Transfer,Bengaluru,False
TX000902,EMP001,Aarav,2026-01-22,TravelDesk,Equipment,23172.96,Manager B,Finance,Card,Delhi,False
TX000903,EMP005,Rohan,2026-01-12,TravelDesk,Equipment,17462.51,Manager B,Engineering,Card,Delhi,False
TX000904,EMP003,Kabir,2026-03-07,TechSupply,Software,7050.5,Manager A,Operations,Bank Transfer,Delhi,False
TX000905,EMP002,Meera,2026-01-17,TechSupply,Office,22545.49,Manager A,Operations,Bank Transfer,Delhi,False
TX000906,EMP001,Aarav,2026-06-29,TravelDesk,Travel,18518.68,Manager A,Finance,Bank Transfer,Bengaluru,False
TX000907,EMP004,Ishita,2026-08-26,OfficeMart,Software,16268.98,Manager B,Operations,Card,Mumbai,False
TX000908,EMP003,Kabir,2026-06-08,TechSupply,Office,19679.75,Manager B,Engineering,UPI,Bengaluru,False
TX000909,EMP003,Kabir,2026-03-14,EquipHub,Office,19927.82,Manager B,Engineering,Bank Transfer,Varanasi,False
TX000910,EMP005,Rohan,2026-02-15,EquipHub,Office,15498.69,Manager B,Engineering,Bank Transfer,Mumbai,False
TX000911,EMP004,Ishita,2026-06-12,EquipHub,Equipment,21546.17,Manager B,Operations,UPI,Bengaluru,False
TX000912,EMP003,Kabir,2026-07-04,TravelDesk,Equipment,19748.48,Manager A,Engineering,Card,Varanasi,False
TX000913,EMP005,Rohan,2026-02-26,EquipHub,Travel,30162.6,Manager A,Finance,Bank Transfer,Mumbai,False
TX000914,EMP001,Aarav,2026-08-23,TechSupply,Office,14579.1,Manager B,Finance,Card,Delhi,False
TX000915,EMP003,Kabir,2026-05-30,CloudWorks,Equipment,17128.83,Manager A,Engineering,Bank Transfer,Bengaluru,False
TX000916,EMP004,Ishita,2026-03-19,EquipHub,Office,26513.66,Manager B,Finance,Card,Varanasi,False
TX000917,EMP001,Aarav,2026-07-27,OfficeMart,Travel,24497.3,Manager B,Engineering,UPI,Delhi,False
TX000918,EMP003,Kabir,2026-03-10,TravelDesk,Travel,18983.94,Manager B,Engineering,Bank Transfer,Bengaluru,False
TX000919,EMP002,Meera,2026-02-21,CloudWorks,Travel,24854.7,Manager B,Operations,Bank Transfer,Mumbai,False
TX000920,EMP004,Ishita,2026-05-30,EquipHub,Software,24712.06,Manager A,Finance,Card,Delhi,False
TX000921,EMP002,Meera,2026-03-07,CloudWorks,Software,26235.52,Manager B,Finance,UPI,Bengaluru,False
TX000922,EMP005,Rohan,2026-01-13,OfficeMart,Travel,28588.86,Manager A,Finance,UPI,Mumbai,False
TX000923,EMP003,Kabir,2026-02-18,OfficeMart,Software,19953.64,Manager A,Finance,Bank Transfer,Delhi,False
TX000924,EMP003,Kabir,2026-08-27,OfficeMart,Office,24143.34,Manager B,Finance,UPI,Delhi,False
TX000925,EMP002,Meera,2026-07-22,TravelDesk,Office,23388.26,Manager B,Finance,Bank Transfer,Delhi,False
TX000926,EMP004,Ishita,2026-07-28,OfficeMart,Office,20819.94,Manager B,Engineering,Bank Transfer,Mumbai,False
TX000927,EMP002,Meera,2026-06-14,TravelDesk,Software,22150.12,Manager A,Finance,Bank Transfer,Bengaluru,False
TX000928,EMP001,Aarav,2026-04-09,EquipHub,Software,24748.99,Manager A,Operations,UPI,Delhi,False
TX000929,EMP004,Ishita,2026-02-07,EquipHub,Office,15595.56,Manager B,Finance,Card,Bengaluru,False
TX000930,EMP004,Ishita,2026-02-04,TravelDesk,Office,1561.82,Manager B,Finance,UPI,Varanasi,False
TX000931,EMP004,Ishita,2026-08-15,TechSupply,Equipment,22675.57,Manager A,Operations,UPI,Varanasi,False
TX000932,EMP002,Meera,2026-03-25,TechSupply,Software,21868.24,Manager A,Operations,UPI,Bengaluru,False
TX000933,EMP001,Aarav,2026-04-24,TravelDesk,Travel,5369.98,Manager B,Operations,Bank Transfer,Delhi,False
TX000934,EMP002,Meera,2026-06-10,OfficeMart,Software,20892.37,Manager A,Engineering,UPI,Varanasi,False
TX000935,EMP003,Kabir,2026-08-23,CloudWorks,Software,29009.61,Manager B,Engineering,Card,Mumbai,False
TX000936,EMP005,Rohan,2026-03-13,TravelDesk,Software,29275.38,Manager A,Finance,Card,Delhi,False
TX000937,EMP003,Kabir,2026-07-10,TechSupply,Travel,24542.71,Manager A,Operations,Bank Transfer,Bengaluru,False
TX000938,EMP001,Aarav,2026-02-16,TravelDesk,Travel,31342.75,Manager A,Engineering,Bank Transfer,Mumbai,False
TX000939,EMP003,Kabir,2026-04-18,CloudWorks,Software,19305.96,Manager B,Engineering,UPI,Mumbai,False
TX000940,EMP004,Ishita,2026-03-22,TechSupply,Software,17407.33,Manager A,Engineering,UPI,Delhi,False
TX000941,EMP001,Aarav,2026-03-17,OfficeMart,Software,16695.1,Manager B,Finance,UPI,Varanasi,False
TX000942,EMP002,Meera,2026-06-29,OfficeMart,Office,23545.29,Manager A,Finance,Card,Bengaluru,False
TX000943,EMP003,Kabir,2026-02-20,TravelDesk,Equipment,31037.01,Manager A,Finance,Bank Transfer,Mumbai,False
TX000944,EMP002,Meera,2026-01-09,TravelDesk,Travel,13799.98,Manager A,Operations,UPI,Mumbai,False
TX000945,EMP005,Rohan,2026-02-17,OfficeMart,Software,21879.42,Manager A,Engineering,UPI,Varanasi,False
TX000946,EMP002,Meera,2026-05-11,CloudWorks,Equipment,16367.3,Manager A,Finance,UPI,Varanasi,False
TX000947,EMP002,Meera,2026-05-01,TravelDesk,Equipment,19746.17,Manager B,Engineering,Card,Delhi,False
TX000948,EMP004,Ishita,2026-03-07,OfficeMart,Travel,18582.5,Manager B,Finance,Bank Transfer,Bengaluru,False
TX000949,EMP001,Aarav,2026-06-04,CloudWorks,Office,295466.2127281323,Manager A,Engineering,UPI,Mumbai,True
TX000950,EMP004,Ishita,2026-01-18,TravelDesk,Office,14330.4,Manager B,Finance,UPI,Bengaluru,False
TX000951,EMP003,Kabir,2026-03-16,EquipHub,Equipment,35124.25,Manager A,Engineering,Bank Transfer,Varanasi,False
TX000952,EMP005,Rohan,2026-07-28,CloudWorks,Travel,15277.99,Manager A,Finance,Card,Bengaluru,False
TX000953,EMP003,Kabir,2026-04-28,CloudWorks,Software,20909.1,Manager B,Operations,Bank Transfer,Delhi,False
TX000954,EMP002,Meera,2026-02-13,TravelDesk,Software,14362.62,Manager B,Operations,Bank Transfer,Varanasi,False
TX000955,EMP003,Kabir,2026-04-15,TravelDesk,Office,16271.63,Manager A,Engineering,Bank Transfer,Varanasi,False
TX000956,EMP005,Rohan,2026-06-25,CloudWorks,Travel,18829.97,Manager A,Engineering,Bank Transfer,Bengaluru,False
TX000957,EMP001,Aarav,2026-05-05,EquipHub,Travel,15541.28,Manager A,Operations,Bank Transfer,Delhi,False
TX000958,EMP001,Aarav,2026-01-04,CloudWorks,Travel,26474.74,Manager B,Engineering,UPI,Bengaluru,False
TX000959,EMP002,Meera,2026-06-21,TravelDesk,Travel,21610.15,Manager A,Operations,UPI,Delhi,False
TX000960,EMP002,Meera,2026-04-07,EquipHub,Software,15159.52,Manager B,Operations,UPI,Varanasi,False
TX000961,EMP001,Aarav,2026-05-23,OfficeMart,Travel,14702.81,Manager B,Operations,Card,Delhi,False
TX000962,EMP004,Ishita,2026-07-18,TravelDesk,Office,21724.28,Manager B,Finance,UPI,Mumbai,False
TX000963,EMP001,Aarav,2026-07-30,CloudWorks,Software,17860.33,Manager B,Engineering,Card,Delhi,False
TX000964,EMP001,Aarav,2026-03-14,OfficeMart,Travel,21949.11,Manager A,Finance,UPI,Varanasi,False
TX000965,EMP001,Aarav,2026-02-18,OfficeMart,Equipment,6555.77,Manager A,Finance,UPI,Mumbai,False
TX000966,EMP001,Aarav,2026-08-16,CloudWorks,Travel,24879.55,Manager B,Finance,Bank Transfer,Delhi,False
TX000967,EMP005,Rohan,2026-05-02,TechSupply,Software,19529.76,Manager B,Operations,UPI,Bengaluru,False
TX000968,EMP005,Rohan,2026-01-28,TechSupply,Office,13696.02,Manager A,Engineering,UPI,Bengaluru,False
TX000969,EMP002,Meera,2026-04-15,TravelDesk,Travel,11423.01,Manager A,Engineering,UPI,Bengaluru,False
TX000970,EMP002,Meera,2026-05-14,TravelDesk,Travel,14078.12,Manager A,Engineering,UPI,Delhi,False
TX000971,EMP003,Kabir,2026-02-05,CloudWorks,Travel,29638.17,Manager A,Engineering,UPI,Varanasi,False
TX000972,EMP001,Aarav,2026-07-22,OfficeMart,Travel,11011.34,Manager B,Engineering,Bank Transfer,Varanasi,False
TX000973,EMP002,Meera,2026-02-24,TravelDesk,Software,17956.96,Manager B,Finance,UPI,Bengaluru,False
TX000974,EMP002,Meera,2026-04-26,EquipHub,Travel,12164.11,Manager B,Operations,UPI,Varanasi,False
TX000975,EMP004,Ishita,2026-04-30,EquipHub,Office,14898.76,Manager B,Operations,Card,Bengaluru,False
TX000976,EMP005,Rohan,2026-05-18,TravelDesk,Office,20071.47,Manager A,Operations,Bank Transfer,Mumbai,False
TX000977,EMP004,Ishita,2026-01-29,OfficeMart,Software,24398.32,Manager B,Operations,UPI,Delhi,False
TX000978,EMP001,Aarav,2026-07-15,TravelDesk,Equipment,25077.04,Manager A,Engineering,UPI,Delhi,False
TX000979,EMP004,Ishita,2026-02-08,TravelDesk,Equipment,23256.06,Manager B,Engineering,Card,Delhi,False
TX000980,EMP005,Rohan,2026-02-21,TechSupply,Travel,31861.85,Manager A,Finance,Bank Transfer,Varanasi,False
TX000981,EMP005,Rohan,2026-06-01,TechSupply,Software,17679.9,Manager A,Engineering,Bank Transfer,Mumbai,False
TX000982,EMP004,Ishita,2026-03-29,EquipHub,Travel,31285.26,Manager B,Finance,Bank Transfer,Varanasi,False
TX000983,EMP002,Meera,2026-01-13,CloudWorks,Equipment,15966.1,Manager B,Engineering,Bank Transfer,Varanasi,False
TX000984,EMP001,Aarav,2026-05-23,EquipHub,Travel,17284.29,Manager B,Operations,Bank Transfer,Mumbai,False
TX000985,EMP002,Meera,2026-06-28,EquipHub,Equipment,8316.17,Manager B,Finance,UPI,Mumbai,False
TX000986,EMP003,Kabir,2026-07-26,OfficeMart,Software,7911.71,Manager B,Operations,Card,Mumbai,False
TX000987,EMP004,Ishita,2026-02-08,TravelDesk,Office,13983.33,Manager A,Finance,Bank Transfer,Mumbai,False
TX000988,EMP001,Aarav,2026-03-30,TravelDesk,Office,25414.2,Manager B,Engineering,Bank Transfer,Bengaluru,False
TX000989,EMP005,Rohan,2026-01-17,CloudWorks,Equipment,18792.86,Manager B,Engineering,Bank Transfer,Delhi,False
TX000990,EMP001,Aarav,2026-04-22,CloudWorks,Equipment,11204.65,Manager A,Operations,Card,Varanasi,False
TX000991,EMP004,Ishita,2026-02-23,CloudWorks,Office,23571.72,Manager A,Finance,Card,Delhi,False
TX000992,EMP004,Ishita,2026-06-01,TechSupply,Equipment,14603.36,Manager A,Finance,Bank Transfer,Mumbai,False
TX000993,EMP002,Meera,2026-07-25,TravelDesk,Software,21082.01,Manager B,Engineering,Card,Mumbai,False
TX000994,EMP005,Rohan,2026-02-10,EquipHub,Software,25621.81,Manager B,Engineering,Bank Transfer,Mumbai,False
TX000995,EMP003,Kabir,2026-06-09,CloudWorks,Office,21632.01,Manager B,Finance,Bank Transfer,Delhi,False
TX000996,EMP004,Ishita,2026-07-05,EquipHub,Travel,21356.36,Manager B,Engineering,Card,Mumbai,False
TX000997,EMP004,Ishita,2026-05-08,EquipHub,Travel,11196.55,Manager B,Finance,Card,Delhi,False
TX000998,EMP005,Rohan,2026-05-02,TravelDesk,Travel,230695.35511614077,Manager B,Engineering,Bank Transfer,Varanasi,True
TX000999,EMP002,Meera,2026-07-21,TravelDesk,Travel,20423.54,Manager A,Engineering,Card,Bengaluru,False
TX001000,EMP004,Ishita,2026-04-15,CloudWorks,Travel,24710.37,Manager B,Finance,Card,Mumbai,False
